station,E,N,z_ground_ft,H_axis,slope_us_deg,slope_ds_deg,rcc_area,rcc_toe_us,rcc_toe_ds,rcc_base,rcc_Hmax,rcc_us_wedge,rcc_closes,cfrd_area,cfrd_toe_us,cfrd_toe_ds,cfrd_base,cfrd_Hmax,cfrd_us_wedge,cfrd_closes,ecrd_area,ecrd_toe_us,ecrd_toe_ds,ecrd_base,ecrd_Hmax,ecrd_us_wedge,ecrd_closes,rockfill_area,rockfill_toe_us,rockfill_toe_ds,rockfill_base,rockfill_Hmax,rockfill_us_wedge,rockfill_closes
0.0,685936.8391407859,4355885.185807813,3700.000417085263,128.01587287241182,36.33361794151675,29.109939848831633,12644.550084555935,4.0,-165.0,169.0,130.29329038401738,482.98921773172924,True,38011.89437095264,92.0,-375.0,467.0,131.67351076172918,6020.30441522189,True,51076.439438190886,107.0,-421.0,528.0,136.66686375531685,6945.456426162732,True,44833.692915545704,97.0,-398.0,495.0,133.69280949272456,6370.979383262668,True
9.983741519369907,685936.8479882609,4355895.169545412,3700.354587502752,127.90792172916122,35.85333498976014,29.200284019804304,12662.41071484596,4.0,-166.0,170.0,130.0674971269682,483.1058230846925,True,38412.45894127858,92.0,-374.0,466.0,131.55107561117347,6055.584668370944,True,51502.78345488958,108.0,-422.0,530.0,136.70908557952612,6990.013824671591,True,45228.57700494277,98.0,-399.0,497.0,133.65114855932052,6408.829038986269,True
19.967483037808492,685936.856835736,4355905.15328301,3701.100858113968,127.68045844686253,35.480845061167905,29.750931701487872,12725.058426992226,4.0,-168.0,172.0,129.8181575705853,481.85702293786994,True,38932.5168740349,92.0,-374.0,466.0,131.1358899795141,6056.232687822495,True,52164.220977810925,108.0,-426.0,534.0,137.07780558402646,6998.089755115618,True,45797.49434975159,98.0,-401.0,499.0,133.57416375892717,6410.996436168289,True
29.9512245571784,685936.865683211,4355915.137020609,3701.905727157004,127.43513436254511,35.084387801881405,30.333595364968172,12853.009228780244,4.0,-172.0,176.0,129.5881497355997,480.9765723806479,True,39701.82327798425,93.0,-377.0,470.0,130.88165295709405,6047.629403006949,True,53152.71868725534,109.0,-429.0,538.0,137.3115997191967,7002.981546275138,True,46676.13071156746,99.0,-405.0,504.0,133.69582180957514,6406.93333777137,True
39.934966075616984,685936.8745306861,4355925.1207582075,3702.479990755855,127.26009881761547,34.42955615912054,30.86694457293586,13029.702885122711,4.0,-175.0,179.0,129.46223193328933,480.6368981492817,True,40475.13771920436,94.0,-380.0,474.0,130.91939826536577,6049.673202712487,True,54190.06643885043,112.0,-433.0,545.0,137.24005490044738,7046.9506868615845,True,47578.45930397505,101.0,-408.0,509.0,133.44996001712298,6420.274723914878,True
49.91870759498689,685936.8833781611,4355935.104495807,3700.3347297055607,127.91397438574518,34.57417742951884,32.28031415079676,13780.758740554524,4.0,-188.0,192.0,130.0302069029151,482.8817249590759,True,43643.3165379112,94.0,-400.0,494.0,131.5583479537811,6083.706403297744,True,58847.43657544849,111.0,-460.0,571.0,138.80907684082285,7068.9304920092345,True,51521.52801351711,100.0,-431.0,531.0,133.87082768707978,6452.818737661486,True
59.841422799879275,685939.5912457284,4355944.650580359,3701.492532442961,127.56107611138555,34.49560101995259,34.384709887470954,14314.41633586926,4.0,-194.0,198.0,129.67374135731347,481.19886399460097,True,46241.94189227601,93.0,-429.0,522.0,132.23234877894424,6046.722922101094,True,64949.08032941539,110.0,-525.0,635.0,142.58971662477848,7019.6753207518,True,55542.164582046404,100.0,-492.0,592.0,137.30991407419424,6413.011009714206,True
69.82516431859706,685942.7376777454,4355954.125550558,3698.6159253363558,128.43786595747883,35.0591469762877,31.242052590849905,13587.055856198887,4.0,-186.0,190.0,130.60532186200726,484.7436232643379,True,44974.68509567529,93.0,-432.0,525.0,133.02896844640918,6018.521646704414,True,64489.896043398265,110.0,-535.0,645.0,139.47746929822802,6991.9251836184,True,54630.583178010755,100.0,-508.0,608.0,136.22073167220128,6383.460733729276,True
79.8089058382354,685945.8841097625,4355963.600520758,3695.4471243845537,129.4037164875881,34.527932978604746,28.479556686259997,13019.684451310186,4.0,-180.0,184.0,131.57826563922026,488.81598135734953,True,44398.063153599265,95.0,-432.0,527.0,132.76743666515358,6141.498345458553,True,64047.77678127521,113.0,-535.0,648.0,136.26199241526092,7159.789700149444,True,54141.011479023786,102.0,-509.0,611.0,134.18594925282832,6522.218401956665,True
89.70310341164608,685948.6915088665,4355973.08807344,3699.848532937877,128.06216716053518,32.94007636581343,32.47887435765976,14169.14560545101,4.0,-193.0,197.0,130.101084930051,483.48121468011345,True,43984.95329151729,97.0,-402.0,499.0,131.43912924151846,6238.450798163833,True,59273.97940060748,115.0,-457.0,572.0,139.64715010624718,7306.275614587163,True,51931.67203417196,104.0,-431.0,535.0,133.6904127345697,6637.2598085735535,True
99.68684493004608,685946.2560517038,4355982.770203532,3699.951871017649,128.03066971382054,32.98335607950169,29.832851751843023,12787.959752072704,4.0,-171.0,175.0,130.11097037715194,483.3799346395035,True,36891.21758449016,96.0,-392.0,488.0,131.81744199843706,6084.659590080944,True,51100.62967115482,118.0,-434.0,552.0,136.76074480633815,7155.628392384489,True,44338.2550771566,103.0,-414.0,517.0,133.90299436811483,6477.278900309528,True
109.6243024581758,685942.3829501976,4355991.9218234345,3700.5769110123165,127.8401575234459,29.31422104327183,30.08438790427341,12742.51019123105,4.0,-168.0,172.0,130.05834134484235,482.4811003540708,True,35234.36931118384,103.0,-390.0,493.0,132.04945958207531,6326.204101288814,True,49665.64806750271,130.0,-439.0,569.0,138.32414243516405,7609.678629732384,True,42692.12363385678,112.0,-414.0,526.0,135.15005040441838,6785.777075378701,True
119.60804397708101,685937.9453653591,4356000.86514136,3700.165908357786,127.96543113254688,26.54193803113325,32.49782293909288,13091.204705568569,4.0,-170.0,174.0,129.969003561421,483.2808433376406,True,36102.73055205896,110.0,-390.0,500.0,132.2608637534804,6686.082353265331,True,50645.47955870213,136.0,-438.0,574.0,140.59053011603987,8139.545092155029,True,43613.4697990218,120.0,-413.0,533.0,136.41336217242633,7215.207469681693,True
129.59178549682048,685933.5077805206,4356009.808459287,3699.6268838838287,128.129725792209,23.595196672492044,34.63097150316343,13529.172992088039,4.0,-173.0,177.0,130.18437819168162,483.8515088240615,True,37838.83659586079,114.0,-390.0,504.0,131.75376956528658,7050.6777117600295,True,52623.27968953851,139.0,-440.0,579.0,143.04422780764457,8602.004366244015,True,45449.32293014389,124.0,-416.0,540.0,137.45084988759572,7622.231811117965,True
139.5755270157257,685929.0701956821,4356018.751777212,3700.3333397429724,127.91439804634206,24.907593366646093,34.547214989410676,14530.876479282917,4.0,-187.0,191.0,130.4407337256057,482.6317708218362,True,42999.38097045738,112.0,-380.0,492.0,131.63467076563188,7098.642780749837,True,57048.50075404516,137.0,-428.0,565.0,146.55784607914393,8595.243453260831,True,50227.80774510854,122.0,-405.0,527.0,137.94673496803284,7648.8574005888995,True
149.52449944622302,685927.256878338,4356028.534104779,3700.089980371805,127.98857398267387,29.691064549851767,30.33120442009731,13392.068310620849,4.0,-194.0,198.0,129.68478774527398,483.9835014519556,True,46885.52846437994,103.0,-412.0,515.0,130.74658651989466,6766.869354930507,True,64629.78364309347,123.0,-496.0,619.0,143.98532141375688,7984.482207167644,True,55963.04563009043,111.0,-469.0,580.0,130.74658651989466,7220.5572402910875,True
158.95631077889945,685930.5668480042,4356037.366044873,3702.343191105869,127.30179535093112,26.810517484343237,29.467792973551823,12918.591151445778,4.0,-195.0,199.0,128.92001611793398,481.74312518450506,True,50822.49572388944,108.0,-467.0,575.0,129.91400083548228,6951.378952730723,True,71760.34025058389,131.0,-541.0,672.0,149.9011107841585,8321.324047996219,True,61601.713638139496,117.0,-505.0,622.0,129.91400083548228,7453.726812649946,True
168.9400522977559,685935.9781426818,4356045.756097592,3700.691756209961,127.80515270720389,26.669398934730282,30.394946346617562,13469.895817107252,4.0,-198.0,202.0,129.64859213548743,483.2781179312367,True,53756.63916839773,108.0,-501.0,609.0,130.86042656353266,6851.83667778048,True,78164.23484707961,133.0,-593.0,726.0,154.59236537125344,8243.509776973988,True,66174.86534467059,118.0,-543.0,661.0,130.95011735926732,7358.893973204345,True
178.92379381661235,685941.3894373593,4356054.146150311,3699.853991564333,128.06050337119132,29.010059734320976,29.92565337986836,13258.738361040421,4.0,-191.0,195.0,129.8807099004755,484.1823664138981,True,53412.84354285529,104.0,-510.0,614.0,131.08833247512666,6585.736526728708,True,78315.09348090243,128.0,-595.0,723.0,155.31867969141376,7865.1508345237435,True,66141.79753940618,113.0,-553.0,666.0,131.37397501023906,7052.366887553524,True
188.9075353355319,685946.8007320369,4356062.5362030305,3700.0216244979974,128.00940885301043,31.59876347661748,29.03719880691745,13090.591274246508,4.0,-191.0,195.0,129.99363566112993,483.842806614598,True,52286.03964126747,100.0,-495.0,595.0,131.23592767214927,6357.864706263087,True,75940.41002306878,121.0,-592.0,713.0,154.2731597455138,7504.30907902109,True,64406.48154989284,107.0,-538.0,645.0,131.26030661211394,6780.611108367519,True
198.86698949104567,685951.3081607611,4356071.4172960585,3699.0344732874273,128.3102925419921,32.326672027003994,28.530497878722848,13049.499900682236,4.0,-194.0,198.0,130.1511180627797,484.98504249155894,True,51413.65604808091,99.0,-475.0,574.0,131.42604164459613,6351.343728119471,True,73258.07303940628,118.0,-558.0,676.0,153.95829374518553,7451.632497750123,True,62668.13447750347,105.0,-521.0,626.0,131.42604164459613,6761.660018130576,True
208.85073100992474,685955.4018234821,4356080.523174393,3699.082535600572,128.2956431489456,31.30974939343369,29.52553091207952,12911.004895940769,4.0,-187.0,191.0,130.00716423763834,485.2427859636807,True,49856.64046392808,101.0,-471.0,572.0,131.19953717766475,6563.70070478422,True,70284.9000955737,121.0,-532.0,653.0,144.66212397144636,7725.025182298095,True,60553.36957277794,108.0,-500.0,608.0,131.19953717766475,6994.766592768353,True
218.42091059757405,685955.4415367442,4356090.093271581,3698.9147825453197,128.34677428018654,30.729294264046555,25.93123580290699,11860.384561652478,4.0,-171.0,175.0,130.02626706599494,485.59453467862977,True,43417.89240410403,102.0,-425.0,527.0,131.18864825825517,6633.725465794611,True,61096.87574517602,127.0,-515.0,642.0,131.1898138749459,7864.59278273968,True,52270.831537021244,110.0,-456.0,566.0,131.18864825825517,7080.88002323864,True
228.40465211706163,685953.5122833331,4356099.88883568,3700.1304595501174,127.97623592912419,28.820372768926,26.670007255774063,11896.591188894592,4.0,-170.0,174.0,129.72607805280177,483.9999479021494,True,42477.47206296609,106.0,-420.0,526.0,130.8608441360168,6755.836661503717,True,59206.21196170247,133.0,-474.0,607.0,132.33232115134,8115.708698190113,True,51143.17169153865,115.0,-448.0,563.0,130.86283834806977,7242.704066803847,True
238.38839363563545,685951.583029922,4356109.684399777,3701.056009876539,127.69412818963087,27.2567883811131,29.765312801160572,12305.745108900268,4.0,-172.0,176.0,129.34050163389315,483.345965109851,True,43569.58213423718,109.0,-422.0,531.0,130.45492949849722,6896.440031265849,True,60530.786330584815,136.0,-479.0,615.0,133.94917319709543,8327.77425615248,True,52345.60388577963,119.0,-450.0,569.0,130.45492949849722,7413.067367755801,True
248.37213515512303,685949.6537765109,4356119.479963875,3700.0022484623464,128.01531466867687,28.211675505846575,32.26433321724331,13716.507746517214,4.0,-192.0,196.0,129.88209452818478,484.2274389712634,True,48783.93169419654,106.0,-440.0,546.0,131.06079318606567,6891.533016117706,True,68844.42241300488,133.0,-522.0,655.0,150.34607513258106,8252.229276706783,True,59140.196033576714,116.0,-498.0,614.0,131.06079318606567,7382.178232519785,True
258.35445632696025,685951.4441288172,4356129.30042082,3700.8962733150674,127.74281589356747,28.468387998047252,31.38450305628797,13868.366635071356,4.0,-208.0,212.0,129.37587940560752,482.80500420610747,True,53082.35762479766,105.0,-469.0,574.0,130.4574446554343,6817.642464018305,True,74208.48628049676,129.0,-539.0,668.0,148.0618768454151,8114.102886996374,True,64028.14644943882,113.0,-510.0,623.0,130.4574446554343,7290.479038992912,True
268.2918287957303,685953.4739711449,4356139.0282731885,3700.220993388136,127.94864121529622,27.820939039648263,31.41202308749745,13991.991372967253,4.0,-208.0,212.0,129.75909818385003,483.9188771874692,True,57118.53952322542,106.0,-491.0,597.0,130.94758633519768,6889.260856413175,True,80356.2396869824,129.0,-578.0,707.0,169.93143829322844,8200.593505264116,True,68950.86466057034,114.0,-532.0,646.0,143.47310495989518,7372.652940693076,True
278.2755703149407,685958.9391057084,4356147.38335541,3703.121458018072,127.06457959609156,26.547421747788295,31.31318064055904,14006.912019947686,4.0,-206.0,210.0,128.9586952396428,480.21790093297227,True,53513.29463902702,108.0,-550.0,658.0,130.20116704242787,6875.4892825609495,True,81753.24924739612,130.0,-627.0,757.0,142.55272017161042,8227.458068317921,True,68233.33546150348,116.0,-592.0,708.0,130.55884162317977,7375.034627895429,True
288.2593118340874,685964.4042402718,4356155.738437631,3703.1492004262136,127.0561237100901,27.944981796637308,31.933803791927836,13921.734033736966,4.0,-199.0,203.0,128.84304427051893,479.9720922098081,True,52092.047067547566,105.0,-552.0,657.0,130.00069518823034,6680.599438010398,True,80512.41370204718,129.0,-630.0,759.0,139.70538041679333,7979.989688178931,True,66930.40286255181,114.0,-594.0,708.0,130.6776026390155,7157.362865456493,True
298.2430533532978,685969.8693748353,4356164.0935198525,3702.9852219009604,127.10610436458728,29.165252513810177,32.33490178121908,13736.897617558345,4.0,-192.0,196.0,129.12268124425464,480.40172853572244,True,50788.88711397347,103.0,-556.0,659.0,130.50106993270606,6556.438231267441,True,79384.7912533382,127.0,-633.0,760.0,136.97622042098396,7815.329125654699,True,65741.2079373226,112.0,-596.0,708.0,132.23088766776277,7015.830681002677,True
308.2267948717288,685975.3345093988,4356172.448602073,3701.20831393655,127.6477059121396,30.09147097009796,30.92808118072317,13387.26325960009,4.0,-187.0,191.0,129.5656913297555,482.34543422984734,True,49594.262761394275,103.0,-559.0,662.0,130.95664998583766,6509.7700418799095,True,78366.7884757433,127.0,-637.0,764.0,136.218691534674,7757.359068878519,True,64656.09419098699,111.0,-597.0,708.0,132.75077880624372,6963.209427966754,True
318.20181188988164,685980.7272924312,4356180.8401964195,3699.8767350429575,128.0535711589066,30.41868779273025,30.583260296258263,13572.909246794476,4.0,-193.0,197.0,129.99816301612032,484.1961330651186,True,52053.484258889715,103.0,-542.0,645.0,131.31560859586466,6531.295799097374,True,79431.14536224132,126.0,-618.0,744.0,135.37248025915756,7781.002590147943,True,66337.54402870353,111.0,-583.0,694.0,132.1789418932765,6987.404954077044,True
328.1855534089235,685984.2018630995,4356190.199814648,3698.8319774171714,128.37201328324613,31.467329745133163,30.885744860334732,13918.235422444945,4.0,-205.0,209.0,130.4154354581201,485.38626140779706,True,55230.84229544577,101.0,-492.0,593.0,131.77908158839114,6482.999876047947,True,77950.3242001423,121.0,-570.0,691.0,162.01933805376314,7645.868781904879,True,67028.17661260671,108.0,-529.0,637.0,134.44989360931856,6915.426150828852,True
338.00195383001767,685985.7309639627,4356199.896389702,3699.384465629742,128.20361487605464,31.0075576816488,29.95870957150928,13336.647509436241,4.0,-192.0,196.0,130.14585139927112,484.4319375626601,True,51724.319529314846,101.0,-475.0,576.0,131.5359305509362,6474.466161751761,True,73304.05124683066,122.0,-549.0,671.0,147.21021866685464,7655.872674875549,True,62892.773847513694,109.0,-516.0,625.0,132.13998326237493,6912.03567189072,True
347.9856953488389,685985.6065433818,4356209.8793559065,3700.4637755192894,127.8746412217206,29.972859314874423,30.80923738987973,13346.988307918733,4.0,-190.0,194.0,129.87300238732814,483.17668727612204,True,50610.230552322595,103.0,-476.0,579.0,131.20942673931745,6543.631406237731,True,71798.69608570047,124.0,-544.0,668.0,138.79857321419456,7781.968785895115,True,61614.270029896936,111.0,-509.0,620.0,132.51420167881065,7000.4123266788965,True
357.9694368676615,685985.4821228008,4356219.862322111,3701.842121196544,127.45452145929335,29.218899793866676,32.37822099722131,13713.762770618452,4.0,-195.0,199.0,129.42456605744223,481.8031523998884,True,52014.93816831957,104.0,-478.0,582.0,130.88716726187795,6607.382864950178,True,73642.05378850923,126.0,-552.0,678.0,142.62410925482868,7877.558452591905,True,63201.96916059291,113.0,-514.0,627.0,132.24391505895278,7076.112320936692,True
367.9531783864827,685985.3577022199,4356229.845288315,3701.9425583557913,127.42390821315485,28.3992368008273,32.48925843790369,13996.743563031734,4.0,-200.0,204.0,129.18363149239553,481.8489885274198,True,53256.62343012265,106.0,-480.0,586.0,130.5045461362863,6706.119553042258,True,75310.0676945124,127.0,-555.0,682.0,147.03909044987995,8005.245893580088,True,64651.91795809008,114.0,-520.0,634.0,131.6570943311317,7186.676596754664,True
377.93691990530533,685985.2332816388,4356239.828254519,3700.4199734427734,127.88799209464264,28.382432802737267,31.762432747384214,14291.835147382339,4.0,-213.0,217.0,129.66040547385933,483.7822211294563,True,55627.63536126829,106.0,-469.0,575.0,130.9103828232603,6778.481246622667,True,76677.31477314548,127.0,-539.0,666.0,163.31074447301955,8082.51203819841,True,66539.81127574694,114.0,-508.0,622.0,136.66777788304785,7261.291809781485,True
387.8680733660594,685986.7926857534,4356249.636213933,3700.7242862307976,127.79523755685295,28.447009860623915,31.178798076182286,13647.434558215897,4.0,-200.0,204.0,129.57689228441996,483.36660319225257,True,55413.90278511458,106.0,-498.0,604.0,130.84631027490445,6776.628071869877,True,78988.20812731328,127.0,-579.0,706.0,155.34328078313717,8073.706375383517,True,67516.9306924153,114.0,-538.0,652.0,131.18142559486932,7256.96083447264,True
397.85181488524347,685988.9674113294,4356259.38022047,3699.304370562945,128.22802785241424,28.290971530825672,30.923673896199357,13505.603798719858,4.0,-195.0,199.0,129.8754978645254,484.6607488400009,True,53938.26081965199,106.0,-510.0,616.0,131.03559345377244,6813.769347586263,True,78196.13900875789,127.0,-579.0,706.0,146.56550874012044,8111.334495148701,True,66627.14837945181,114.0,-546.0,660.0,131.08848196176655,7294.966675708707,True
407.8355564044529,685991.1421369055,4356269.124227007,3698.7249332074803,128.40464035835998,28.133168371664976,30.81390533204045,13442.4873420566,4.0,-191.0,195.0,130.25586941580218,485.82105199808416,True,53390.353120451975,106.0,-513.0,619.0,131.4601386786078,6869.859967568143,True,77862.09227132573,127.0,-582.0,709.0,145.0381245105698,8166.082995331197,True,66162.71370281992,114.0,-549.0,663.0,131.4601386786078,7352.378122554313,True
417.8192979227281,685993.3168624814,4356278.868233543,3698.201451807181,128.5641974891712,27.943600807453056,30.58618331333105,13310.583299219956,4.0,-188.0,192.0,130.37918126361,486.49082889288957,True,52844.02027319746,106.0,-515.0,621.0,131.56942025052876,6914.419619381571,True,77651.66910484518,126.0,-587.0,713.0,145.5362389835293,8208.61931611599,True,65786.29296232676,114.0,-553.0,667.0,131.56942025052876,7398.288735319171,True
427.8030394419122,685995.4915880574,4356288.61224008,3698.55889781919,128.4552479447109,27.66807305762866,30.25672876279343,13180.97303037126,4.0,-187.0,191.0,130.09964563194353,486.25881982050146,True,52633.67812104258,106.0,-514.0,620.0,131.22930156474308,6927.84543197001,True,77199.52456961802,128.0,-583.0,711.0,144.93721751967678,8228.597785161346,True,65457.92599805272,114.0,-550.0,664.0,131.22930156474308,7412.099500178714,True
437.7392663782337,685997.0437694532,4356298.426481703,3699.9095925594756,128.0435561878719,26.936801142889575,30.35816420562545,13189.68455722056,4.0,-189.0,193.0,129.78463424214897,484.33071443722883,True,53679.20892308793,107.0,-499.0,606.0,130.92736264667224,6932.278263339933,True,77299.72766268434,231.0,-577.0,808.0,150.95222902246246,8541.638556778415,True,65731.35632769205,115.0,-533.0,648.0,130.92736264667224,7421.405896250415,True
447.7230078970066,685997.0947027325,4356308.4100933,3700.2496596741894,127.93990373130714,26.038150621998604,30.406788554540483,13226.362932545939,4.0,-190.0,194.0,129.62564653625327,483.9480160758453,True,53439.35909710309,109.0,-489.0,598.0,130.96289802746765,6999.900226862364,True,78571.37133475638,360.0,-553.0,913.0,160.06700326601538,11108.244934302282,True,65145.849848493104,124.0,-523.0,647.0,132.0808921549043,7530.29603805339,True
457.7067494157795,685997.1456360118,4356318.393704897,3700.1667749321755,127.96516700067286,25.23861619849851,30.4439541781126,13179.465741401598,4.0,-188.0,192.0,129.6686021039916,483.93342196947333,True,53686.86057118621,112.0,-493.0,605.0,130.79958427958763,7055.334268432107,True,80142.89348553868,362.0,-558.0,920.0,156.40599679164563,12245.48545250982,True,65577.10628740967,135.0,-526.0,661.0,130.79958427958763,7646.438778237033,True
467.69049093548307,685997.1965692911,4356328.3773164945,3701.032893655113,127.70117401392145,24.379389321472004,30.483039946458806,13193.470587193064,4.0,-188.0,192.0,129.41812667386966,483.1799220655605,True,53808.20709821125,117.0,-496.0,613.0,130.55983439223314,7128.7516404368625,True,81657.40435474039,361.0,-565.0,926.0,152.57115697426002,13424.288063807206,True,65917.76730233923,158.0,-529.0,687.0,130.55983439223314,7821.638027185507,True
477.67423245425596,685997.2475025704,4356338.360928091,3701.5230754840736,127.55176659245444,23.49796923605664,30.243681623397258,13172.64533521963,4.0,-188.0,192.0,129.30051784135958,482.47601418616546,True,53685.0929572084,124.0,-498.0,622.0,130.45384605937852,7245.977725812404,True,82853.21257518917,360.0,-573.0,933.0,148.81160485987107,14498.462417682678,True,66212.55494199728,228.0,-533.0,761.0,130.45384605937852,8229.251385504673,True
487.65797397302885,685997.2984358497,4356348.344539688,3702.1598562458735,127.35767581625782,22.37231134803046,29.866629641220985,13134.406370619225,4.0,-189.0,193.0,129.09250112842415,481.4020643277429,True,53371.713166262736,134.0,-500.0,634.0,130.20536418050938,7423.371988661482,True,83841.68782202351,355.0,-581.0,936.0,147.67725987518054,15520.903710387465,True,66613.30781369955,272.0,-539.0,811.0,130.20536418050938,8925.062643363442,True
497.64171549180173,685997.349369129,4356358.328151285,3703.266060229363,127.02050484209008,20.95013891224428,29.608469174787523,13111.679791549897,4.0,-191.0,195.0,128.7197825364617,480.36743253798227,True,53241.96870299992,151.0,-503.0,654.0,129.83287401848884,7702.055461232872,True,84699.9111681279,349.0,-578.0,927.0,148.03348610708247,16457.095389599897,True,67390.95687527061,305.0,-545.0,850.0,129.83287401848884,9855.790040095146,True
507.6254570105746,685997.4003024084,4356368.311762881,3703.2613105381147,127.02195254798266,19.221287452851957,29.344747303897705,13130.000411545774,4.0,-195.0,199.0,128.58752905861184,480.62817266774414,True,53746.3324135537,176.0,-509.0,685.0,129.64315651773904,8154.199540886079,True,85865.83514535672,345.0,-575.0,920.0,147.79655770402348,17513.219876528132,True,68709.43680353904,314.0,-544.0,858.0,129.64315651773904,11002.495017116453,True
517.6091985302788,685997.4512356877,4356378.295374479,3701.524689782683,127.55127455423826,19.92200664769207,28.618829226946925,13247.446259762077,4.0,-203.0,207.0,128.98298477500612,482.79898893652785,True,56292.48168666175,151.0,-526.0,677.0,130.05162380065372,8003.384341709249,True,88754.12734462274,361.0,-594.0,955.0,147.97680260618938,16107.564319956247,True,70931.39548342468,261.0,-563.0,824.0,130.05162380065372,9669.906990100575,True
527.3725567589288,685999.8898179377,4356387.749287982,3700.951345812509,127.72602979634735,21.531130868456234,29.798916899251314,13053.018845192646,4.0,-193.0,197.0,129.22097738062098,483.5160530083981,True,59567.8787087548,127.0,-537.0,664.0,130.23144771418856,7659.714107682723,True,91363.39867791423,277.0,-679.0,956.0,173.411609513636,11210.569728030518,True,74549.99569106426,155.0,-607.0,762.0,141.536609513636,8447.183702228545,True
537.3562982773565,686004.0655855116,4356396.817808251,3701.8739863444125,127.44480896222308,21.23087026503963,30.899158790215022,13437.774391637857,4.0,-198.0,202.0,128.81562977654016,482.5442866508058,True,62652.42003918318,126.0,-578.0,704.0,129.88937693655316,7653.501736740627,True,97296.60061860131,246.0,-698.0,944.0,169.55692111123767,10634.208413187578,True,79441.38713575376,149.0,-640.0,789.0,136.29303222234876,8414.987968763027,True
547.3400397966789,686008.2413530856,4356405.886328521,3701.5797547148036,127.53449076292782,19.61613606434352,31.200681508988257,13663.999980572537,4.0,-202.0,206.0,129.0006721758416,482.8525973537219,True,63474.411448815845,135.0,-581.0,716.0,129.93260668740663,7880.394003511539,True,99137.52172435801,268.0,-697.0,965.0,166.54331166051008,11636.273076715599,True,80590.0887897183,169.0,-651.0,820.0,132.72386721606563,8799.36550805049,True
557.3237813160013,686012.4171206596,4356414.9548487915,3700.484085500749,127.86845073937161,18.261736277121365,31.145794929389456,13959.186779763873,4.0,-213.0,217.0,129.21702683291778,484.301689127067,True,64832.54475673121,138.0,-596.0,734.0,130.19999716643542,8061.96161326845,True,101552.52208838475,260.0,-698.0,958.0,162.97832957482728,11755.738708474535,True,83169.62535322964,171.0,-655.0,826.0,133.16370844357664,9018.578805339659,True
567.2509412610582,686017.5021491948,4356423.48074988,3700.8976813920626,127.74238671169928,18.125843590978285,29.90777023324726,13454.84363737989,4.0,-209.0,213.0,129.15379272857376,483.78755028386854,True,61523.567390053904,133.0,-608.0,741.0,130.08868883345417,8044.099523073493,True,98445.0274612304,227.0,-722.0,949.0,148.99924712551228,11015.1279261946,True,79991.79856631634,157.0,-663.0,820.0,131.561234191935,8893.878167907795,True
577.2346827805138,686023.5008172102,4356431.461418822,3701.8346762702076,127.45679067284073,16.23966938376144,28.333351090010524,12729.507368159244,4.0,-198.0,202.0,128.8763688727047,482.3939509576858,True,58031.89044178222,136.0,-618.0,754.0,129.7965471632965,8211.089105683974,True,96426.26369465068,223.0,-746.0,969.0,144.08760685943457,11210.928664165187,True,77171.10344654873,160.0,-673.0,833.0,129.7965471632965,9095.645205182556,True
587.218424299225,686029.4994852255,4356439.442087764,3700.8957551511558,127.74297382992768,12.151743508080074,27.192975741030285,12315.31825138208,4.0,-191.0,195.0,129.1705589321732,483.7356343954639,True,57301.792882983995,146.0,-622.0,768.0,129.93726671235117,8775.635620839501,True,96786.63221447758,242.0,-749.0,991.0,145.70130652796036,12386.115747563686,True,76793.36938704524,176.0,-677.0,853.0,129.93726671235117,9834.369884840527,True
597.2021658178663,686035.4981532408,4356447.422756705,3700.962564135862,127.7226104513893,18.551722905452976,22.124252833242316,10773.199670102378,4.0,-156.0,160.0,129.37257341221675,483.63747752185304,True,36293.02226264031,124.0,-654.0,778.0,130.25537572097392,8008.840333372686,True,,161.0,,,,,False,57752.25022607115,137.0,-738.0,875.0,130.25537572097392,8700.151829621602,True
606.0049342343082,686044.1029165977,4356449.279307099,3701.303772769658,127.61861005980836,10.660195974948225,32.662002990207775,13777.587045867895,4.0,-201.0,205.0,129.1092182175696,482.92358610703695,True,48070.585902120685,158.0,-401.0,559.0,130.17944869961116,9359.333109782649,True,66567.47577645596,215.0,-474.0,689.0,152.84629934770146,12798.490172111342,True,57142.142142561555,179.0,-447.0,626.0,133.61018823659037,10541.520158206968,True
615.8424680898274,686053.3114829294,4356445.818183225,3700.496737454844,127.86459442376349,2.965173688049119,37.19547105276929,17323.65496994282,4.0,-225.0,229.0,130.0344551602052,483.03855073512636,True,47943.67050674674,200.0,-325.0,525.0,143.65137269144589,11250.80714157734,True,63998.843013435224,305.0,-384.0,689.0,173.96883300890613,17890.419065713242,True,54857.886381034376,239.0,-350.0,589.0,160.70494412001722,13254.485802698331,True
625.8262096088185,686062.1541632813,4356441.183304703,3698.7505110898614,128.3968442198102,3.2947794419760057,37.29680559757062,17096.22081690722,4.0,-214.0,218.0,130.39598481815983,483.5663867861783,True,46448.936406880035,202.0,-317.0,519.0,139.93540153984213,10986.708624877907,True,62245.835313750125,314.0,-362.0,676.0,169.45921106365176,17991.121538595107,True,53191.96347091475,249.0,-340.0,589.0,156.54254439698502,13080.211084778595,True
635.8099511278097,686070.9968436332,4356436.548426181,3698.4446266896475,128.4900777849955,6.3373961245264585,37.06922984729435,16895.101054950195,4.0,-212.0,216.0,130.81290978943252,484.95681242542037,True,45019.08190481602,192.0,-315.0,507.0,137.3355582075951,10132.567084233364,True,60055.07552943197,303.0,-359.0,662.0,166.14789931751534,16489.056485022476,True,51474.866511659246,231.0,-338.0,569.0,153.16178820640425,11988.370498149703,True
645.7936926469039,686079.8395239853,4356431.913547659,3698.1332807352105,128.5849760319079,9.55559248711737,36.66416756563989,16598.144281937282,4.0,-209.0,213.0,130.71705060094496,485.42369237618595,True,43643.58364182726,182.0,-315.0,497.0,135.69874110884484,9420.073619277242,True,57942.27490000095,293.0,-357.0,650.0,163.90790038263503,15121.850370592452,True,49849.11456730233,215.0,-336.0,551.0,150.92178927152395,11062.687745638736,True
655.777434165895,686088.6822043372,4356427.2786691375,3699.6875663954916,128.11122976265415,13.667985083551127,36.38523351729129,16399.58093534612,4.0,-209.0,213.0,130.35854866160116,483.8963528518577,True,42584.14273232489,167.0,-315.0,482.0,134.74674517330368,8574.678021572032,True,55742.92678029551,272.0,-357.0,629.0,163.19997572978468,13112.735632302583,True,48511.00625907752,194.0,-337.0,531.0,150.28330906311794,9929.4463146655,True
665.7278984816331,686097.8153139729,4356423.329232661,3700.4246193660956,127.88657601721411,18.278222439264034,36.312016132908354,16441.588661994007,4.0,-211.0,215.0,130.15355717449302,482.96887966455324,True,42227.308982405084,146.0,-317.0,463.0,134.57345359166823,7745.98556575453,True,54234.49808483932,218.0,-364.0,582.0,164.31238991459077,10908.370782205347,True,47923.95326259954,169.0,-341.0,510.0,151.2698821630969,8775.471750946597,True
675.7116400007973,686107.2960680882,4356420.200271791,3699.250608720212,128.24441446207948,21.834503485557715,36.12492368936475,16360.420689880935,4.0,-211.0,215.0,130.41868233058858,483.98485943272,True,41716.349676774626,134.0,-318.0,452.0,134.57953937006812,7258.5082360226825,True,53236.82171191754,191.0,-368.0,559.0,164.26207905260787,9842.26924555737,True,47274.591220769114,155.0,-343.0,498.0,151.2759679414968,8112.715241379008,True
685.695381519559,686116.7768222033,4356417.071310922,3700.138480208972,127.9737912323053,24.292673660415442,35.59196557300574,16095.174107499035,4.0,-208.0,212.0,130.13443970230355,483.3425005405177,True,40711.01492268026,127.0,-316.0,443.0,135.20692175832596,6965.134783406427,True,51771.79839142741,181.0,-362.0,543.0,164.1267632095528,9269.858342748525,True,46091.28630310957,146.0,-339.0,485.0,151.45692175832596,7722.988958077711,True
695.6791230387231,686126.2575763186,4356413.942350051,3700.1672087882594,127.96503476133853,25.977928889053075,35.07237499565478,15839.859023099048,4.0,-203.0,207.0,130.09033199053806,483.3353890449432,True,39456.93691757393,122.0,-311.0,433.0,135.84581651422627,6799.270929751265,True,50113.38110130546,177.0,-355.0,532.0,162.98867365708338,8951.21037948207,True,44667.53525158693,141.0,-334.0,475.0,151.11367365708338,7499.5498726422275,True
705.6073439837247,686135.4877241597,4356410.285309996,3700.4374979101262,127.8826506369935,25.66495068573162,34.70640529460671,14996.108345336677,4.0,-188.0,192.0,130.08173739020026,482.9440377605504,True,36099.72382976547,126.0,-302.0,428.0,131.8080033632,6854.667193202833,True,46391.982505797714,191.0,-341.0,532.0,154.73032795763152,9276.869300539958,True,41046.13403614462,148.0,-322.0,470.0,144.4525501798537,7621.125927019308,True
715.5910855026166,686143.9070011899,4356404.919597648,3702.2302259734483,127.33622712329293,25.6152568967232,34.19920147844785,14433.291149419874,4.0,-178.0,182.0,129.50819969262284,480.9259391541218,True,33143.14066123039,128.0,-272.0,400.0,130.9093103850471,6801.997754838806,True,43168.977610035174,203.0,-334.0,537.0,150.36235048763865,9411.825754784413,True,37816.95836247211,153.0,-316.0,469.0,140.1540171543054,7604.250641782598,True
725.5748270215084,686152.32627822,4356399.5538853,3703.324524380365,127.00268496886474,27.368359237827992,34.08597600357939,14279.1568904956,4.0,-176.0,180.0,129.02128669275794,479.5554896528945,True,32266.3897264281,119.0,-260.0,379.0,130.46393482629946,6560.094551033506,True,41571.43833671873,188.0,-333.0,521.0,148.60075973148378,8822.37370294744,True,36480.0930212079,142.0,-315.0,457.0,138.39242639815052,7252.183571753775,True
735.5585685404003,686160.7455552502,4356394.188172951,3701.432381842578,127.57941001438235,27.79853230617413,34.680526905012165,14213.322602978742,4.0,-171.0,175.0,129.67991517005476,481.50544495704935,True,31195.74246936793,120.0,-242.0,362.0,131.07070608788968,6571.413112067268,True,38998.95215451324,200.0,-306.0,506.0,149.1410055994038,8991.139342636521,True,34638.39086071879,145.0,-264.0,409.0,139.90604228763732,7286.551591925332,True
745.3673988331385,686167.892468281,4356387.469930187,3700.3000039505037,127.92455879588647,26.518901219409454,35.67037824115348,13879.52528540168,4.0,-161.0,165.0,130.0017298375351,482.97618685426323,True,29942.646202450975,133.0,-227.0,360.0,133.67012305746584,6773.727119239789,True,38481.90194863299,311.0,-259.0,570.0,152.0613941571478,10842.775396174306,True,33231.81539683648,168.0,-244.0,412.0,144.00583860159213,7696.533081188194,True
755.3511403519437,686173.7619642589,4356379.393785582,3701.87375529633,127.44487938567863,26.712554499730746,35.61947515997021,13478.442424225377,4.0,-158.0,162.0,129.4657012144362,480.97622306659855,True,29019.872109116593,136.0,-221.0,357.0,132.56263801874638,6734.915510793942,True,38342.235338632745,345.0,-251.0,596.0,150.24091489061652,11853.84111739823,True,32231.54963810317,177.0,-237.0,414.0,142.4631371128387,7721.999559721127,True
765.3348818706805,686179.6314602366,4356371.317640977,3702.1099985444157,127.37287244366212,28.61268386826047,35.67080495368717,13368.263033563706,4.0,-156.0,160.0,129.3938733443863,480.69475835022877,True,28500.42822040848,127.0,-219.0,346.0,133.54738866088314,6477.633517730883,True,36881.31682631535,326.0,-249.0,575.0,150.84897596247038,10728.974147428777,True,31540.17586361878,164.0,-235.0,399.0,143.27953151802603,7329.255251037261,True
775.3186233902392,686185.5009562145,4356363.241496371,3701.401881837707,127.58870641586691,30.226986503095286,35.63087056832912,13202.566688575067,4.0,-154.0,158.0,129.64918058633384,481.620388061556,True,28034.253612848872,116.0,-218.0,334.0,134.45833542133482,6305.978503809854,True,35516.41197989139,309.0,-247.0,556.0,151.12500208800157,9726.151746782007,True,30905.337913313007,151.0,-233.0,384.0,143.83333542133482,7025.714933288439,True
785.302364908976,686191.3704521923,4356355.165351766,3701.495520718512,127.56016528499754,31.245329439634258,35.72668634465053,13060.51599834764,4.0,-153.0,157.0,129.55397598375407,481.3578772449896,True,27699.853794270755,104.0,-216.0,320.0,134.56609468270722,6234.475435356333,True,34325.186349081676,291.0,-245.0,536.0,150.68642783923474,8856.586526149711,True,30403.37792425596,138.0,-231.0,369.0,143.60309450590148,6816.4974143022555,True
795.2861064277812,686197.2399481701,4356347.089207161,3701.5372262096853,127.54745345128799,31.96724245946657,35.286849608316565,12888.952646690605,4.0,-150.0,154.0,129.73724372086895,481.2860785767368,True,27311.828598088898,100.0,-214.0,314.0,131.37518963019465,6203.433250319923,True,33178.06561843932,206.0,-242.0,448.0,146.91267478735313,8132.513711433834,True,29871.70878904088,123.0,-229.0,352.0,139.99504096556007,6673.879425900339,True
805.2698479472714,686203.1094441479,4356339.013062555,3701.1553871268293,127.66383800374251,32.515180621223465,35.417256383937506,12770.795387391274,4.0,-148.0,152.0,129.87435423298507,481.9469402048571,True,26920.876735202444,98.0,-212.0,310.0,131.7320833300496,6180.468494290141,True,32347.442716362748,178.0,-241.0,419.0,146.72274243987158,7746.03099817029,True,29388.68013004889,109.0,-227.0,336.0,140.06704602391778,6601.427868116049,True
815.2535894660766,686208.9789401258,4356330.93691795,3700.6178752566134,127.82767162178425,33.11988923874198,35.63812399140305,12683.609821176131,4.0,-147.0,151.0,129.99104133942524,482.7992426927108,True,26696.136996161527,97.0,-211.0,308.0,132.0067680620807,6160.214623110502,True,31745.99945234779,150.0,-241.0,391.0,146.82838131637004,7365.249412972272,True,29130.465480699804,105.0,-226.0,331.0,140.31033949065204,6558.857418908753,True
825.204817993022,686215.346683307,4356323.289774956,3699.437544283824,128.18743650229044,33.89105922884428,35.65379042435903,12712.84482172141,4.0,-147.0,151.0,130.273620555834,484.24097721172234,True,26871.652740799636,96.0,-214.0,310.0,132.30830049406836,6157.146495229624,True,31844.822834059934,116.0,-242.0,358.0,147.0004997070837,7206.252144959433,True,29338.717391619633,103.0,-229.0,332.0,140.54216637375043,6545.119851903651,True
835.1885595119229,686222.4614590483,4356316.285843141,3697.2176743014693,128.86405287291223,34.28003881980977,35.67161549698156,12695.329103024274,4.0,-146.0,150.0,130.85315675425295,486.66126717008365,True,26839.446137784387,96.0,-214.0,310.0,133.48014517043498,6191.66579810843,True,31805.410087808323,114.0,-243.0,357.0,147.7658594561492,7224.70071786584,True,29306.868229022784,102.0,-229.0,331.0,141.5158594561492,6577.250113277972,True
845.1723010309069,686229.5762347898,4356309.281911327,3696.444244142747,129.0997943852908,34.44918576366186,35.3794486019769,12534.759344137477,4.0,-144.0,148.0,131.08561355128973,488.1558650746215,True,26366.478371057434,96.0,-210.0,306.0,133.16517225829034,6220.062924027852,True,31216.259764696824,113.0,-241.0,354.0,146.97946738202995,7246.289889216744,True,28770.414249871246,102.0,-226.0,328.0,140.75614922711497,6604.362855032224,True
855.1560425498908,686236.6910105313,4356302.277979512,3696.695166891383,129.02331313150648,34.58007276133744,34.769592064790345,12330.7334760211,4.0,-140.0,144.0,131.12073237009008,487.5780524940069,True,25825.75844158812,95.0,-206.0,301.0,132.86374794890753,6226.232938510921,True,30557.051742755917,112.0,-237.0,349.0,146.12552699596995,7243.036868689183,True,28167.590981589194,102.0,-223.0,325.0,140.0838603293032,6608.045477282731,True
865.1397840687918,686243.8057862726,4356295.274047697,3697.8061425350943,128.68468775530323,34.61322932729283,34.3656103158999,12104.111685193362,4.0,-139.0,143.0,130.72779121738836,486.37519101167777,True,25272.471672694137,95.0,-202.0,297.0,132.3567783416854,6208.517664328041,True,29855.374201206127,112.0,-234.0,346.0,145.5315699778032,7215.952234505715,True,27528.30374505611,101.0,-219.0,320.0,139.42045886669212,6586.635159921368,True
875.1235255877757,686250.9205620141,4356288.270115882,3699.3243482200855,128.2219386625179,34.73843666853856,33.782921335802264,11874.585807115247,4.0,-136.0,140.0,130.2351397414809,484.2972000198579,True,24706.095666856767,94.0,-197.0,291.0,131.95070051051425,6189.4748658603585,True,29122.589784527612,112.0,-229.0,341.0,144.61563482233896,7190.853831358001,True,26868.599558710484,101.0,-214.0,315.0,138.7942228813854,6564.381479937738,True
885.1072671067597,686258.0353377556,4356281.266184067,3700.0053934946272,128.01435606283758,34.42281754052956,33.09392023595234,11681.045637610141,4.0,-133.0,137.0,129.90864640000245,483.7547040553386,True,24206.278594129304,95.0,-192.0,287.0,131.46550073207186,6216.573419411399,True,28449.355502146016,112.0,-223.0,335.0,142.45669735485762,7228.955369410579,True,26280.28002844459,101.0,-208.0,309.0,136.6741048686306,6595.678759824609,True
895.0781065115824,686264.8930684333,4356274.028147843,3700.1446144637516,127.9719215114485,34.008083954238735,32.18662094575751,11538.745725734581,4.0,-132.0,136.0,130.27292854257144,483.3714777385683,True,23810.20911620276,95.0,-187.0,282.0,131.45269880279807,6248.906675454615,True,27841.259239757346,113.0,-214.0,327.0,139.77593334600988,7272.677126334615,True,25781.039759467585,102.0,-201.0,303.0,134.4002996120139,6632.8726004209975,True
905.0618480305907,686271.2033182398,4356266.291492099,3699.860972534731,128.058375571414,33.63378255582866,31.11933734227806,11445.641301663507,4.0,-132.0,136.0,129.54681992520773,483.3282190553764,True,23786.17579572939,96.0,-186.0,282.0,130.75244827947677,6276.8791845466985,True,27787.3008863477,113.0,-213.0,326.0,137.8125757480916,7308.115876023556,True,25739.815475734442,102.0,-200.0,302.0,132.60424241475835,6663.754979451901,True
915.0455895495254,686277.5135680462,4356258.554836355,3699.945416247256,128.03263712783632,33.45159277933722,28.92672561587898,11405.394514303605,4.0,-135.0,139.0,129.87788834092407,484.80971377812216,True,23937.7756706425,96.0,-187.0,283.0,131.16488113703053,6322.118894130668,True,28004.913309174477,114.0,-214.0,328.0,135.5265870255896,7360.9654675827605,True,25929.4889581191,102.0,-202.0,304.0,131.19893546525805,6712.1092236550985,True
924.9903538596761,686283.2908631904,4356250.460319816,3700.5852779567003,127.8376072787978,33.48641260155953,25.827486757185167,11264.747771067034,4.0,-138.0,142.0,130.13085928128658,483.60084994678095,True,24091.752331524367,96.0,-192.0,288.0,131.49786346431642,6335.649001149186,True,28261.25087033793,114.0,-217.0,331.0,137.5646894197455,7376.1102447686535,True,26142.08273201116,103.0,-205.0,308.0,132.98135608641223,6726.251273434004,True
934.9740953780058,686288.0636169353,4356241.691288148,3699.127217846157,128.28202400049145,33.55073141767223,18.760478820283545,10640.733917579255,4.0,-134.0,138.0,130.1726217819371,484.077148499897,True,23650.661907115238,96.0,-194.0,290.0,134.0270107439976,6289.814089419358,True,27887.670774745024,113.0,-219.0,332.0,141.36845634185238,7323.0547484577755,True,25740.693211243837,102.0,-207.0,309.0,138.1341536011405,6677.976093864861,True
944.9578368970979,686292.83637068,4356232.922256479,3699.4383947321767,128.18717728563252,33.91818696024248,12.882367976460632,10107.426740299992,4.0,-126.0,130.0,130.26342420137917,484.04779049187323,True,22959.698340517614,95.0,-195.0,290.0,133.86470641783058,6224.928777916835,True,27188.733135250914,113.0,-219.0,332.0,140.36631991261333,7242.91897228404,True,25049.037449167066,102.0,-207.0,309.0,137.51909769039116,6607.187637704547,True
954.9415784162455,686297.6091244249,4356224.15322481,3699.9867489092967,128.02003893244637,34.33930754460252,10.05685134758905,9813.432582766305,4.0,-122.0,126.0,129.90342958076667,483.20077888413084,True,22522.880212926655,95.0,-195.0,290.0,133.66730537774856,6163.557801559146,True,26734.234350761075,111.0,-219.0,330.0,139.6990514094946,7160.752343611784,True,24606.53177255085,101.0,-208.0,309.0,137.06016252060567,6538.318087038707,True
964.9166589344504,686303.120910298,4356215.839233721,3700.893404082317,127.74369043570982,34.44111078771385,7.278570555445702,9532.601758995286,4.0,-119.0,123.0,129.8560398559889,482.6765586216934,True,22157.226546563794,94.0,-195.0,289.0,132.76407117345707,6140.7482068420995,True,26359.51426905164,111.0,-219.0,330.0,138.00216641155248,7130.190895520591,True,24237.685855540738,100.0,-207.0,307.0,135.71049974488574,6513.484099144867,True
974.9004004529862,686308.8023011003,4356207.629672633,3700.870426523241,127.75069399571612,34.70292702134021,2.3852698157474648,9066.462864381643,4.0,-115.0,119.0,129.87117267132294,482.289994357536,True,21398.458982184515,94.0,-194.0,288.0,133.16001674060772,6108.254330485523,True,25560.95052690869,109.0,-218.0,327.0,137.44573102632194,7077.798744539544,True,23465.83128771877,99.0,-207.0,306.0,135.57073102632194,6477.1017021796015,True
984.8841419722879,686314.4836919027,4356199.4201115435,3701.1810194234495,127.6560252797326,34.70845589662299,3.0045304472732055,8563.840289819116,4.0,-108.0,112.0,129.74533017408407,482.14944627272075,True,20541.54767821942,94.0,-193.0,287.0,133.40394676558117,6086.226479398663,True,24674.312428089135,109.0,-218.0,327.0,136.89601025764478,7054.208869263496,True,22592.765887699738,99.0,-206.0,305.0,135.36823247986695,6453.031099958502,True
994.8678834908237,686320.1650827051,4356191.210550455,3701.434102730552,127.5788854877278,34.534666153036824,8.257261081840559,8072.955496959488,4.0,-104.0,108.0,129.77200699751393,482.22602685545826,True,19677.123984888698,94.0,-192.0,286.0,134.0902188826003,6077.17974399492,True,23774.26596275881,110.0,-216.0,326.0,136.78863158101308,7057.267848141913,True,21697.398652219574,100.0,-204.0,304.0,135.60807602545742,6445.892454977573,True
1004.8516250101254,686325.8464735075,4356183.000989366,3700.2633710266464,127.9357245110782,34.1577241332019,12.113072460724167,7606.986477489646,4.0,-100.0,104.0,130.39232655702972,483.06382140029905,True,18832.0089354854,94.0,-189.0,283.0,134.01589857731392,6072.016039655061,True,22884.80457356174,111.0,-213.0,324.0,135.92066048207585,7065.591757050701,True,20835.384040388984,100.0,-203.0,303.0,135.0873271487426,6445.716225374665,True
1014.8353665293608,686331.5278643097,4356174.791428277,3698.4528761412034,128.48756335216126,33.877775952707175,14.9828578792507,7130.235456891281,4.0,-94.0,98.0,131.21133159052556,484.1211008121477,True,17968.759958770264,95.0,-189.0,284.0,133.87670900542412,6086.77115232814,True,21983.115542684645,112.0,-212.0,324.0,134.9878201165352,7097.824430697461,True,19945.844520502076,101.0,-201.0,302.0,134.50170900542412,6465.095993616341,True
1024.8191080478966,686337.2092551121,4356166.581867189,3697.5835120664046,128.75254552215983,33.33676617724963,16.908049368417668,6667.35022135574,4.0,-90.0,94.0,131.30924071958543,485.53647905520074,True,17126.177393243222,96.0,-187.0,283.0,133.20705394721085,6122.964914730519,True,21111.263393271867,113.0,-210.0,323.0,133.5245142646711,7154.7062698240325,True,19086.60534356309,102.0,-199.0,301.0,133.38562537578218,6509.983115154535,True
1034.8028495671983,686342.8906459145,4356158.3723061,3696.104601249164,129.20331753925484,32.85007856342222,18.498332183464505,6259.914227787375,4.0,-87.0,91.0,132.48406265039762,487.0590030473684,True,16353.450531870878,97.0,-186.0,283.0,133.12130940331144,6161.089617689688,True,20324.07564252852,114.0,-209.0,323.0,133.12130940331144,7208.7953122014505,True,18304.956601653397,103.0,-198.0,301.0,133.12130940331144,6553.572226427695,True
1044.7865910857342,686348.5720367169,4356150.162745012,3697.5852512457227,128.75201542030368,29.942858372831665,2.2354574775832283,7067.583451533097,4.0,-104.0,108.0,130.2126782262569,485.0661427006262,True,19703.367941366185,101.0,-206.0,307.0,130.2126782262569,6395.287094434235,True,24474.760034668445,119.0,-233.0,352.0,130.2126782262569,7535.481734915509,True,22059.457201731602,107.0,-220.0,327.0,130.2126782262569,6823.8665907809545,True
1049.715708589996,686351.8659745584,4356153.829647365,3699.189833789,128.26293866111268,32.57836338833244,21.298213464446764,5984.495009153163,4.0,-83.0,87.0,130.72125183257617,483.7147527323625,True,14685.682874641478,98.0,-123.0,221.0,131.22830501607564,6456.428013094878,True,17069.426308100483,115.0,-144.0,259.0,131.22830501607564,7532.986626300333,True,15771.213488283704,105.0,-134.0,239.0,131.22830501607564,6861.45375339428,True
1059.699450109142,686353.9335874943,4356163.596943381,3702.5497707667787,127.23882987028583,31.290518191985328,25.25887573520319,6063.641241265648,4.0,-81.0,85.0,129.6826937347587,480.1131755742365,True,14682.241886793814,100.0,-118.0,218.0,131.70038894755407,6536.991547501715,True,17018.60985258117,123.0,-136.0,259.0,132.08016687183726,7698.5504406005775,True,15726.430205121043,108.0,-127.0,235.0,131.8789603761254,6964.484872664242,True
1069.6831916282638,686356.0012004301,4356173.364239397,3702.3026529100057,127.31415139303022,30.819888357922117,24.10741985339062,6457.734230075232,4.0,-85.0,89.0,129.38152153679584,481.2851976289255,True,15349.790541976308,102.0,-122.0,224.0,131.91763759116066,6622.0215338597845,True,17877.753278724565,132.0,-141.0,273.0,132.83742490334316,7884.934931977084,True,16459.679126606054,110.0,-132.0,242.0,132.42075823667642,7069.098878586805,True
1079.6669331474097,686358.068813366,4356183.131535414,3700.6060140275954,127.8312869243889,30.827852872649565,19.683180460599853,7055.348934220673,4.0,-90.0,94.0,129.8822584242232,483.1222223118664,True,16412.53773303158,102.0,-133.0,235.0,132.62321012178631,6665.1816864397215,True,19150.71057911531,129.0,-153.0,282.0,134.4482459732567,7901.1223015256055,True,17645.169871661743,110.0,-144.0,254.0,133.61491263992343,7111.17368256283,True
1089.5800390057595,686362.1064518234,4356192.18510617,3700.640624518746,127.82073764668621,30.743687844816925,12.402292465920778,7823.007173735784,4.0,-98.0,102.0,129.82884942882515,483.23275996674283,True,17821.314671802626,101.0,-149.0,250.0,132.51687496710883,6625.156067744439,True,20985.347656553677,123.0,-178.0,301.0,134.91492190709505,7810.827057607801,True,19277.93635954227,109.0,-164.0,273.0,133.67740872569289,7062.886151911624,True
1099.5637805251997,686366.774721716,4356201.010203957,3696.6656580646527,129.03230742189385,30.48795515681888,7.029879227556105,8342.39024094906,4.0,-103.0,107.0,130.17542345101447,487.2615155223257,True,18760.69179622654,102.0,-160.0,262.0,131.3525846716218,6580.820849507648,True,22285.25048050902,127.0,-192.0,319.0,134.42985506334094,7806.502099926987,True,20389.763761958322,110.0,-177.0,287.0,132.72299065600805,7026.435459685171,True
1109.5475220438168,686371.4429916085,4356209.835301742,3696.5033246833855,129.08178663650415,29.94186838243852,2.392836974001411,8723.879293237738,4.0,-106.0,110.0,130.84513779767326,487.7617421097252,True,19507.323836827178,105.0,-167.0,272.0,131.97147703144628,6579.864465739189,True,23375.91639290751,134.0,-200.0,334.0,134.07755768944503,7933.921265530642,True,21284.096103958076,115.0,-184.0,299.0,131.97147703144628,7058.896421812178,True
1119.5312635632026,686376.111261501,4356218.660399528,3698.351150923288,128.51856919858187,28.18806577956636,2.7007784532139865,9191.655866650632,4.0,-111.0,115.0,130.5047694387249,485.3093035896527,True,20572.360299848195,109.0,-177.0,286.0,132.01661244530442,6661.518442463127,True,24872.98768401579,140.0,-210.0,350.0,135.61692084460333,8158.413798991243,True,22552.856604293313,121.0,-194.0,315.0,133.26661244530442,7191.709624266753,True
1129.4975654974548,686381.0879896414,4356227.295175221,3700.7137127271812,127.79846036075514,26.959327841175742,9.342160757147258,9801.554391011594,4.0,-118.0,122.0,130.18524831284412,482.59383943409716,True,22182.049280531046,111.0,-193.0,304.0,133.53235613572656,6733.3751453379955,True,27038.61142885194,141.0,-229.0,370.0,136.41855470363953,8252.872925121856,True,24455.15799923428,122.0,-212.0,334.0,134.69324357480173,7276.93125442129,True
1139.481307016352,686386.8816452484,4356235.425897785,3700.966658580307,127.72136246472246,25.19123829482731,15.309431854931548,10339.557559769233,4.0,-126.0,130.0,129.91870040073104,482.0858348421348,True,23746.02365525665,113.0,-206.0,319.0,133.01023969766106,6846.279547825466,True,29180.950391386898,144.0,-247.0,391.0,137.7879035551489,8429.036136020322,True,26294.82933632844,124.0,-227.0,351.0,135.1947960459663,7407.119673775916,True
1149.4650485353168,686392.6753008555,4356243.55662035,3700.1097797263355,127.98253913941289,24.887398971433303,22.788675920748428,11234.91164192701,4.0,-138.0,142.0,130.44754024216422,482.7447876783622,True,26275.775064522444,112.0,-229.0,341.0,133.92953628916644,6936.688349136187,True,32706.566774581086,141.0,-283.0,424.0,142.81842517805535,8477.22024103679,True,29319.748692216894,123.0,-255.0,378.0,138.92953628916644,7490.423044300478,True
1159.2733796990062,686399.7903540694,4356250.307870455,3699.3302177010705,128.22014964471373,26.656168112173095,31.279952501339945,12574.618660275079,4.0,-161.0,165.0,129.3547210672475,486.02513491258014,True,31106.726884542717,108.0,-283.0,391.0,131.72258727439885,6801.321819158789,True,42721.3717057986,132.0,-472.0,604.0,140.52359131398543,8184.908543489556,True,35720.56949577178,117.0,-348.0,465.0,135.94025798065218,7307.63611505,True
1169.2571212178168,686408.1626000839,4356255.746674679,3700.533846842916,127.85328348227927,27.290761441161315,26.863711465235017,11065.693092590958,4.0,-135.0,139.0,129.4001040113701,481.65620166991107,True,27792.45221767611,107.0,-285.0,392.0,130.12002459809742,6735.027339418009,True,37654.1589370644,128.0,-405.0,533.0,139.58136409375606,8053.574733577616,True,32389.33982543162,115.0,-332.0,447.0,134.93974964815152,7223.938471637701,True
1178.923286344327,686417.2997025917,4356258.900736507,3701.2823341024023,127.62514456558779,25.031963361223475,14.364149462126607,10103.216100530954,4.0,-117.0,121.0,129.6315570832346,481.5343796185748,True,22798.66741996174,112.0,-211.0,323.0,133.4452509308203,6906.75771615454,True,28541.230129231935,138.0,-265.0,403.0,141.12521356159573,8411.09309935229,True,25485.91374781439,122.0,-238.0,360.0,137.7309652165345,7454.277951074346,True
1188.907027863338,686427.2590145246,4356259.59873403,3702.2786455956775,127.32146882243751,22.565002135585996,3.2183070383695687,9368.459846307805,4.0,-109.0,113.0,129.91290947809352,480.1190992406673,True,20636.560844663996,119.0,-165.0,284.0,134.30142085491775,7102.90939450018,True,25047.047610899674,152.0,-211.0,363.0,140.62463671431806,8873.502487002293,True,22579.781897249923,131.0,-190.0,321.0,137.84685893654023,7732.898766002686,True
1198.6917927832146,686437.0094813228,4356258.780185464,3701.043787506341,127.69785356806733,19.515488137796414,5.6677344595401085,8708.568550855469,4.0,-103.0,107.0,130.1048126151943,483.0690940959016,True,19704.750443590325,131.0,-149.0,280.0,132.48968143823163,7448.442817732792,True,23976.148743258036,181.0,-181.0,362.0,137.49193800523085,9751.519276778357,True,21496.594318420277,147.0,-163.0,310.0,135.26971578300868,8231.512969833795,True
1208.6755343022458,686446.4094142271,4356255.416206256,3701.095083036263,127.68221869054696,18.656819765852966,12.337741014015803,8211.911136732524,4.0,-98.0,102.0,129.87411114718748,484.2652937457399,True,18936.01144285652,137.0,-142.0,279.0,133.82746152223012,7513.47252655442,True,23477.074322082397,199.0,-171.0,370.0,137.63698533175398,10288.66837728634,True,20740.86310103521,159.0,-155.0,314.0,135.97031866508723,8409.021820064154,True
1218.6592758212769,686455.8093471314,4356252.052227047,3699.22597155603,128.25192386972208,22.786829407349796,15.431396390639959,7851.778512000755,4.0,-96.0,100.0,130.51655961896972,484.2950757468468,True,17942.606279818396,127.0,-140.0,267.0,134.47689606319773,7018.842388918238,True,21960.45806249136,186.0,-167.0,353.0,137.33403892034062,9327.48697549279,True,19579.611940333947,145.0,-152.0,297.0,136.08403892034062,7773.213445132928,True
1228.643017340308,686465.2092800357,4356248.688247839,3699.886554995555,128.05057803735485,26.385903714357184,17.332880294576732,7452.746809954067,4.0,-94.0,98.0,130.35275690608728,483.75134041235583,True,17019.992188186392,118.0,-138.0,256.0,134.59674810098386,6654.484922371606,True,20626.671261300442,168.0,-165.0,333.0,136.6602401644759,8608.840021338354,True,18519.40137326846,135.0,-150.0,285.0,135.75746238669808,7303.023081639203,True
1238.626030914258,686474.6129168187,4356245.33680408,3699.9967885437622,128.01697885186127,30.568683650042747,17.917871383382348,7213.1680987315,4.0,-92.0,96.0,130.39721620699174,482.88261469584563,True,16316.906351740727,106.0,-137.0,243.0,134.12362723929505,6254.325346299556,True,19422.150908431162,143.0,-165.0,308.0,135.53873386972987,7713.834718806063,True,17664.276954481185,118.0,-149.0,267.0,134.91373386972987,6755.649830116711,True
1248.609772433312,686484.3316417207,4356243.051748063,3699.442333426173,128.1859767717026,33.16475722996681,18.744336572943006,6859.597319527249,4.0,-90.0,94.0,130.92493529584453,483.4846950172596,True,15731.67339114505,97.0,-136.0,233.0,133.87807381961284,6101.083311835193,True,18514.880753783356,125.0,-165.0,290.0,134.8304547719938,7249.558471717383,True,16974.709719451155,106.0,-149.0,255.0,134.41378810532706,6507.025196126002,True
1258.5935139523658,686494.0503666227,4356240.766692047,3700.642959820106,127.82002584683164,33.78191818286733,20.096592193874198,6387.568546780895,4.0,-87.0,91.0,130.42675291833507,481.59564332910804,True,15003.98385774553,95.0,-132.0,227.0,133.01411941976653,6053.531934515164,True,17637.416290173867,116.0,-167.0,283.0,133.64904005468725,7099.932603218542,True,16186.278917801414,102.0,-147.0,249.0,133.37126227690942,6436.475233361024,True
1268.5772554710932,686503.7690915246,4356238.4816360315,3704.095713617662,126.76762648933664,33.58271094990221,21.41587240870758,5965.915587782005,4.0,-83.0,87.0,129.20015204423453,478.50532524807613,True,14363.294768800373,95.0,-129.0,224.0,131.02138063000257,6033.652309142644,True,16947.402096501784,113.0,-168.0,281.0,131.23281815018845,7046.55795105017,True,15520.106542209447,101.0,-146.0,247.0,131.11066634428835,6410.839403341899,True
1278.560996990147,686513.4878164267,4356236.196580015,3704.6126260735005,126.6100715727971,33.4500594354713,21.886712617081095,5602.597873250259,4.0,-81.0,85.0,129.27395799297597,476.97645939392874,True,13807.440966167927,95.0,-126.0,221.0,130.16858479256166,6007.168812939403,True,16351.67749724453,112.0,-169.0,281.0,130.16858479256166,7011.9253164203865,True,14935.713348507561,100.0,-145.0,245.0,130.16858479256166,6381.216397261134,True
1288.544738509201,686523.2065413287,4356233.911523999,3700.033425388699,128.0058119415246,20.889383256894046,16.024882029470316,9242.909020366216,4.0,-136.0,140.0,128.4060417512801,486.93840684717543,True,25401.901886282103,124.0,-265.0,389.0,128.74042994960996,7921.685879045308,True,35323.36324564528,160.0,-355.0,515.0,128.74042994960996,9862.471296100768,True,30185.658563319485,136.0,-326.0,462.0,128.74042994960996,8610.838629448604,True
1297.9871823207134,686517.2733697386,4356241.257081841,3695.6314174778504,129.34754395275127,29.48718107777372,27.031711577199005,5457.124431899778,4.0,-75.0,79.0,129.73065845270253,486.7901327981806,True,13897.725022107094,106.0,-133.0,239.0,129.73065845270253,6518.181666671394,True,17559.360601836277,135.0,-204.0,339.0,129.73065845270253,7892.150797408937,True,15379.674911182981,116.0,-192.0,308.0,129.73065845270253,7016.790676553429,True
1307.9709238397552,686510.8528713573,4356248.902491919,3703.1066851294713,127.0690823725372,28.613213399650647,27.102587327464942,5765.696578480777,4.0,-77.0,81.0,130.25109389914905,480.35001173783303,True,14440.245271001535,107.0,-143.0,250.0,132.12810730513115,6486.206067992084,True,18436.927605646688,140.0,-205.0,345.0,132.12810730513115,7949.853895938563,True,16188.181747534243,120.0,-194.0,314.0,132.12810730513115,7008.412058276994,True
1317.9546653587222,686504.4323729762,4356256.547901996,3700.174452964095,127.96282673654378,27.595120692909852,26.986381703951615,6092.962987422868,4.0,-80.0,84.0,130.42846174982446,482.6509535623816,True,15111.443436916412,109.0,-162.0,271.0,132.7077637231048,6471.731108935566,True,19391.907774206895,145.0,-205.0,350.0,133.2384182648657,8017.748179343795,True,17061.533827244144,122.0,-195.0,317.0,132.9756208659619,7011.858723667374,True
1327.938406877764,686498.011874595,4356264.193312074,3700.5841675192414,127.83794574013518,27.928044807545763,22.705621802823803,6583.547816450705,4.0,-86.0,90.0,130.1715016397684,482.59458397769663,True,16983.37751147883,108.0,-187.0,295.0,133.15049968556718,6503.567710759479,True,21407.032518065105,140.0,-208.0,348.0,134.06089644840995,7992.533378956538,True,19081.529072480727,121.0,-198.0,319.0,133.50764254271007,7033.474664776701,True
1337.7978818418685,686494.0578660467,4356273.225203513,3702.145425481199,127.3620743133306,27.949129792140162,13.740406037279701,7414.129800081214,4.0,-101.0,105.0,129.50944505829375,480.4622000762781,True,19296.732485117762,107.0,-190.0,297.0,132.49195382301627,6467.870419686618,True,23754.006569687277,135.0,-213.0,348.0,134.45358164790855,7874.875464784773,True,21431.985141004625,119.0,-202.0,321.0,133.45752851093903,6980.009650186588,True
1347.7816233609317,686490.863545647,4356282.684136429,3703.432344440348,126.96982141458193,28.08430488876134,8.466645270711332,8014.473512354373,4.0,-110.0,114.0,129.7515053708255,479.03856663927854,True,20488.892504548192,107.0,-192.0,299.0,132.39212733943418,6456.329253375337,True,25054.5242602898,136.0,-217.0,353.0,135.4738968861052,7881.927339492641,True,22676.63362088742,119.0,-205.0,324.0,134.08855591086285,6974.964820437226,True
1357.7653648799576,686487.6692252475,4356292.143069345,3700.330719833569,127.91519659472806,28.09531967172804,4.031390861518805,8534.406892339543,4.0,-118.0,122.0,129.93754180427845,481.67408819405455,True,21340.07830006173,109.0,-194.0,303.0,133.50664868367562,6470.78116167406,True,25997.708580524093,139.0,-218.0,357.0,137.31617249319947,7948.192767002664,True,23564.644750497435,121.0,-206.0,327.0,135.64950582653273,7003.377809079071,True
1367.7491063989835,686484.4749048479,4356301.60200226,3703.747295645373,126.87382428729029,27.952922809135984,0.8436707646273139,9101.701993454688,4.0,-125.0,129.0,129.34007361886665,480.6056095141503,True,22233.117927961357,110.0,-195.0,305.0,133.559823683486,6539.028527023628,True,26973.292292215352,142.0,-219.0,361.0,137.86909801437764,8066.582410159314,True,24483.20074965674,121.0,-208.0,329.0,135.97053796920022,7080.724744691337,True
1377.7328479180094,686481.2805844484,4356311.060935176,3700.0569762291293,127.99863364536145,26.404080757523136,3.6308811515365513,9413.02224876594,4.0,-127.0,131.0,130.33562480102614,482.64836244444746,True,22760.061574571046,115.0,-195.0,310.0,132.87027340203485,6721.242229823603,True,27640.63027692661,150.0,-219.0,369.0,137.8840342171261,8387.87732404713,True,25055.363224939778,127.0,-208.0,335.0,135.66181199490393,7306.878733580098,True
1387.6811684801341,686477.0681748729,4356320.073409175,3699.019607761454,128.31482355430876,25.212776465660184,5.096528010737259,9560.03658509598,4.0,-126.0,130.0,130.44573397594172,484.4466644527224,True,23043.186902204427,120.0,-194.0,314.0,132.50519172823647,6912.7394688230725,True,28166.882450219644,171.0,-218.0,389.0,138.02229652953838,8837.739341720839,True,25390.430900009385,133.0,-207.0,340.0,135.59174097398272,7556.8706205091,True
1397.6649099997724,686472.2741454649,4356328.830827559,3698.181853942974,128.57017091818147,24.535985709819897,9.44739035506518,9967.45056135974,4.0,-129.0,133.0,130.572807128445,485.84660388469024,True,23670.01879828668,123.0,-194.0,317.0,132.4366530554562,7053.121533054739,True,29164.79057522802,186.0,-218.0,404.0,139.10331972212293,9349.1360194006,True,26087.546914356135,145.0,-207.0,352.0,136.1866530554562,7767.565262301637,True
1407.6486515185936,686467.4801160569,4356337.588245943,3698.8495616654723,128.36665360436405,23.503079631411975,12.462264579307757,10157.841504507382,4.0,-130.0,134.0,130.23341778465237,485.1023719241016,True,24097.689169820307,138.0,-194.0,332.0,132.54033645368804,7272.260149043863,True,30053.057571418463,187.0,-219.0,406.0,138.447093309313,10023.100971160315,True,26766.809968731515,164.0,-207.0,371.0,135.1832044204241,8235.050121958355,True
1417.5176146375788,686461.6258332159,4356345.53329506,3699.8648338519583,128.05719864192315,22.150751835923295,10.781510904548986,9934.84546439449,4.0,-124.0,128.0,130.24330139395238,483.8363654320308,True,24165.679605241807,152.0,-195.0,347.0,131.87229934175593,7772.592366952559,True,30221.200253203104,188.0,-219.0,407.0,138.4613718231135,10603.990234142853,True,26920.625873007175,165.0,-208.0,373.0,135.12803848978024,8811.47240052051,True
1427.5013561565522,686454.4173749561,4356352.440771027,3700.186874233681,127.95904073357406,21.1359017769897,12.344537708100427,10020.369882602447,4.0,-124.0,128.0,130.28078741573427,484.56744968390376,True,24492.364004181625,154.0,-195.0,349.0,131.6966323164936,8069.5871940544475,True,30635.899955773395,191.0,-219.0,410.0,138.913095540963,10978.420318007698,True,27278.538001032655,166.0,-208.0,374.0,135.37142887429627,9134.042206511103,True
1437.4850976748812,686447.2089166963,4356359.348246993,3699.612658999596,128.13406153692313,20.27296518507907,16.97701133684918,10410.302549408738,4.0,-129.0,133.0,130.29215396958693,485.94776712244266,True,25229.56010859421,155.0,-194.0,349.0,131.81001734465053,8232.708260037027,True,31387.542585849955,193.0,-218.0,411.0,139.1956064591384,11186.508915367183,True,28010.439325809555,167.0,-207.0,374.0,135.4456064591384,9309.313384981371,True
1447.4688391938546,686440.0004584364,4356366.2557229595,3700.6621393286046,127.81417993264131,19.086318477010458,22.136707301072672,10840.0933018266,4.0,-134.0,138.0,129.69729224208686,484.9483993495628,True,25926.1146794576,156.0,-193.0,349.0,131.5341739796279,8412.853751595867,True,32113.210855147852,194.0,-217.0,411.0,138.92207136404772,11428.99368400332,True,28708.042012546783,170.0,-206.0,376.0,134.82484914182555,9507.462853344696,True
1457.452580712912,686432.7920001765,4356373.1631989265,3700.949217008663,127.72667865575954,16.927780258701546,24.051132307276298,10918.842697273696,4.0,-134.0,138.0,129.60548169482718,483.7144811279568,True,26357.462404959373,161.0,-194.0,355.0,130.44715576103158,8735.706358998787,True,32773.16253517284,200.0,-218.0,418.0,139.48974154252824,11951.083289068381,True,29228.35642353443,175.0,-207.0,382.0,135.24762330791282,9904.973786189097,True
1467.4111400739114,686424.6401546907,4356378.883366732,3703.112351516171,127.06735525787099,15.542078223355713,25.023243760998188,10963.034670282741,4.0,-133.0,137.0,128.95406612095508,481.0683728675831,True,26703.200127133794,168.0,-195.0,363.0,130.45131326366368,9031.0151217422,True,33434.47972688691,208.0,-220.0,428.0,140.2576116414466,12525.603187568737,True,29695.72222358604,182.0,-208.0,390.0,135.95205608589094,10303.381166845646,True
1477.372113487234,686416.3607555501,4356384.4216463575,3700.1023740097617,127.98479640182472,16.771772781950602,30.26301380763781,11365.37185917333,4.0,-133.0,137.0,129.7363636043683,484.2065766482883,True,26376.466291227036,162.0,-187.0,349.0,130.9494696119864,8886.321038598104,True,32596.779697419977,201.0,-211.0,412.0,138.60885707729176,12140.721955313013,True,29138.06729890145,176.0,-200.0,376.0,133.81719041062502,10073.835707109698,True
1487.3558550058096,686411.0149832114,4356392.853598256,3702.3241368610097,127.3076030847642,17.088129685445324,32.2828246694388,11439.98041743899,4.0,-135.0,139.0,128.96244986270767,481.58048257472456,True,26407.729888118418,158.0,-189.0,347.0,130.10906752934193,8654.164673538286,True,32503.952175126033,194.0,-213.0,407.0,138.15483336070383,11729.332376562492,True,29133.84390931001,172.0,-201.0,373.0,131.90483336070383,9775.159032760657,True
1497.3395965252344,686405.6692108726,4356401.285550155,3699.8344424195598,128.06646195051826,18.705314568108218,31.833123918749134,11896.649168677792,4.0,-141.0,145.0,129.12560905125542,485.6977150318312,True,27166.15947811833,161.0,-196.0,357.0,130.38068977589387,8380.099462488472,True,33574.107314689805,195.0,-221.0,416.0,140.40801882799678,11512.137323386283,True,30064.792666161404,173.0,-210.0,383.0,133.6719077168857,9535.593958326306,True
1506.996171672928,686404.4143333473,4356410.860242107,3701.608309463376,127.52578727556306,19.547077031690833,31.776190047923585,12579.276846448414,4.0,-150.0,154.0,129.47840862285398,481.1790618571706,True,28388.846976316803,140.0,-212.0,352.0,130.69995426818355,7824.811317613993,True,35168.44046601956,203.0,-241.0,444.0,140.1806652316443,10741.882977245095,True,31372.900578827437,161.0,-227.0,388.0,133.0310188155902,8767.464821381269,True
1516.9799131918576,686404.6164849168,4356420.841936826,3702.175978055161,127.35276188878697,19.20535574285774,32.17857881748938,12865.36372170277,4.0,-155.0,159.0,129.46307488677553,481.7246653191869,True,29287.90119749629,140.0,-221.0,361.0,130.89381521678706,7771.923182625606,True,36453.74301264696,198.0,-259.0,457.0,140.3898100791357,10597.316024404648,True,32485.82106841803,160.0,-240.0,400.0,133.38320564161359,8705.096500369638,True
1526.9636547107846,686404.8186364861,4356430.823631545,3701.406762245547,127.58721886755734,18.482856903813072,32.687711145353674,13030.518900498466,4.0,-158.0,162.0,130.0347992148968,482.1119064132347,True,29905.104885606946,146.0,-226.0,372.0,131.54038894551695,7901.856854718259,True,37624.9393972151,202.0,-267.0,469.0,140.83592128480427,11031.45948939429,True,33312.95242330756,172.0,-247.0,419.0,133.9754436231658,8931.153796773775,True
1536.947396229714,686405.0207880555,4356440.805326263,3701.64438906461,127.51479021310683,17.427659901981595,33.216810322129376,13224.03091828317,4.0,-161.0,165.0,129.5208908578295,482.93210450172637,True,30732.11593689394,154.0,-232.0,386.0,130.92157912100333,8185.950230443672,True,38763.840017877024,199.0,-276.0,475.0,141.0660400617594,11365.859530374419,True,34401.523980948485,174.0,-254.0,428.0,134.8154811986858,9343.348147372752,True
1546.9311377486436,686405.2229396249,4356450.787020982,3699.0949114474347,128.29187099082196,15.062716883442732,32.982003573642054,13294.356975180335,4.0,-162.0,166.0,130.20835645247303,485.13946808700575,True,31470.221527895905,159.0,-234.0,393.0,131.35811813153146,8681.323863296928,True,39501.435957828275,196.0,-279.0,475.0,140.35356381299493,11760.775914358679,True,35167.11055323281,171.0,-257.0,428.0,134.84565766909532,9812.033292366992,True
1556.8716547114016,686404.9238585179,4356460.723037688,3699.875797456758,128.0538569351802,9.986096425603852,32.96902276698108,13223.25914244038,4.0,-160.0,164.0,129.94401418094844,484.3792619145768,True,31479.917517215683,152.0,-226.0,378.0,131.16960108090052,9120.220741899784,True,38840.12180113462,189.0,-263.0,452.0,140.5829670018311,11964.00887378545,True,34878.611919472736,165.0,-246.0,411.0,134.59420841995575,10154.505381678115,True
1566.8553962304293,686402.9207308819,4356470.503762323,3698.980214499657,128.32683062050455,5.549098341427919,32.89952150675684,13243.37788545511,4.0,-160.0,164.0,130.18347321275883,485.15750117063317,True,31636.916654038323,150.0,-223.0,373.0,131.9556186072873,9435.492087064187,True,38752.48217663403,188.0,-256.0,444.0,140.78336134780488,12234.3497792405,True,34926.908439071514,163.0,-240.0,403.0,135.20647611467325,10451.121853695002,True
1576.839137749457,686400.9176032458,4356480.284486959,3698.4014798177814,128.50322895154022,2.9238593550840726,33.14332526723624,13354.433631155072,4.0,-161.0,165.0,130.94541200792514,485.68017746519195,True,32171.97868383305,150.0,-226.0,376.0,131.92937886690584,9632.557390258564,True,39456.282388250445,189.0,-261.0,450.0,140.62670197159173,12433.112908212202,True,35541.776243405904,163.0,-245.0,408.0,135.02938230216273,10646.65223409946,True
1586.8228792684615,686398.9144756099,4356490.065211594,3696.509494071777,129.07990620692226,0.40245032194368097,33.59841167254864,13428.339902856009,4.0,-163.0,167.0,129.84309378017088,488.4767475193878,True,32684.56174248325,150.0,-231.0,381.0,130.8267783466281,9826.699274536219,True,40190.10128653605,190.0,-267.0,457.0,141.0753636983991,12641.881794290268,True,36158.59143391477,163.0,-250.0,413.0,134.65334544313896,10840.795504031565,True
1596.8066207874892,686396.9113479739,4356499.845936229,3698.8265639717774,128.3736633014023,2.1907339110715562,33.45723325245949,13500.909509735355,4.0,-165.0,169.0,130.0988811172915,485.2765334776832,True,33193.96823475875,150.0,-235.0,385.0,131.18302552315322,9986.73675610876,True,40923.99604853264,192.0,-274.0,466.0,142.62683354987416,12819.562589306974,True,36772.53659473313,163.0,-255.0,418.0,134.50189813800148,11003.444166206433,True
1606.790362306517,686394.9082203378,4356509.626660865,3699.470383527339,128.17742710086713,3.4458391768636574,32.9828850516595,13566.455236328595,4.0,-166.0,170.0,129.81766316386324,484.9060226562974,True,33715.052232061505,150.0,-240.0,390.0,131.0399538436427,10118.885358918058,True,41706.34137244585,196.0,-281.0,477.0,144.55876457435625,12974.97521521232,True,37408.61962878483,164.0,-261.0,425.0,135.32482377384622,11134.036813383786,True
1616.7741038255215,686392.9050927019,4356519.4073855,3700.21946838609,127.94910603591984,4.373814355950559,32.943674197961236,13624.847020957703,4.0,-168.0,172.0,129.71352679714823,484.25358797361446,True,34292.328407391775,150.0,-245.0,395.0,130.93217840750367,10274.216723821724,True,42614.77493946713,204.0,-289.0,493.0,145.91071239249823,13194.057491268391,True,38116.86314934991,164.0,-268.0,432.0,136.3968235036093,11286.610918962662,True
1626.7578453445492,686390.9019650659,4356529.1881101355,3699.9858955784125,128.02029902769982,4.677187785674635,33.03589542964889,13848.997650581561,4.0,-173.0,177.0,129.73572795047517,484.57604609999066,True,35599.474747314016,149.0,-260.0,409.0,130.88812406896545,10431.676082555254,True,44607.54999173325,204.0,-304.0,508.0,148.98297136144674,13358.898245572618,True,39788.56623506415,164.0,-284.0,448.0,139.46908247255783,11444.587141875083,True
1636.7346147650517,686389.8364232918,4356539.107815212,3700.3636273811044,127.90516637423934,4.652704090956755,32.535438245978206,13947.098561081357,4.0,-179.0,183.0,129.4919644433205,484.0050105728742,True,37171.33968751799,149.0,-278.0,427.0,130.63768029908988,10587.079956646414,True,46898.458349808665,202.0,-319.0,521.0,148.10450645614787,13510.750729599502,True,41765.6313688398,164.0,-300.0,464.0,138.03506201170353,11600.956998482885,True
1646.7183562843293,686388.916121025,4356549.049049464,3700.4554455436655,127.87718019829072,3.572950298079338,31.894420242015144,13866.043125744665,4.0,-184.0,188.0,129.3464216296859,484.2085442776224,True,38061.3340924788,149.0,-283.0,432.0,130.37813984304512,10785.777852127516,True,48154.81391127028,207.0,-326.0,533.0,145.85523764467484,13762.038256416829,True,42834.72294281308,165.0,-307.0,472.0,135.2996820891192,11801.86427003809,True
1656.7020978026687,686387.9958187583,4356558.990283716,3701.20569742129,127.64850342599084,2.462085148963848,30.306560396531612,13474.991740562346,4.0,-198.0,202.0,129.1731116233584,483.9109637210038,True,40276.95975118343,149.0,-304.0,453.0,130.1713613617801,10935.456484288834,True,51328.37347890807,200.0,-347.0,547.0,140.30219336782056,13859.92648572235,True,45586.334987750655,164.0,-327.0,491.0,130.1713613617801,11949.967267456348,True
1666.435870147298,686389.0489011799,4356568.666922671,3700.4748568227346,127.87126364043047,6.54764819474055,27.33968492459963,12362.553396471829,4.0,-183.0,187.0,128.68183992061654,485.3677555381805,True,41146.20816741914,164.0,-424.0,588.0,129.4744592854961,10371.496951335452,True,68775.43974540744,220.0,-681.0,901.0,134.9723363705475,14030.847623443158,True,53248.237057130675,185.0,-574.0,759.0,129.4744592854961,11639.059972866147,True
1675.5957276225768,686397.6566717484,4356571.798898853,3700.8211328567054,127.76571870527619,5.064448197174259,19.932534103701695,10013.623584462095,4.0,-128.0,132.0,128.9406744811006,484.71235417587695,True,28681.230300839932,224.0,-187.0,411.0,129.73917175990846,12839.037364959388,True,39368.88161276844,297.0,-223.0,520.0,129.73917175990846,20424.499677018255,True,33121.96024766126,267.0,-203.0,470.0,129.73917175990846,15679.362598026293,True
1685.234726077484,686406.5489168295,4356568.078916511,3700.6415905478384,127.82044320101886,17.07372128823782,0.407260727630124,8595.39185880515,4.0,-109.0,113.0,129.1919340270847,484.0546819988458,True,32242.312143657222,253.0,-184.0,437.0,130.18152634473017,18336.235928544796,True,42924.37771422504,297.0,-217.0,514.0,131.03654446125984,26028.18996551313,True,36688.11663180865,269.0,-201.0,470.0,130.44938348758728,21233.326990339694,True
1695.2184675966644,686415.2202321948,4356563.13084774,3701.4620478563247,127.5703678133923,16.913687030514566,6.0649063256819735,8153.441318333079,4.0,-104.0,108.0,129.08080535129238,482.889094810449,True,31161.125725294456,252.0,-182.0,434.0,130.80912712914233,18070.711503707782,True,41720.089265448725,296.0,-216.0,512.0,131.12658744660257,25711.48335271345,True,35553.74746521081,268.0,-198.0,466.0,130.98769855771366,20950.421894478353,True
1705.2022091157435,686423.8915475599,4356558.182778969,3701.1773303341574,127.65714971414877,14.562252072890425,9.20281500939598,7857.268293368588,4.0,-101.0,105.0,129.34519027030296,483.2029586014969,True,29691.279970953314,253.0,-181.0,434.0,131.04999587203656,17065.154808401436,True,40246.11044798636,297.0,-213.0,510.0,131.25514973457643,24762.892886421472,True,34075.225859880695,269.0,-196.0,465.0,131.13928158632234,19965.67406415577,True
1715.185950634361,686432.562862925,4356553.2347102,3700.112094794267,127.98183350670752,11.218403273562846,11.769860814084735,7571.92370597437,4.0,-99.0,103.0,129.89214457263802,484.3973795690888,True,28208.949326684415,254.0,-179.0,433.0,131.5624574491576,16058.374483879885,True,38777.487950202194,298.0,-210.0,508.0,131.5624574491576,23810.95933043975,True,32597.41169594006,270.0,-195.0,465.0,131.5624574491576,18980.136672527537,True
1725.1696921535413,686441.2341782902,4356548.286641429,3700.7814480280085,127.77781464106306,8.589429728073462,13.377022720183671,7269.164239531253,4.0,-96.0,100.0,130.28574339113766,483.3954236721338,True,26731.108214739914,254.0,-178.0,432.0,131.12590895850622,15057.719253130197,True,37346.01013693554,300.0,-210.0,510.0,131.12590895850622,22870.793608293156,True,31128.536663997475,271.0,-194.0,465.0,131.12590895850622,17997.547868941674,True
1735.1534336726204,686449.9054936554,4356543.338572659,3701.92961993964,127.42785184239779,5.433088425532705,14.565958054332516,6972.731846569968,4.0,-93.0,97.0,129.64671864053412,480.48519750082096,True,25266.308136582193,255.0,-178.0,433.0,129.7695874759404,14053.094601708766,True,35930.759318606244,302.0,-209.0,511.0,130.4716491062743,21926.58795696126,True,29673.511215722527,272.0,-194.0,466.0,129.77720466182996,17008.50542104961,True
1745.137175191238,686458.5768090205,4356538.390503889,3700.0323143828427,128.00615057610958,3.2554198573130484,12.132996674858154,6951.73137048708,4.0,-95.0,99.0,128.97062454366664,481.3585445047129,True,22871.65100338326,244.0,-179.0,423.0,129.35353170628537,11496.864055651906,True,33431.95395889591,310.0,-213.0,523.0,129.6753067587117,19202.958124855366,True,27113.467021791024,266.0,-196.0,462.0,129.35353170628537,14255.563602898623,True
1754.832152617633,686468.1179104424,4356536.670047277,3700.2233664079927,127.94791791884381,18.03923908294696,1.9427213923362887,7625.162829629602,4.0,-107.0,111.0,128.59772985268387,487.0057088194096,True,21536.983996326562,147.0,-193.0,340.0,130.02610792050382,8387.66116983449,True,28673.15259312624,249.0,-224.0,473.0,130.38826510009108,12272.427767657962,True,24347.878854420553,183.0,-208.0,391.0,130.20467934907515,9493.584939311539,True
1762.3280772538785,686474.7231376235,4356540.21403656,3698.962519989782,128.33222390711444,16.48591593058839,0.6808925569955633,7852.714771908177,4.0,-113.0,117.0,130.27484761507026,485.33590752380724,True,29422.88066574678,134.0,-380.0,514.0,130.94375613451462,8773.0907269222,True,51494.96657701621,176.0,-600.0,776.0,130.94375613451462,11108.411978240863,True,38683.494665500046,149.0,-528.0,677.0,130.94375613451462,9597.701768509505,True
1772.3118187724256,686475.341707152,4356550.178597084,3699.0229426743235,128.3138070728662,17.994636616569316,2.625385196616447,7441.509624577699,4.0,-122.0,126.0,129.85849602602252,484.3101121394393,True,28696.613294921182,138.0,-311.0,449.0,130.69850341497795,8241.447625998828,True,40069.63141364351,172.0,-373.0,545.0,130.69850341497795,10581.624506716702,True,34203.919883193026,150.0,-347.0,497.0,130.69850341497795,9090.37918204695,True
1782.214723967096,686473.8058706088,4356559.961681332,3700.1161579918553,127.98059504408252,15.088071351273213,3.7414079603859536,7553.732023486349,4.0,-123.0,127.0,129.42255234079676,484.28687732376557,True,28458.946087615448,143.0,-290.0,433.0,130.43271105819463,8581.47349261073,True,38575.99691901423,183.0,-341.0,524.0,130.43271105819463,11163.24009195728,True,33315.56340623758,157.0,-314.0,471.0,130.43271105819463,9509.787236988366,True
1792.198465485643,686471.52911651,4356569.682354431,3700.144947556383,127.97181998481437,13.227473650388456,4.263241861457263,7723.177267842172,4.0,-123.0,127.0,129.25234134279322,484.7463514522253,True,28837.9861421554,145.0,-290.0,435.0,130.42670023461983,8792.312878907518,True,38987.013432961125,194.0,-338.0,532.0,130.42670023461983,11457.660343995669,True,33690.75445660863,158.0,-313.0,471.0,130.42670023461983,9735.763237028923,True
1802.1822070051235,686469.252362411,4356579.40302753,3701.109121181595,127.67793986384982,11.661769868156417,4.640027316921874,7932.86789253685,4.0,-122.0,126.0,129.2704901285099,483.2247213343626,True,29379.204064905087,145.0,-295.0,440.0,130.34928781082522,8902.782527305153,True,39945.083248762916,209.0,-346.0,555.0,131.14200206231044,11678.518255977011,True,34390.165118017176,159.0,-320.0,479.0,130.34928781082522,9856.21420473971,True
1812.1659485236971,686466.9756083121,4356589.123700628,3700.5278448743084,127.85511288231078,10.791914831960518,4.328335165540628,8146.005101773246,4.0,-122.0,126.0,129.55842254841377,483.84480584413564,True,29899.982116320927,146.0,-299.0,445.0,130.67839063478664,9010.770118419363,True,40977.765735268855,211.0,-354.0,565.0,131.54813033317896,11956.077839866506,True,35099.2629138742,162.0,-327.0,489.0,130.67839063478664,9986.496170963348,True
1822.149690043151,686464.6988542132,4356598.844373727,3700.3072150056832,127.92236086626781,9.5267545538447,3.1681560953551573,8369.796959948637,4.0,-122.0,126.0,129.6670595378041,484.0674915214006,True,30438.160181388088,149.0,-305.0,454.0,130.7593808962738,9157.116729802892,True,42081.80052611409,210.0,-360.0,570.0,132.5416143526154,12317.028500985127,True,35888.67120996447,169.0,-335.0,504.0,130.8055032415043,10197.094549704509,True
1832.1334315617246,686462.4221001143,4356608.565046825,3700.206783370625,127.95297242863353,8.17198651114137,1.5022361050837199,8621.872537737187,4.0,-122.0,126.0,129.53998385648038,484.09516570677283,True,31107.451493347115,157.0,-312.0,469.0,130.65414644087718,9357.03072344403,True,43332.23146381184,210.0,-366.0,576.0,133.4263462727131,12729.784593063403,True,36876.92723694309,177.0,-343.0,520.0,131.41245738382418,10509.559673982276,True
1842.117173081205,686460.1453460153,4356618.285719925,3700.044846148592,128.00233089390917,7.002179925220677,3.4849522819829732,9090.355306271096,4.0,-127.0,131.0,129.81014498990044,483.8638153168547,True,32866.11347119416,158.0,-331.0,489.0,130.89292191915365,9492.895700073284,True,45970.51512483371,210.0,-380.0,590.0,132.91704148419376,12873.049193790523,True,39152.913083540654,177.0,-358.0,535.0,130.89292191915365,10651.002675429987,True
1852.0162893211102,686458.8386270794,4356628.098211349,3699.3799997032706,128.2049760904431,7.834370874576998,12.17739254176708,10029.968112673394,4.0,-140.0,144.0,129.58732776316037,487.06536393702186,True,36336.15894864425,150.0,-358.0,508.0,131.04811230719406,9410.037844978871,True,50595.50000012909,212.0,-404.0,616.0,132.90037775634278,12510.382198216263,True,43316.29603147866,168.0,-382.0,550.0,131.27127325491824,10455.796312840568,True
1862.0000308401836,686459.2510737205,4356638.073429767,3700.2195427112465,127.94908338161213,7.012007434609434,20.24538511703291,10877.989652806687,4.0,-156.0,160.0,129.49487454689233,484.0929039246191,True,39398.56155899123,149.0,-371.0,520.0,130.3293033256257,9492.864516940686,True,54840.37621632863,206.0,-439.0,645.0,130.929100332585,12463.709732950949,True,46906.11416077988,165.0,-404.0,569.0,130.3293033256257,10513.330089179792,True
1871.983772359257,686459.6635203616,4356648.048648185,3702.0224716033545,127.39955065529762,5.278674145503067,24.922600254552247,11519.139377435371,4.0,-169.0,173.0,128.81305218287457,482.7168640603695,True,41593.64480332815,152.0,-380.0,532.0,129.72261924272198,9804.225635131215,True,58063.02888505385,212.0,-454.0,666.0,129.75294976885834,12933.356764199681,True,49549.48458095356,169.0,-418.0,587.0,129.72261924272198,10873.651469294979,True
1881.8271154524618,686460.4337805671,4356657.861807843,3700.2123020328386,127.95129034039087,12.035374443119675,19.079108895890432,10142.041658215132,4.0,-134.0,138.0,129.06619853262896,485.4111728811604,True,30099.09094713928,153.0,-377.0,530.0,129.94002926625421,9366.217813359654,True,55690.946266317434,189.0,-728.0,917.0,129.94002926625421,12245.247503150402,True,39771.86081133759,166.0,-541.0,707.0,129.94002926625421,10412.725056240377,True
1891.810856971634,686467.6595427316,4356664.751180518,3701.022079493734,127.70447017030983,12.891899658357785,3.360258338171916,8792.246785915919,4.0,-110.0,114.0,128.85519887494888,484.23762662308695,True,22646.79617684822,143.0,-192.0,335.0,129.71359807790873,8930.722600553187,True,29547.73016955082,188.0,-283.0,471.0,131.98334905287584,11605.40128919298,True,25511.923468069646,159.0,-240.0,399.0,129.71359807790873,9863.491317654565,True
1901.3782689733498,686475.4137242564,4356670.355468278,3700.100328784115,127.98541978660182,8.178461790853573,10.229853819810662,7781.672043450883,4.0,-98.0,102.0,129.30645528638343,485.215062658895,True,21188.990089926105,164.0,-158.0,322.0,130.21778463146143,9794.944070691781,True,27266.193536493724,229.0,-195.0,424.0,130.67074474978472,13612.591086972268,True,23603.084452963056,185.0,-174.0,359.0,130.21778463146143,11058.821682355856,True
1911.3620104923523,686485.3957263163,4356670.541827061,3701.047974056411,127.69657750760598,2.2516174715215813,12.913356833741705,7476.065287183259,4.0,-96.0,100.0,129.02109191160957,483.4502126797954,True,21493.195708031693,171.0,-146.0,317.0,129.62059959016756,10839.633323723636,True,27027.132053918736,211.0,-181.0,392.0,129.62059959016756,14460.76516153567,True,23784.760294662334,185.0,-160.0,345.0,129.62059959016756,12162.975550262696,True
1921.3457520113548,686495.3777283761,4356670.728185845,3702.0888212956274,127.37932726909276,4.83579223810014,11.300032645154758,7367.4227303766,4.0,-97.0,101.0,128.8346524030885,482.9283751776393,True,20849.22109799703,173.0,-144.0,317.0,129.96652471633024,10301.527247575053,True,26478.990017412878,214.0,-182.0,396.0,129.96652471633024,14029.315394249465,True,23161.40096091824,188.0,-160.0,348.0,129.96652471633024,11663.59379818256,True
1931.3294935303572,686505.3597304359,4356670.914544628,3699.455515092784,128.18195899971943,7.445005296006769,10.782064944059632,7185.51257820218,4.0,-96.0,100.0,129.74573302045678,484.636890538392,True,20214.624361264094,175.0,-144.0,319.0,130.7497120452838,9832.16798715344,True,25969.92968759626,216.0,-191.0,407.0,130.7497120452838,13653.384702676027,True,22564.5447646127,190.0,-162.0,352.0,130.7497120452838,11220.93820007646,True
1941.3132350493597,686515.3417324957,4356671.100903411,3700.1460177627323,127.97149378591917,11.581398327172174,9.726180325917083,7025.48121475225,4.0,-96.0,100.0,129.69556975124283,484.376940386715,True,19286.786518537032,161.0,-144.0,305.0,130.58265945079302,9059.1232259778,True,25028.056905109523,222.0,-184.0,406.0,130.58265945079302,12888.192013692747,True,21500.64453408544,189.0,-160.0,349.0,130.58265945079302,10317.221392187817,True
1950.9782059042627,686524.8582088075,4356672.788606061,3699.4412437445953,128.18630890664735,13.879158539328154,7.5219773193216986,7127.775971989353,4.0,-97.0,101.0,129.21162605849918,486.05579397084693,True,19015.51357785664,138.0,-147.0,285.0,129.7352262519762,8621.390593284521,True,23573.45357262709,184.0,-185.0,369.0,129.7352262519762,11146.619704201214,True,20909.94129399391,154.0,-167.0,321.0,129.7352262519762,9495.793248935135,True
1960.9619474234285,686533.1945607951,4356678.282268797,3700.3830337282034,127.89925131964355,10.484094252855787,6.224431693564419,7078.051952323397,4.0,-97.0,101.0,128.56375781429324,484.9959978505158,True,19697.398522373707,140.0,-154.0,294.0,129.5525085667948,9217.957558698881,True,24368.42964137189,176.0,-193.0,369.0,129.58718363246567,11658.271365245691,True,21694.220082303815,153.0,-174.0,327.0,129.5525085667948,10098.276573504234,True
1970.9456889420817,686541.5309127826,4356683.7759315325,3698.939984019956,128.33909287071742,12.029817020812773,12.60891143769097,8723.501204477794,4.0,-126.0,130.0,129.266806037999,486.8908454423072,True,25674.988685836455,140.0,-276.0,416.0,129.72742039895434,9185.937940424963,True,43411.532743826676,176.0,-562.0,738.0,129.72742039895434,11630.750435548973,True,32075.12352557868,153.0,-518.0,671.0,129.72742039895434,10066.975605955759,True
1978.9190699495548,686534.5366819225,4356687.604186927,3699.593389118126,128.1399349967951,16.929966405472374,11.429969690038781,6381.225588931655,4.0,-95.0,99.0,130.1402709534741,484.17092964052904,True,19236.56023022121,142.0,-176.0,318.0,130.28827154905707,8443.916985810756,True,26153.232853857462,349.0,-203.0,552.0,130.28827154905707,12680.420111595708,True,21594.260122607917,161.0,-190.0,351.0,130.28827154905707,9394.142144105805,True
1988.9028114685377,686525.215126976,4356691.179618103,3702.2268649177536,127.33725157306867,16.2252051577936,10.597277497619254,6580.421883888311,4.0,-99.0,103.0,129.10087995980143,482.1698067127354,True,19807.081208593572,143.0,-176.0,319.0,130.44626826533545,8560.827131140788,True,26838.12616138039,352.0,-204.0,556.0,130.60499842406557,12924.824128856038,True,22156.3521620466,161.0,-189.0,350.0,130.53555397962123,9512.304328490343,True
1998.5763274751853,686516.8190422802,4356695.984061225,3699.965992094643,128.02636560955284,17.590868609693327,2.7554432527724257,7406.711132837674,4.0,-116.0,120.0,129.15002958779792,485.8610709711504,True,21346.013803253227,143.0,-181.0,324.0,129.90580025574627,8555.12818770681,True,30138.475829433664,228.0,-371.0,599.0,129.90580025574627,11646.948340653656,True,24135.747721362215,162.0,-263.0,425.0,129.90580025574627,9509.550351318918,True
2008.5600689943665,686510.8073128463,4356703.954895807,3700.4365559457087,127.88293774774797,17.081406187543454,2.4375008716726434,8227.442760069862,4.0,-129.0,133.0,129.6160684989636,484.6605860174343,True,22942.442495962117,143.0,-228.0,371.0,130.6111099533755,8537.908126331835,True,34671.46548210172,218.0,-366.0,584.0,130.6111099533755,11491.168352087134,True,28398.065825966307,162.0,-347.0,509.0,130.6111099533755,9494.794937648137,True
2018.5438105136177,686504.7955834123,4356711.92573039,3699.156337451954,128.27314834464437,17.342516678666453,3.9707557565849427,8579.439919314678,4.0,-129.0,133.0,129.39089131487435,486.28496035854437,True,23632.58893685834,143.0,-245.0,388.0,130.22112969320665,8481.267386410222,True,35674.38460549984,221.0,-367.0,588.0,130.22112969320665,11490.167141433285,True,29314.439027875378,162.0,-347.0,509.0,130.22112969320665,9435.116107792863,True
2028.5275520320552,686498.7838539784,4356719.896564971,3699.5342524661414,128.15795984832016,17.175141147719092,12.689239318073172,9659.907482838767,4.0,-138.0,142.0,129.6792808746941,485.6442340364506,True,27948.911018022092,143.0,-345.0,488.0,130.87342066893825,8518.479699774745,True,41335.372273272995,212.0,-395.0,607.0,130.88664677370525,11437.999076944323,True,34435.69249017257,163.0,-370.0,533.0,130.87342066893825,9476.801534759907,True
2038.188259299572,686495.7570546679,4356729.070863355,3699.332042737503,128.2195933736091,17.579945614440717,6.610051761878205,8949.505137303213,4.0,-131.0,135.0,129.66939425860687,485.7113025095846,True,24025.387096899027,142.0,-217.0,359.0,130.141432155536,8597.879977849152,True,36299.471991051054,312.0,-368.0,680.0,130.141432155536,12438.2634870702,True,29050.9363897577,160.0,-350.0,510.0,130.141432155536,9532.4436956924,True
2046.6430836999753,686487.6649492225,4356731.520737862,3700.632532938934,127.82320396021282,17.761478022134458,9.771117874741446,7611.080029805383,4.0,-101.0,105.0,129.1663159318066,484.0118916457634,True,21292.15107607387,194.0,-188.0,382.0,130.16260447047102,8900.643559136206,True,,,-215.0,,,,False,34560.12449146653,505.0,-202.0,707.0,130.16260447047102,20555.328261989787,True
2056.626825218915,686477.6896980208,4356731.932390848,3700.803095137751,127.77121660201351,17.28771689730208,10.121632802855414,7651.622403331377,4.0,-101.0,105.0,129.16406854904722,484.14843260923885,True,27552.95029240297,528.0,-189.0,717.0,130.31055098056208,15298.058549331457,True,94981.00602831636,895.0,-218.0,1113.0,141.16865295063235,79617.34838380023,True,49069.62340004646,795.0,-205.0,1000.0,130.31055098056208,35176.22986940971,True
2066.5730931627213,686467.7652956328,4356732.591544283,3699.883933475488,128.05137707667132,17.226767979826104,2.8682061801860073,8259.09408051439,4.0,-114.0,118.0,129.79606159815557,485.41776235779525,True,22352.639877213856,190.0,-183.0,373.0,130.91925762864503,8585.236447558666,True,,,-214.0,,,,False,34770.616829672996,493.0,-198.0,691.0,130.9442074281435,19472.231865252597,True
2076.5568346814935,686458.4357418866,4356736.146051507,3700.3017196227192,127.92403585899524,17.0105155085904,6.010897757862477,9201.717569485463,4.0,-127.0,131.0,129.6728640205597,484.30436230427404,True,23479.255402909504,188.0,-183.0,371.0,131.0889510884317,8719.051491395016,True,58280.88537858674,851.0,-300.0,1151.0,132.76269799508395,39711.06283160728,True,30852.22364973997,426.0,-220.0,646.0,131.0889510884317,14432.985629198383,True
2086.540576200706,686449.1061881403,4356739.700558733,3700.3901676578025,127.8970768979018,17.489452900251102,10.582863229869584,9568.192337430155,4.0,-126.0,130.0,129.85478607417303,483.65418793645836,True,23657.988495958693,191.0,-188.0,379.0,130.53692319919082,8529.45987354137,True,62831.087312453106,882.0,-321.0,1203.0,132.10634367614534,43224.84484901986,True,32391.263082412177,433.0,-236.0,669.0,130.53692319919082,15405.268699654793,True
2096.524317719478,686439.7766343942,4356743.255065958,3698.666765539262,128.42236986363287,17.602787238251302,17.457402551327974,10061.747433136374,4.0,-126.0,130.0,129.65594642981773,486.50894575407347,True,24555.54851540943,190.0,-213.0,403.0,130.6185151906618,8547.680615491103,True,56348.13609777123,771.0,-369.0,1140.0,130.70369684464504,33924.36424773498,True,32702.41302249,417.0,-302.0,719.0,130.6185151906618,13963.417221114854,True
2106.3271899334836,686431.1560865456,4356747.922234097,3701.2003707003773,127.65012701052501,17.41723490442299,23.123564823407904,10628.609428865711,4.0,-137.0,141.0,129.48973979135485,483.77884508450165,True,28480.238230509472,169.0,-314.0,483.0,130.8389468474486,8509.17005942126,True,45285.50604220388,395.0,-353.0,748.0,130.8697923260156,16823.85185926583,True,34520.09659881096,217.0,-334.0,551.0,130.8389468474486,10029.111604019014,True
2116.3109314525723,686423.9932158543,4356754.876971919,3701.182159783711,127.65567769792483,17.63785949973096,22.812082117061813,10551.605081834761,4.0,-139.0,143.0,129.09670545934978,483.78350230092906,True,28579.675774304436,186.0,-315.0,501.0,129.61649892893251,8680.443824501008,True,48898.33108395067,432.0,-354.0,786.0,129.61649892893251,20431.02046921419,True,35455.617106806836,330.0,-336.0,666.0,129.61649892893251,10992.876632976811,True
2125.956568374164,686415.1512432105,4356758.73155768,3702.522418454848,127.24716685496242,15.782986635810655,23.654475070933685,10240.60065328171,4.0,-130.0,134.0,128.7630005707283,483.4648745831703,True,32643.61525431733,446.0,-214.0,660.0,129.81973008552086,16094.943156778383,True,,,-343.0,,,,False,44933.95525921423,504.0,-280.0,784.0,129.81973008552086,25835.37199983438,True
2135.940309893218,686405.4127667019,4356760.930914407,3698.7516657591636,128.39649227660698,14.870494811177592,23.563659285196575,10236.410050347964,4.0,-129.0,133.0,129.84649706742152,486.2526001298802,True,38440.228844791636,511.0,-201.0,712.0,130.63263768079173,22109.51936766882,True,,,-322.0,,,,False,61884.46042660317,819.0,-252.0,1071.0,130.63263768079173,43381.76090975167,True
2145.924051412067,686395.6742901932,4356763.130271132,3699.773880191669,128.0849213175793,15.160385995140127,24.99845458894525,10622.1011982358,4.0,-137.0,141.0,129.1165221798608,485.84733563842474,True,35481.77442155129,451.0,-260.0,711.0,129.75649563252523,17184.979344754585,True,,,-367.0,,,,False,49175.99861283497,506.0,-323.0,829.0,129.75649563252523,27128.113480717242,True
2155.8642805702625,686386.8352507687,4356767.67774711,3699.9865808022328,128.02009017147952,16.14950897620134,27.850064055791133,11684.584333152952,4.0,-155.0,159.0,129.02063728686517,486.47955115774107,True,33816.97363753258,220.0,-307.0,527.0,129.82193070943777,9604.299842608689,True,60922.58828209793,670.0,-345.0,1015.0,129.82193070943777,28535.848794770638,True,43704.13009148164,411.0,-328.0,739.0,129.82193070943777,15137.29001463341,True
2165.548234182623,686379.5418960763,4356774.048456246,3699.740595289902,128.0950665556379,16.40896122768126,29.16778289862081,12819.477740562235,4.0,-189.0,193.0,128.92569205234918,486.30217102494817,True,39653.58980713192,150.0,-330.0,480.0,129.67703600432787,8852.703416073771,True,55295.1776112166,371.0,-371.0,742.0,138.52579132606797,15075.289396548116,True,46128.77582365667,207.0,-352.0,559.0,129.67703600432787,10306.56433982022,True
2175.5319757016573,686374.2094019912,4356782.488811781,3700.172391194144,127.96345516402494,16.79625252544122,28.509108414562025,12506.875765701614,4.0,-197.0,201.0,128.53980477521986,485.7104733295371,True,42106.26643942027,144.0,-340.0,484.0,129.14147862674804,8795.77848922963,True,55907.04600361503,249.0,-381.0,630.0,141.99057068965965,12639.500820195217,True,48518.11846236467,183.0,-362.0,545.0,129.14147862674804,9893.21822796843,True
2185.1007439596992,686370.1437001795,4356791.150878206,3700.516436823567,127.85859005617681,16.27375349618316,25.72104437048148,11890.796665201491,4.0,-180.0,184.0,129.7879828511766,484.2590021518138,True,43716.178404842474,142.0,-375.0,517.0,130.85981610719068,8827.384992132635,True,58920.61009939087,201.0,-430.0,631.0,145.0367030710985,11652.535063681884,True,51174.830687256836,160.0,-402.0,562.0,130.85981610719068,9759.83601057067,True
2193.4672676163814,686369.5150886639,4356799.493753349,3697.729585844111,128.70802223471492,16.38750694192797,26.14207686722512,12208.06818360939,4.0,-190.0,194.0,129.9268784737544,486.6390771578667,True,41736.79278370137,176.0,-342.0,518.0,130.85079673020073,8763.297729963853,True,57420.93852062368,363.0,-383.0,746.0,139.09908635814395,14364.708499231012,True,48666.43925418497,205.0,-364.0,569.0,130.85079673020073,10307.92930605418,True
2203.012484595117,686361.5622345462,4356804.7723212,3700.145266841862,127.9717226666005,14.072788346329155,27.063328792788944,12406.097503606046,4.0,-194.0,198.0,128.97930173256532,483.92810128916335,True,42224.89630178535,209.0,-338.0,547.0,129.74550098748887,10020.591745398066,True,63287.17741313817,402.0,-378.0,780.0,138.08220252108993,21224.369975151534,True,50509.989156655516,320.0,-360.0,680.0,129.74550098748887,13037.828098444246,True
2212.9962261144115,686357.050610935,4356813.678518319,3701.5210100894537,127.55239612473451,15.081269220746606,27.105205495342222,12237.548131392698,4.0,-188.0,192.0,129.34551515817225,482.3538989357146,True,42553.473325946776,162.0,-350.0,512.0,130.16674271269198,8834.83987816695,True,58202.308528701695,269.0,-399.0,668.0,148.4116541085084,13733.355934637239,True,49766.912335572466,205.0,-375.0,580.0,130.16674271269198,10361.165178230887,True
2222.9799676328225,686352.5389873239,4356822.584715436,3702.5961475593404,127.22469422391305,13.855788601301482,27.76576277213225,12400.097486791947,4.0,-187.0,191.0,129.19124981405366,483.0634181344649,True,43381.751813290066,176.0,-354.0,530.0,130.3556184997833,9142.932568263137,True,60073.58096265343,365.0,-403.0,768.0,147.8584864118243,14809.52124478585,True,50850.458423596676,209.0,-380.0,589.0,130.3556184997833,10767.098987452597,True
2232.963709152117,686348.0273637127,4356831.490912555,3700.0026730949403,128.01518524066228,14.516959982964844,32.43840979840009,13421.149746178467,4.0,-189.0,193.0,130.13132827529557,485.15140237470655,True,46566.630435262006,156.0,-384.0,540.0,131.21452624439803,8817.758155291378,True,64102.71042082296,252.0,-441.0,693.0,145.14329162839977,13236.429724335461,True,54859.92574593755,200.0,-415.0,615.0,132.74673010336141,10193.846572645149,True
2242.9469517452067,686346.4883148826,4356841.35480942,3698.2519276692988,128.54881244639773,14.461542322841296,33.57599437963779,14423.32548319368,4.0,-203.0,207.0,129.36334101789066,487.7255798412082,True,50634.99316081016,146.0,-421.0,567.0,130.8243479873056,8635.059289509174,True,69655.89674860056,229.0,-475.0,704.0,142.75871315297468,12250.733886319755,True,59955.048304396725,181.0,-448.0,629.0,134.09437572641468,9755.097077942028,True
2252.9306932639847,686344.9523022195,4356851.219684473,3697.1861420683485,128.87366389756744,13.28455537003826,33.19354967735051,14309.751117323576,4.0,-206.0,210.0,129.52962171639865,486.2086162342748,True,51383.27900352575,153.0,-424.0,577.0,130.42646944005264,8840.98464163248,True,71006.11943472907,238.0,-481.0,719.0,142.75889736630631,12814.667880839566,True,60965.77989763702,191.0,-451.0,642.0,132.83997526288272,10104.321689000757,True
2262.914434783683,686343.4162895563,4356861.084559527,3697.9265688109604,128.64798182641925,11.10104812570091,32.31338289241952,13970.077087524927,4.0,-203.0,207.0,130.31454473393865,485.8518761997209,True,51560.97237275985,164.0,-427.0,591.0,130.47590869925125,9245.525146588923,True,71861.0420129278,248.0,-490.0,738.0,141.4725563720632,13596.994494054714,True,61425.604252416655,200.0,-455.0,655.0,131.18027724348008,10669.419071753697,True
2272.8981763024613,686341.8802768931,4356870.94943458,3699.8094616029657,128.07407610341602,8.433606456768292,31.423653708054665,13588.413605019685,4.0,-200.0,204.0,130.22601139358494,484.7159766492007,True,51868.70674114079,180.0,-429.0,609.0,130.97203919364165,9817.072245309097,True,72863.03433581413,251.0,-507.0,758.0,139.2289966186073,14481.732072829946,True,61964.98209044615,203.0,-459.0,662.0,130.97203919364165,11362.862113871277,True
2282.8819178212216,686340.3442642301,4356880.814309633,3700.4919539443154,127.86605243777262,5.775742672045688,30.4272939405998,13243.185158427897,4.0,-198.0,202.0,129.35015627272583,484.31323681086315,True,52603.579357199706,187.0,-433.0,620.0,130.79246194024995,10534.806406936616,True,74525.58602809033,254.0,-530.0,784.0,139.4511717951624,15414.427913298332,True,62961.65226777871,207.0,-467.0,674.0,130.79246194024995,12142.116608074026,True
2292.8471932059333,686338.8905716834,4356890.672985583,3700.067833744109,127.99532427479562,9.82001263357359,26.885319262586968,11959.79470572171,4.0,-186.0,190.0,129.10407849963326,485.3367250869376,True,54469.84595345158,154.0,-600.0,754.0,129.9172492116361,9577.972535217536,True,99940.77285659137,225.0,-827.0,1052.0,132.98571929137324,13332.985900856664,True,75072.73799504167,186.0,-790.0,976.0,129.9172492116361,10794.887969108227,True
2302.830934724368,686341.8866296997,4356900.196573723,3701.961588769034,127.41810774319856,13.95624314609614,17.045422581166243,9366.850805812119,4.0,-141.0,145.0,128.45670605979672,483.9775068526483,True,47885.41921392386,145.0,-724.0,869.0,128.98843219764603,9015.186007777787,True,97868.0860047583,216.0,-828.0,1044.0,158.54798716597384,11981.451041153081,True,73693.86579174985,161.0,-780.0,941.0,128.98843219764603,9975.590092125643,True
2311.8443159941585,686347.7888903202,4356907.008648406,3700.7318915737474,127.79291944832175,8.617815265266573,20.82959109276735,10596.858218959915,4.0,-168.0,172.0,128.72154412968052,484.71996734780987,True,51346.91193942241,174.0,-722.0,896.0,129.31414777835084,10145.261042035057,True,102008.26915186478,271.0,-803.0,1074.0,152.90907881451858,15428.854291192067,True,77235.37685007285,216.0,-765.0,981.0,129.31414777835084,11695.174343204391,True
2321.7749829397803,686357.1913970095,4356910.204116125,3699.914133914413,128.04217198288688,2.5342908617781172,27.82872007383263,12985.74391737623,4.0,-220.0,224.0,129.3340312298385,485.499173162995,True,82721.89838906482,230.0,-701.0,931.0,130.1628224236083,11764.451760001739,True,132713.74813602187,309.0,-786.0,1095.0,187.23518972026864,18851.202373461016,True,108029.58848563884,252.0,-743.0,995.0,149.52685638693538,14228.44533977285,True
2331.7587244587367,686367.1260211971,4356911.193225305,3699.5950740354388,128.13942143399822,1.7979452169297299,30.599403309264037,14229.899359325651,4.0,-229.0,233.0,129.53235418085137,485.1704524177678,True,90194.454539009,238.0,-683.0,921.0,138.23594024440877,11909.690247881575,True,138482.1640006407,299.0,-767.0,1066.0,210.19576073768428,19340.32819238026,True,114524.90742112855,265.0,-725.0,990.0,172.62631629323982,14588.029405043602,True
2341.7424659778085,686377.0606453847,4356912.1823344845,3698.7082599511227,128.40972236689777,3.4605914929936916,31.19767813296445,14794.625105722756,4.0,-238.0,242.0,130.03511825334385,486.2419129964892,True,91193.7647060719,233.0,-681.0,914.0,140.98504047944482,11468.404687532082,True,138993.3366125785,302.0,-765.0,1067.0,211.95613598584805,18807.371260342697,True,115251.45375137302,258.0,-720.0,978.0,174.41670088586034,14016.801281856948,True
2351.7262074966725,686386.9952695722,4356913.171443664,3698.847293089563,128.36734506630114,5.988590626148576,31.57058937494635,15383.272385236498,4.0,-252.0,256.0,130.12569617224517,486.7414136459752,True,92330.50289501708,228.0,-679.0,907.0,142.9912260069658,11118.481574895193,True,139608.58436568323,307.0,-761.0,1068.0,212.81605101749233,18217.21945199339,True,116247.48998364953,251.0,-718.0,969.0,175.6224508858504,13546.59417400414,True
2361.7099490157443,686396.9298937599,4356914.1605528435,3699.478534924327,128.17494255506517,8.27685700335762,32.92133516044564,16070.318307564612,4.0,-265.0,269.0,130.17431954831113,484.3098718296915,True,93531.87059100482,225.0,-675.0,900.0,144.32758024248255,10700.565087410343,True,140027.03135499905,302.0,-754.0,1056.0,213.6228930390647,17393.286730051313,True,117181.79421423981,244.0,-718.0,962.0,178.76203202950353,13032.56081087314,True
2371.6906286029293,686406.8661256845,4356915.101435495,3699.9568625369925,128.02914829872475,8.477884837637404,34.65103143845095,17011.13371290877,4.0,-278.0,282.0,130.38700860408494,485.48364380076396,True,94840.69266443652,227.0,-658.0,885.0,151.48624139378137,10560.86767820238,True,139447.1711738779,307.0,-732.0,1039.0,221.59476546096755,17588.74281989561,True,117367.04915488076,249.0,-696.0,945.0,190.76143212763418,12953.220609844548,True
2381.674370121823,686416.844567365,4356914.776171995,3696.6744942731334,129.02961414554898,7.992150577139184,37.29030305291856,18168.32753105186,4.0,-274.0,278.0,130.71406045521394,486.3604372345378,True,94298.0636242498,229.0,-650.0,879.0,161.372320170761,10477.907075660083,True,138361.14718087562,303.0,-725.0,1028.0,223.72005633370736,17669.18698194391,True,116489.27949557031,253.0,-691.0,944.0,196.42838966704062,12928.627510255383,True
2391.658111640863,686426.8230090457,4356914.450908495,3699.6280404510185,128.12937327052964,9.412560871604986,39.13748774546941,19175.580012538332,4.0,-286.0,290.0,130.42686350161148,483.8230444856929,True,94671.70601517176,225.0,-649.0,874.0,162.1955760944736,10139.685081241729,True,138295.85571097027,307.0,-727.0,1034.0,222.6237854695221,17028.98773308869,True,116649.75757992851,245.0,-689.0,934.0,195.95711880285535,12471.979535035305,True
2401.6418531597565,686436.8014507262,4356914.125644996,3698.7347504704817,128.4016480565972,10.284524537367675,40.56009892016086,20218.328868068107,4.0,-293.0,297.0,130.57380615853594,484.949170689898,True,94739.01736062611,221.0,-647.0,868.0,165.14590099229224,9790.890427712595,True,137857.4844512595,301.0,-732.0,1033.0,221.76067908390905,16236.082391996326,True,116494.82368183752,239.0,-689.0,928.0,196.47102831235418,12031.058766593009,True
2411.6255946787965,686446.7798924069,4356913.800381496,3696.648641913525,129.03749394475767,11.63192997141005,41.246727733145164,21052.379364399418,4.0,-297.0,301.0,131.3471205043079,487.1354838039724,True,94344.76790264112,218.0,-647.0,865.0,165.02534226181638,9397.386465791906,True,137388.44524584408,288.0,-743.0,1031.0,219.55611003995,15461.852302118727,True,116136.79968880201,235.0,-689.0,924.0,195.47177083324493,11566.490884718074,True
2421.6093361978365,686456.7583340876,4356913.475117995,3696.9734704694483,128.93848620091217,13.290688109254262,41.84997999000178,21769.641677708358,4.0,-304.0,308.0,131.37794701781945,486.78878967044056,True,93894.94834623803,208.0,-650.0,858.0,165.294398553747,9044.117125556157,True,137258.91030262716,272.0,-753.0,1025.0,218.50950318095647,14802.153556117128,True,115767.18832645874,231.0,-693.0,924.0,194.94012411686606,11150.565781882999,True
2431.59307771673,686466.7367757681,4356913.149854496,3698.4512413901534,128.48806162428127,13.921652616439308,42.04874087029446,22204.22026980006,4.0,-310.0,314.0,130.78894725406144,485.0566514952827,True,93275.96064820052,198.0,-650.0,848.0,166.893462346678,8759.186254181726,True,137249.67977909636,262.0,-761.0,1023.0,217.84584329905897,14285.085905987482,True,115322.09843559847,228.0,-704.0,932.0,195.55417663239223,10780.419249253682,True
2441.57681923577,686476.7152174488,4356912.824590996,3697.8617385765456,128.66774208186894,15.049547043639802,41.56806276535771,22058.02282611499,4.0,-311.0,315.0,131.00595728449116,485.4906848001863,True,91931.46656948165,192.0,-653.0,845.0,167.15085052224515,8545.381890791057,True,136452.2367956751,257.0,-754.0,1011.0,215.26481465152074,13906.14611964263,True,114401.0093937111,224.0,-717.0,941.0,193.89083054744742,10499.377572852136,True
2451.5605607546636,686486.6936591293,4356912.499327497,3697.9790143740265,128.6319964187967,15.18014475663857,39.07153302756901,21598.41942612968,4.0,-303.0,307.0,131.1341775720948,484.50177495516164,True,89853.32465559563,197.0,-659.0,856.0,169.25682241560298,8564.15374647611,True,134613.64360091533,254.0,-754.0,1008.0,213.8571195274916,13845.46539231201,True,112762.07659942638,224.0,-719.0,943.0,194.32234210180377,10484.0884272734,True
2461.5443022737036,686496.67210081,4356912.174063996,3698.9075311336173,128.34898451047343,16.053334528162125,37.576919207019905,20793.11895957865,4.0,-293.0,297.0,130.5629195709928,484.4808166273742,True,87593.05914457794,190.0,-668.0,858.0,166.72760505844371,8650.770931572817,True,132414.91279806674,252.0,-753.0,1005.0,209.74556653635148,13833.34314567487,True,110638.11584914043,223.0,-717.0,940.0,190.92403362987238,10486.526502939803,True
2471.528043792597,686506.6505424905,4356911.848800497,3700.348978812838,127.90963125784697,16.83340890444917,37.451787622882456,19331.64048398225,4.0,-268.0,272.0,130.00215600523666,483.4193999244328,True,83499.23812591366,189.0,-686.0,875.0,159.00626483675455,8711.40605102054,True,130901.56506469006,255.0,-791.0,1046.0,197.85764225016533,13991.099743332694,True,107542.26937396842,224.0,-736.0,960.0,180.8437533612764,10619.125847987612,True
2481.312214289291,686516.2388760616,4356909.901019288,3698.9504488710704,128.3359031840978,17.38489460854639,33.78746486610526,15968.724617873839,4.0,-229.0,233.0,130.36176240975396,484.34189414721914,True,59234.64051764304,190.0,-616.0,806.0,137.40579565665985,8617.87763421088,True,,312.0,,,,,False,83646.77567306031,237.0,-828.0,1065.0,151.61538469431798,10727.730544563743,True
2491.295955808523,686525.2745505001,4356905.654646464,3699.2423489002567,128.2469320552018,18.765704707599962,36.264795995311964,17366.534661621332,4.0,-263.0,267.0,129.6998469470086,485.55514821110773,True,91394.52964204882,146.0,-694.0,840.0,145.85989035142097,8242.196751612366,True,137443.82826998123,234.0,-788.0,1022.0,204.17734149520754,11873.862350920372,True,115074.39189984562,175.0,-739.0,914.0,172.6996201095609,9289.417605895642,True
2499.727816135131,686528.3372467165,4356913.510609833,3700.517802933486,127.85817366587344,18.991541330255952,34.44086497006039,13467.162469783743,4.0,-178.0,182.0,129.5958129031053,484.47670641941477,True,45848.18708450847,142.0,-489.0,631.0,130.24071311086414,8610.117787662552,True,92172.39936058478,202.0,-868.0,1070.0,139.9286761042888,11483.787476915657,True,65616.92209730115,162.0,-828.0,990.0,134.2389495373743,9565.53490573331,True
2509.3596944088067,686537.2482251605,4356917.166774797,3700.9369728481047,127.7304106758977,20.813793937645002,39.65028270525776,20711.432911891297,4.0,-306.0,310.0,129.1240723864753,483.93717578390783,True,94253.28935935447,144.0,-659.0,803.0,166.82962956211452,8471.326218956909,True,135789.8163350736,238.0,-740.0,978.0,217.2500974785405,11998.25483382404,True,115533.27515336519,170.0,-701.0,871.0,193.3374979725338,9463.65840420245,True
2518.9783111579573,686546.864983512,4356917.355843507,3699.4953209155906,128.16982618492807,20.10312684862677,36.673578620116366,18697.24299867176,4.0,-242.0,246.0,129.27694790721898,486.2243203362425,True,81751.0525819285,165.0,-697.0,862.0,150.19117375059295,8936.650913335814,True,130134.46298847566,255.0,-804.0,1059.0,182.80292357867688,13458.643787300116,True,106149.31755366322,195.0,-755.0,950.0,168.01125691201014,10267.322184152836,True
2528.962052676857,686556.5982789731,4356915.133670205,3699.47617390136,128.17566219486548,20.03405318703431,35.31823207575928,15107.092453216934,4.0,-204.0,208.0,129.58215315277653,485.7866517252364,True,53988.784438504306,176.0,-577.0,753.0,131.34081822193752,8973.8798463559,True,,260.0,,,,,False,74501.17332553328,227.0,-772.0,999.0,141.67341686002305,10653.279598151576,True
2538.7776787799985,686565.612486768,4356911.249011452,3701.424749929336,127.58173622153845,18.380906841369974,31.325599814348738,13091.853122387682,4.0,-187.0,191.0,130.26586956888673,481.97406753175846,True,44960.458330927366,177.0,-496.0,673.0,131.82483939499093,8836.711428088369,True,79975.1201975166,263.0,-788.0,1051.0,140.13262788689713,14171.102624650219,True,60046.298988153045,229.0,-617.0,846.0,131.87210134351426,10567.073314402389,True
2548.118727081732,686574.326788642,4356907.885066413,3699.872016058913,128.05500950524333,17.031297206401593,32.01735045210759,17480.830943887457,4.0,-292.0,296.0,130.30182449160156,483.7139670354418,True,85985.88556162329,143.0,-662.0,805.0,158.59432873080277,7997.481764893411,True,127227.80306721205,214.0,-741.0,955.0,202.1020861012547,11047.142987918247,True,107322.54112396788,163.0,-701.0,864.0,182.8138732841536,8956.259552349562,True
2557.2945692127814,686580.4375701065,4356914.730095902,3698.8448128716277,128.36810103672792,10.218656776882993,22.73305323339629,11443.332042138572,4.0,-171.0,175.0,129.7687737265412,485.54437927000527,True,35977.524988638994,145.0,-386.0,531.0,130.86016257607025,9017.702607390922,True,54361.947703907965,213.0,-540.0,753.0,131.35861201098442,12144.209414892634,True,44291.10871265043,166.0,-436.0,602.0,131.0233866958058,10019.5495552519,True
2567.2783107315477,686584.9885608536,4356923.616241182,3701.674039634426,127.50575271942694,11.052149115915874,30.88712493622503,14515.078974406666,4.0,-205.0,209.0,129.15756461769865,482.84257051511827,True,51141.5086369331,147.0,-504.0,651.0,130.34989202145516,8990.676158151924,True,96684.42816796503,202.0,-884.0,1086.0,152.27885340245314,11883.862691142169,True,69254.30679065122,161.0,-840.0,1001.0,141.09829784689748,9965.175483503306,True
2576.3161351001586,686593.0811647017,4356927.6401736215,3701.3420351731515,127.60694767922337,19.160124575896862,40.98555922559632,21452.026639741278,4.0,-295.0,299.0,129.36511786328379,482.5248207290292,True,92693.3628316166,143.0,-665.0,808.0,169.2254662563123,8300.704916617882,True,134489.77563897605,197.0,-753.0,950.0,208.9501452336035,11169.684234602515,True,114392.84297456205,162.0,-708.0,870.0,191.54689482774097,9261.160309171115,True
2586.2998766192454,686602.9348614299,4356929.246335354,3700.8515173611395,127.75645750832473,16.84491820594064,38.35765464763656,16843.077855202788,4.0,-212.0,216.0,129.61272613761275,482.31516689323485,True,77609.09197607207,142.0,-696.0,838.0,142.39950341508495,8441.3277151042,True,124411.09336446848,235.0,-800.0,1035.0,184.68967432207808,11614.545170412362,True,101599.81773476534,162.0,-752.0,914.0,156.60822312779237,9391.571211067803,True
2596.126252493924,686612.4526903783,4356926.803264553,3702.483790909585,127.25894053075854,17.376168854868176,36.99971157873586,13405.176819062708,4.0,-170.0,174.0,129.25263540339188,480.5783295587139,True,48534.245494293384,142.0,-533.0,675.0,134.7415637225422,8366.298200210782,True,,259.0,,,,,False,65879.85504152538,166.0,-705.0,871.0,142.68799229397086,9332.609153124095,True
2606.109994012987,686621.9070970033,4356923.595572222,3703.84304989744,126.84463839126033,15.928876732634322,35.33758986790084,12523.213051940433,4.0,-158.0,162.0,128.65025007654958,479.59021832328904,True,42953.093021416295,142.0,-486.0,628.0,133.89057182611828,8227.202195748197,True,,259.0,,,,,False,57036.61668371888,164.0,-636.0,800.0,141.21200039754694,9186.490132842748,True
2616.0937355320502,686631.3615036283,4356920.387879891,3703.5946653058186,126.92034601478645,16.471432520428454,33.69355090213204,12101.620160466464,4.0,-150.0,154.0,129.217030240678,479.17721871630147,True,40349.22838162357,141.0,-466.0,607.0,134.3420719705341,7988.3429210597305,True,,255.0,,,,,False,53444.158934963336,163.0,-620.0,783.0,141.03850054196278,8933.914439387208,True
2626.077477050814,686640.8159102533,4356917.180187562,3700.450902405654,127.8785649467568,17.06592905672091,30.289343590255605,11632.684210353287,4.0,-138.0,142.0,129.69459103577378,483.4762547623957,True,36746.334585138415,141.0,-436.0,577.0,135.91229761204022,7910.959705488631,True,62868.909038271086,254.0,-671.0,925.0,146.98930042380857,11288.667321595814,True,47374.35118867071,162.0,-538.0,700.0,142.10842915115086,8859.057841181024,True
2636.02045637809,686650.0303287511,4356913.444236591,3699.698267226929,128.10796814923197,17.103624116112407,23.72382145866391,11043.689409245153,4.0,-125.0,129.0,130.3652910276137,483.3565923437286,True,30704.753780278188,141.0,-389.0,530.0,137.94174183819223,7900.094268512396,True,48281.29226812969,261.0,-477.0,738.0,147.46555136200186,11321.787651747787,True,38983.748345624306,163.0,-431.0,594.0,143.29888469533512,8844.396789038727,True
2646.004197897113,686658.6657152281,4356908.433728123,3701.5184851292834,127.55316573259438,17.113689659070502,18.30968359339476,10471.023171387496,4.0,-120.0,124.0,129.7547745149393,481.38329984235133,True,26290.158164545293,141.0,-346.0,487.0,134.86152032157975,7922.554840282941,True,41475.012997726364,264.0,-428.0,692.0,143.5916790517383,11374.178193152766,True,33245.4660559304,163.0,-395.0,558.0,139.77223460729397,8867.862297689806,True
2655.9879394156687,686667.3011017051,4356903.423219656,3701.8213822923863,127.46084267728065,14.679429153547153,14.362504474147707,10152.163576489542,4.0,-117.0,121.0,129.6138144727645,480.4891429058148,True,25140.45257001337,142.0,-312.0,454.0,134.23098110000092,8159.538500135313,True,39568.86515178782,260.0,-418.0,678.0,141.8500287190484,11599.032855886835,True,31643.158008454146,162.0,-384.0,546.0,138.51669538571514,9112.019295452907,True
2665.971680934692,686675.936488182,4356898.412711187,3705.069066026703,126.47094867506098,14.20298206608444,17.080557495658017,10301.811724050713,4.0,-120.0,124.0,128.84138753071443,476.9577067327816,True,29182.142709374843,143.0,-400.0,543.0,133.8339743907261,8202.41757937483,True,48848.905158013644,233.0,-611.0,844.0,141.5200841282151,11465.241193495774,True,37901.020932008156,162.0,-444.0,606.0,138.11968867644032,9157.913568956657,True
2675.2574337108877,686685.0860296222,4356896.828067361,3700.391548482582,127.89665602250898,13.966870355654157,15.262403604457782,10481.809407394487,4.0,-122.0,126.0,130.24821477674664,482.3057882288176,True,32981.830708060086,143.0,-444.0,587.0,135.18419813405876,8216.84119298723,True,,202.0,,,,,False,44818.25715952403,162.0,-589.0,751.0,139.29134099120165,9172.47873490976,True
2685.1842529133846,686694.6126144575,4356894.037741062,3699.3878177449665,128.2025931513342,14.40763324709963,6.688016029186591,9828.906922433289,4.0,-115.0,119.0,130.30841426638767,484.5918907015207,True,27906.55141056649,143.0,-399.0,542.0,138.2395286389592,8235.935488518557,True,47823.06700259249,210.0,-621.0,831.0,143.79508419451486,11135.084402785353,True,36604.32467341435,162.0,-445.0,607.0,141.3645286389592,9194.433806382178,True
2695.156959660719,686704.0283686005,4356890.751640975,3700.1478249746046,127.97094294774047,13.386407258604567,0.26108132951494084,9183.509841701081,4.0,-109.0,113.0,130.24708585691565,483.3125526504766,True,24383.635197120904,143.0,-353.0,496.0,136.55628537128564,8197.60365657059,True,39739.73889728769,212.0,-440.0,652.0,141.35713541212203,11119.890342544722,True,31675.30429423134,162.0,-407.0,569.0,139.2043576343442,9155.851851395226,True
2705.140701179665,686713.177106817,4356886.75468166,3700.071486545502,127.99421090093097,13.372814991103974,4.900336776937792,8673.085099952828,4.0,-105.0,109.0,130.31514239017247,483.08826022066955,True,22131.95133660316,143.0,-284.0,427.0,135.20842936488816,8113.366322127527,True,35278.08590390186,211.0,-415.0,626.0,139.2149139892506,11008.254802672162,True,28031.318446646168,161.0,-376.0,537.0,137.44057222203105,9067.20104850677,True
2715.124442698611,686722.3258450335,4356882.757722345,3699.6583192172334,128.12014430258728,14.006148214385483,9.336330553928065,8203.209653853837,4.0,-102.0,106.0,130.1774495195184,483.4272239941188,True,20386.686431709957,142.0,-262.0,404.0,133.15594190946422,8031.931249560064,True,30937.99575152136,209.0,-383.0,592.0,136.76475865657244,10848.597291264774,True,24633.730951755766,158.0,-303.0,461.0,135.16753643435027,8967.159706105802,True
2725.0947624342357,686731.1553314934,4356878.126583772,3700.456107097521,127.87697855667557,14.024695680186706,13.582513069258255,7756.003313742246,4.0,-98.0,102.0,130.11944700388676,482.59298497827217,True,19082.894885593254,142.0,-161.0,303.0,133.2416274983866,7980.665188229585,True,26338.709047907058,210.0,-282.0,492.0,135.9584923758705,10781.227009867493,True,22028.362809965467,157.0,-259.0,416.0,134.72096886223585,8903.993704395167,True
2735.078503952854,686739.8152070352,4356873.158520738,3701.493130611941,127.56089378948036,15.395195440631788,16.563434832416675,7379.134658558625,4.0,-94.0,98.0,129.9856386396484,481.21126751136785,True,18365.66534830485,138.0,-147.0,285.0,132.52511800496472,7924.159068872728,True,24263.845301722482,202.0,-264.0,466.0,134.8620515013813,10503.461214656012,True,20522.053706806342,149.0,-210.0,359.0,133.82038483471456,8765.035205384444,True
2745.062245472037,686748.4750825771,4356868.190457703,3700.5105647155747,127.86037987469285,16.93632639185973,19.46821568286115,6979.43758882024,4.0,-90.0,94.0,129.5809174422236,483.4237806748745,True,17685.729617457262,137.0,-137.0,274.0,131.13924481548202,7908.56260876912,True,22374.517160328942,202.0,-219.0,421.0,132.66200562134713,10446.409222162245,True,19420.57496140129,146.0,-171.0,317.0,131.9675611769028,8725.46215090132,True
2754.968757512035,686756.6349081098,4356862.572964661,3700.6745869674087,127.8103858923339,17.07185179868804,22.55710250211985,6672.073110079941,4.0,-86.0,90.0,129.85386703659833,483.135722785951,True,17267.065624498788,140.0,-138.0,278.0,131.44097887644762,7983.56825884289,True,22037.63763826838,219.0,-186.0,405.0,132.32965894925587,10877.11467299949,True,19094.69543421497,158.0,-157.0,315.0,131.91299228258913,8905.025965892812,True
2764.952499031391,686763.6513530356,4356855.470528788,3701.4978123212136,127.55946680449415,16.99784888228024,21.946979219624904,6623.078179290557,4.0,-86.0,90.0,128.95797293920623,483.0063225337028,True,17080.22133095804,132.0,-139.0,271.0,130.02848017286783,7864.123720884766,True,21396.092411858335,203.0,-187.0,390.0,131.1513479851385,10304.714289551453,True,18755.090186871752,144.0,-157.0,301.0,130.5263479851385,8629.570911083149,True
2774.571653830345,686772.2251681063,4356851.109584603,3699.5969439189053,128.13885149351768,22.101859371522266,19.554706673617844,6674.486337035278,4.0,-87.0,91.0,129.23692520594318,485.8882346690141,True,17293.348541922383,120.0,-138.0,258.0,130.0870119878091,7867.309167829355,True,22049.947370468555,176.0,-274.0,450.0,130.43365040547496,9850.587871475662,True,18848.36347634783,133.0,-170.0,303.0,130.0870119878091,8509.608045114295,True
2784.555395349295,686781.9186145614,4356848.719565663,3700.6481996410835,127.81842874939775,21.11227069118816,19.039954569306037,6437.868654420262,4.0,-87.0,91.0,130.2565699838949,483.1362538663602,True,16742.482092413775,118.0,-138.0,256.0,131.28347677796637,7627.50362546597,True,21347.953751690293,164.0,-276.0,440.0,131.28347677796637,9462.365049754624,True,18252.611070985015,131.0,-165.0,296.0,131.28347677796637,8248.69447871187,True
2793.5562896873885,686790.2458066634,4356845.302846391,3703.0212298726456,127.09512913481763,18.927837456257908,25.227810575484696,5669.172345075503,4.0,-79.0,83.0,128.31472738190905,480.74651019471025,True,16279.00201466334,143.0,-131.0,274.0,128.5021225588432,8475.491587826305,True,20776.253559704077,201.0,-173.0,374.0,128.5021225588432,11351.3593958727,True,18018.766285374346,163.0,-146.0,309.0,128.5021225588432,9435.00819270976,True
2803.54003120676,686789.8448270652,4356835.327160445,3726.6801443843983,119.88389199163544,15.29744979395646,7.995845480143979,5942.685869723007,4.0,-91.0,95.0,119.97900380207147,454.61485433012854,True,17700.587195235308,151.0,-140.0,291.0,120.00832793925656,8886.746250820017,True,22453.011950125514,199.0,-172.0,371.0,120.00832793925656,11817.206026829877,True,19663.139558206858,163.0,-158.0,321.0,120.00832793925656,9923.51661827571,True
2813.5237727251965,686789.4438474672,4356825.3514745,3747.67364839226,113.48507197003914,12.539540090772654,6.898664380504018,5475.163632782924,4.0,-86.0,90.0,113.48507197003914,429.460824045286,True,16792.29836464121,144.0,-142.0,286.0,113.50807012465361,8486.116179108572,True,21377.022049262683,199.0,-164.0,363.0,113.50807012465361,11345.66092920926,True,18677.45316098883,162.0,-153.0,315.0,113.50807012465361,9465.463174212684,True
2823.507514244568,686789.042867869,4356815.375788555,3762.169075314472,109.06686584414888,10.58628095678028,5.9512171291585565,5063.089292023672,4.0,-83.0,87.0,109.37737435292547,412.5762011709962,True,15774.825032921683,144.0,-138.0,282.0,109.4622906346683,8130.193948246219,True,20290.52297306466,201.0,-162.0,363.0,109.4622906346683,11001.73701400303,True,17596.236702539412,162.0,-150.0,312.0,109.4622906346683,9094.491535226403,True
2833.491255763009,686788.6418882709,4356805.40010261,3775.658916884442,104.95516213362203,8.10561611309053,5.93971922746395,4633.008963108696,4.0,-80.0,84.0,105.88165216613174,397.1229653749367,True,14854.371106543684,143.0,-131.0,274.0,106.32284325250703,7873.678192080004,True,19296.858430247627,200.0,-158.0,358.0,106.32284325250703,10734.78778737245,True,16631.120694728896,162.0,-148.0,310.0,106.32284325250703,8832.039857140917,True
2843.474997282376,686788.2409086728,4356795.424416664,3785.7803584280623,101.87014675112664,5.290654920718271,5.796593748213248,4235.921797507287,4.0,-77.0,81.0,103.32067425149398,386.0009339561823,True,13922.572847643927,143.0,-125.0,268.0,103.92386696207996,7564.684661230942,True,18270.567557954833,199.0,-157.0,356.0,103.92386696207996,10423.258615350325,True,15616.295494904702,162.0,-145.0,307.0,103.92386696207996,8521.04537279384,True
2853.458738800817,686787.8399290746,4356785.448730719,3796.850515354262,98.49596292002093,2.8911238747262797,6.101409644158846,3869.504326829059,4.0,-74.0,78.0,99.5235522643327,371.65713723919816,True,13146.393523149512,143.0,-119.0,262.0,100.22067441681452,7366.54849871759,True,17362.691801575755,199.0,-155.0,354.0,100.22067441681452,10229.325907470451,True,14768.79856592965,162.0,-136.0,298.0,100.22067441681452,8326.115562725365,True
2863.4424803201887,686787.4389494765,4356775.473044774,3811.435052087474,94.05059612373793,0.2417721159473865,6.107931843098165,3505.544987887416,4.0,-72.0,76.0,95.56460769210639,355.0033021967588,True,12337.374918407855,143.0,-113.0,256.0,96.37945200954414,7103.531858975339,True,16424.274924340833,199.0,-150.0,349.0,96.37945200954414,9967.472376399022,True,13897.208981314954,162.0,-130.0,292.0,96.37945200954414,8064.099767773355,True
2873.42622183956,686787.0379698783,4356765.497358828,3823.302561301406,90.43337931533142,1.3010243191947533,6.225081290756294,3186.7650838578957,4.0,-69.0,73.0,91.6326618672922,339.84573482061114,True,11459.656492619953,143.0,-107.0,250.0,92.19918474244332,6698.917699430598,True,15445.700987908678,201.0,-142.0,343.0,92.19918474244332,9568.169393504577,True,12955.154899470053,162.0,-124.0,286.0,92.19918474244332,7657.332098501119,True
2883.4099633579967,686786.6369902802,4356755.521672883,3838.0235485638577,85.94642239773611,2.2003166500986557,6.1822556547465375,2914.7924860104877,4.0,-64.0,68.0,86.26805972523084,320.03641873114566,True,10621.505889864411,143.0,-102.0,245.0,86.64656267610917,6250.106486727289,True,14499.076360971327,202.0,-137.0,339.0,86.64656267610917,9121.862178836676,True,12060.682065021909,162.0,-117.0,279.0,86.64656267610917,7207.617085631623,True
2893.3937048773682,686786.2360106821,4356745.545986937,3855.076729946776,80.74861271222267,3.5722417281693186,5.317074622373348,2668.0112579060396,4.0,-61.0,65.0,81.34031688711752,299.7818142666031,True,9744.338636462824,143.0,-99.0,242.0,81.75206981417955,5717.894456083632,True,13570.414703206261,204.0,-135.0,339.0,81.75206981417955,8614.76056281867,True,11146.439300313006,162.0,-112.0,274.0,81.75206981417955,6675.87391233935,True
2903.3774463958093,686785.8350310839,4356735.570300993,3867.333922199776,77.01262051350818,3.799339318214486,4.521561850932851,2453.6176325652414,4.0,-58.0,62.0,77.11567836020095,283.9420423786228,True,8889.548617408316,142.0,-97.0,239.0,77.11567836020095,5179.670761814151,True,12763.745952181655,216.0,-133.0,349.0,77.11567836020095,8187.481631446106,True,10267.17724277971,163.0,-108.0,271.0,77.11567836020095,6138.869610175686,True
2913.3611879151763,686785.4340514858,4356725.594615047,3881.909629520504,72.5699449221504,7.0986442784238655,3.951865294776792,2269.2287602111337,4.0,-56.0,60.0,73.0295699230453,266.784720317512,True,8425.295286099745,141.0,-94.0,235.0,73.4316350246429,4988.863165021356,True,12372.773545712971,223.0,-123.0,346.0,73.4316350246429,8139.681068665269,True,9771.445666875494,165.0,-105.0,270.0,73.4316350246429,5941.350789809162,True
2923.344929434548,686785.0330718877,4356715.618929101,3892.014081585275,69.49010793280809,9.416846451341213,4.036144636591451,2124.699533003777,4.0,-53.0,57.0,70.06280509101975,254.7164596827149,True,8130.04737127645,141.0,-91.0,232.0,70.52033551180034,4935.452428948938,True,12263.989381173365,231.0,-115.0,346.0,70.52033551180034,8333.537736938633,True,9495.037650554466,172.0,-101.0,273.0,70.52033551180034,5931.805543342295,True
2933.328670952989,686784.6320922895,4356705.643243156,3897.637109626205,67.77620898593273,11.497780737322513,4.580798886427871,2006.3153255740635,4.0,-51.0,55.0,68.30134457209829,247.8098140373138,True,7942.10789602041,141.0,-88.0,229.0,68.66140758997881,4959.332336122672,True,12269.932513681097,239.0,-110.0,349.0,68.66140758997881,8603.654572698804,True,9364.958552356096,181.0,-98.0,279.0,68.66140758997881,6039.756132764594,True
2943.312412472356,686784.2311126915,4356695.667557211,3901.2907702878715,66.66257321625676,13.780885455994762,5.784345231087716,1947.0703094444525,4.0,-51.0,55.0,67.17690921168537,243.38426093212388,True,7900.904895170916,143.0,-85.0,228.0,67.6134983769166,5056.650042669474,True,12380.065674509427,245.0,-106.0,351.0,67.6134983769166,8901.967753790163,True,9335.060609943517,187.0,-95.0,282.0,67.6134983769166,6173.2093887047895,True
2953.296153990797,686783.8301330933,4356685.691871266,3904.9136189668147,65.55832893891488,15.91666299792189,6.615622782319605,1889.1579513238316,4.0,-50.0,54.0,66.24131564779464,239.25985940264104,True,7941.492820496991,147.0,-82.0,229.0,66.64412001534515,5203.68842423987,True,12531.65305855931,255.0,-101.0,356.0,66.64412001534515,9208.738725648553,True,9359.54254152449,187.0,-91.0,278.0,66.64412001534515,6328.494250653428,True
2963.2798955101684,686783.4291534951,4356675.71618532,3906.6558445339824,65.0272985860422,16.595273323602388,7.673078860400553,1870.3887790667238,4.0,-49.0,53.0,65.78938802565222,237.24856689762487,True,8007.149305937632,151.0,-79.0,230.0,66.17820065284764,5343.545031478222,True,12807.372221819827,269.0,-99.0,368.0,66.17820065284764,9585.58027262041,True,9460.023127015691,185.0,-89.0,274.0,66.17820065284764,6518.035685198892,True
2973.2636370286095,686783.028173897,4356665.740499375,3906.416851625982,65.10014362440074,16.525277319455792,8.908345298700787,1838.3350426845489,4.0,-48.0,52.0,65.89715604976845,237.6380330309853,True,8123.748803176629,157.0,-77.0,234.0,66.45402681946439,5536.087085309486,True,12902.678655042735,267.0,-95.0,362.0,66.45402681946439,9796.647564657907,True,9625.328429485186,189.0,-86.0,275.0,66.45402681946439,6777.633695497454,True
2983.2473785479765,686782.6271942989,4356655.76481343,3904.7298421461574,65.6143441138513,16.47878847436198,10.237302472394703,1829.7302055716548,4.0,-47.0,51.0,66.52999287001944,239.92630438722313,True,8285.31992014079,160.0,-75.0,235.0,67.10026370382866,5745.903175633087,True,13050.458062326445,256.0,-92.0,348.0,67.10026370382866,10022.450643103046,True,9860.694209834977,196.0,-84.0,280.0,67.10026370382866,7075.1471192077515,True
2993.231120067348,686782.2262147007,4356645.789127484,3902.2358223622227,66.3745213439945,16.63005555446156,11.87707745194618,1830.1009408543596,4.0,-47.0,51.0,67.26778277711992,242.87023311142093,True,8340.133246412663,157.0,-73.0,230.0,67.87486415547642,5836.468529958034,True,12776.56774866871,246.0,-89.0,335.0,67.87486415547642,9813.293494319038,True,9798.54674490643,188.0,-81.0,269.0,67.87486415547642,7062.178414233924,True
3003.214861585789,686781.8252351026,4356635.813441539,3899.920382580503,67.08026738946273,16.619822762993053,13.277671911770394,1827.0346172999332,4.0,-46.0,50.0,68.20766446717266,246.22153844383615,True,8366.49079342768,151.0,-72.0,223.0,68.91486209541495,5897.707298001926,True,12485.221882816983,239.0,-86.0,325.0,68.91486209541495,9579.948016807793,True,9710.579982796244,178.0,-79.0,257.0,68.91486209541495,7019.96193733984,True
3013.198603105156,686781.4242555045,4356625.8377555935,3900.711201492618,66.83922578505008,17.640255249912826,14.136690998861773,1800.3216219641374,4.0,-46.0,50.0,67.83137036057019,244.8968568790292,True,8369.87220560929,144.0,-70.0,214.0,68.83466360962757,5952.957673732615,True,12216.028708451971,232.0,-84.0,316.0,68.83466360962757,9381.27627872746,True,9578.767043564814,168.0,-78.0,246.0,68.83466360962757,6949.041439323099,True
3023.182344623597,686781.0232759063,4356615.862069649,3901.3978090292853,66.6299478078738,16.79602307138856,14.687779268351399,1764.0873209918698,4.0,-45.0,49.0,67.95749186920852,244.7670766385304,True,8169.268081191548,139.0,-69.0,208.0,68.89252771218548,5817.30080809365,True,11814.744577766847,228.0,-82.0,310.0,68.89252771218548,9064.149015129055,True,9289.145039585721,162.0,-76.0,238.0,68.89252771218548,6733.507094691709,True
3033.1660861429687,686780.6222963082,4356605.886383703,3899.262579981495,67.28076562164028,15.039220997082467,15.67034244618929,1765.4205253460111,4.0,-45.0,49.0,68.70020457935857,247.58972017788142,True,7898.854128508026,134.0,-68.0,202.0,69.5578717950209,5566.2262447861485,True,11439.004456660128,224.0,-81.0,305.0,69.5578717950209,8719.22906593282,True,8967.529183999963,160.0,-75.0,235.0,69.5578717950209,6436.954696973712,True
3043.149827661405,686780.2213167101,4356595.910697758,3893.8703740864557,68.92430997844826,15.666606092338519,17.1246947120074,1824.4896720749402,4.0,-44.0,48.0,69.93612417695613,253.34467028692984,True,7692.840539174273,132.0,-68.0,200.0,70.54284948187251,5315.097776753876,True,11187.393858187432,220.0,-81.0,301.0,70.54284948187251,8424.013869678303,True,8739.636446510682,160.0,-75.0,235.0,70.54284948187251,6164.945729106239,True
3053.1335691807767,686779.820337112,4356585.9350118125,3904.5547640050836,65.66770793125056,17.723468263591787,15.89081692062587,1767.3604595427278,4.0,-45.0,49.0,66.55815612468723,240.07074458170837,True,7437.925636995968,129.0,-69.0,198.0,67.1043948872134,5090.8044608556065,True,10880.20979104712,217.0,-81.0,298.0,67.1043948872134,8141.395449054566,True,8476.604082335147,161.0,-75.0,236.0,67.1043948872134,5928.249885350551,True
3063.117310700148,686779.4193575138,4356575.959325867,3911.9014661097617,63.42843312974469,18.081500421125593,14.856053657425454,1648.8725072691552,4.0,-43.0,47.0,64.3854862029923,231.26120139159548,True,7124.249563738689,127.0,-67.0,194.0,65.05121992969907,4937.145038858902,True,10433.877578116062,213.0,-80.0,293.0,65.05121992969907,7875.978182396286,True,8124.64840036148,159.0,-73.0,232.0,65.05121992969907,5748.695708330765,True
3073.1010522185893,686779.0183779156,4356565.983639922,3915.074663419325,62.46124258978966,17.0016026935083,15.464681926010591,1588.544395587419,4.0,-42.0,46.0,63.547699791860396,227.65296601001228,True,6926.6302893449065,124.0,-64.0,188.0,64.21446653534099,4837.572466665778,True,10041.06401599073,206.0,-77.0,283.0,64.21446653534099,7608.7590366836275,True,7859.471257154081,154.0,-71.0,225.0,64.21446653534099,5595.435226202357,True
3083.0847937379563,686778.6173983176,4356556.007953976,3914.8121771155243,62.54124841518819,14.525225705820914,16.951983458485746,1567.3212218843885,4.0,-41.0,45.0,63.66944520017387,228.0009822824004,True,6825.563614914648,120.0,-63.0,183.0,64.47006027443854,4790.121938518128,True,9749.433276291233,202.0,-74.0,276.0,64.47006027443854,7395.031352643087,True,7691.252829495801,146.0,-68.0,214.0,64.47006027443854,5492.365899251525,True
3093.0685352563974,686778.2164187194,4356546.0322680315,3911.3470758281806,63.597411287570594,10.399724659191762,19.142152713487604,1587.5556228570426,4.0,-41.0,45.0,65.02940835679442,232.93465362684947,True,6765.024630247793,117.0,-61.0,178.0,65.88625639944667,4728.012043702745,True,9513.926265805676,198.0,-72.0,270.0,65.88625639944667,7172.965946631528,True,7582.29510391423,141.0,-67.0,208.0,65.88625639944667,5389.125601227275,True
3103.052276775769,686777.8154391212,4356536.056582086,3902.6612597809494,66.24484801876656,6.277240533591705,21.52517898388877,1649.1700286054242,4.0,-41.0,45.0,67.97271434373215,244.03198274279544,True,6632.630999026119,113.0,-61.0,174.0,68.87064367299013,4552.17399398229,True,9234.351494795475,194.0,-71.0,265.0,68.87064367299013,6857.572692923341,True,7400.084913991226,137.0,-66.0,203.0,68.87064367299013,5167.0368106253945,True
3113.0360182942054,686777.4144595232,4356526.080896141,3900.4863818323565,66.9077508174978,5.347945750574901,21.750485667424904,1637.6523213244855,4.0,-41.0,45.0,67.99674790741301,245.63435156592845,True,6251.296315047797,110.0,-61.0,171.0,68.48021418644112,4181.819064075446,True,8715.95969578504,190.0,-70.0,260.0,68.48021418644112,6351.4777136282955,True,6985.929434336247,134.0,-66.0,200.0,68.48021418644112,4764.21941364577,True
3123.0195802929898,686777.1553349897,4356516.100697513,3909.373360160038,64.19899982322045,6.381990611510918,21.57801194582584,1597.920603279598,4.0,-41.0,45.0,64.50020219188877,231.1403886706098,True,5782.760667634004,107.0,-61.0,168.0,64.50020219188877,3740.8488694074995,True,8135.538726766072,187.0,-70.0,257.0,64.50020219188877,5799.4112325531405,True,6496.526815516467,132.0,-66.0,198.0,64.50020219188877,4302.770069460033,True
3133.0033218117487,686776.9214539326,4356506.119695841,3926.2754878831547,59.04723129321451,7.707621522495086,21.566564483093618,1586.3929760194362,4.0,-42.0,46.0,59.15401083877941,211.48342724402892,True,5414.386911353275,105.0,-61.0,166.0,59.2188111642547,3358.830600160355,True,7680.218776741725,185.0,-70.0,255.0,59.2188111642547,5332.5221182919895,True,6111.570344200381,130.0,-65.0,195.0,59.2188111642547,3904.9137946373935,True
3142.986487147937,686776.5330476094,4356496.14408906,3943.048798505327,53.93472621557635,8.980573420668852,19.466267723365583,1483.2007172292683,4.0,-42.0,46.0,54.059708386276725,191.54870385355684,True,5029.124745869119,105.0,-61.0,166.0,54.27513361123533,3044.3939334373126,True,7238.788013018772,185.0,-71.0,256.0,54.27513361123533,4960.549254566506,True,5716.764345477536,128.0,-65.0,193.0,54.27513361123533,3580.651854960217,True
3152.9702286663714,686776.070280643,4356486.171078409,3949.7608107236674,51.88890489142614,9.936711373180092,17.56424558588549,1378.1292464270214,4.0,-42.0,46.0,52.086800607330815,183.5342073276695,True,4726.220520428285,104.0,-61.0,165.0,52.28669374853416,2825.7270102935745,True,6907.5346291439455,186.0,-70.0,256.0,52.28669374853416,4706.064550724097,True,5407.939853082014,127.0,-67.0,194.0,52.28669374853416,3352.3737136546433,True
3162.9539701857416,686775.6075136764,4356476.198067757,3953.6732995136963,50.69637830822535,11.285443030698028,15.77672926221874,1299.8974112978576,4.0,-40.0,44.0,50.91907658336686,178.81624618474075,True,4511.940752292889,105.0,-62.0,167.0,51.133425017623495,2713.589951735074,True,6760.752964484873,191.0,-71.0,262.0,51.133425017623495,4655.838449156299,True,5211.415013696837,128.0,-67.0,195.0,51.133425017623495,3254.206792892722,True
3172.9377117041813,686775.1447467098,4356466.225057106,3958.216238119969,49.31169062103345,13.014023309837093,14.370871995492369,1211.8037836459334,4.0,-39.0,43.0,49.671160136336994,173.5547386746548,True,4353.754425830583,108.0,-59.0,167.0,49.848441063865494,2695.937428262887,True,6709.011840211565,204.0,-68.0,272.0,49.848441063865494,4773.412088662897,True,5068.593068424824,131.0,-64.0,195.0,49.848441063865494,3268.197483457978,True
3182.9214532235515,686774.6819797433,4356456.252046455,3962.883846553838,47.88900357039029,14.617116271314153,15.21582433748554,1130.4456100208229,4.0,-37.0,41.0,48.48407622638251,168.3666936788245,True,4323.937071359786,112.0,-56.0,168.0,48.92695364643009,2787.4764410963917,True,6867.131776134374,225.0,-66.0,291.0,48.92695364643009,5076.590666211117,True,5071.891974339396,136.0,-61.0,197.0,48.92695364643009,3405.209471064577,True
3192.9051947419857,686774.2192127769,4356446.279035804,3965.2954644535444,47.15394243455967,16.051974888908386,15.978128159898985,1072.2439907799865,4.0,-36.0,40.0,47.9660722954593,165.85056631070734,True,4450.961449906552,117.0,-55.0,172.0,48.4854751683672,3004.9078361995944,True,7276.374218315126,233.0,-63.0,296.0,48.4854751683672,5594.327029031129,True,5240.882744032251,142.0,-59.0,201.0,48.4854751683672,3673.6873826298092,True
3202.888936261356,686773.7564458103,4356436.306025152,3965.3847256178124,47.126735631690735,18.235232271425183,16.88515099534494,1038.3351990707652,4.0,-35.0,39.0,47.840270602688406,165.5484986392662,True,4667.9400187593155,124.0,-53.0,177.0,48.45333268704303,3279.5283702419265,True,7676.315887117786,224.0,-62.0,286.0,48.45333268704303,6065.169029664803,True,5517.778428428638,147.0,-57.0,204.0,48.45333268704303,4014.8671415940803,True
3212.872677780726,686773.2936788438,4356426.3330145,3964.440769631679,47.41445341626422,20.550584345375857,17.79835617895707,1028.7496797839126,4.0,-35.0,39.0,48.21395816023596,166.8555051496444,True,4905.089505515003,129.0,-53.0,182.0,48.78859994179629,3541.275562036566,True,8037.74911270303,216.0,-61.0,277.0,48.78859994179629,6455.707726894054,True,5823.631032558819,155.0,-57.0,212.0,48.78859994179629,4347.425068139503,True
3222.8564192991657,686772.8309118772,4356416.3600038495,3962.438695376437,48.02468564926198,22.298902596300007,18.357421619676145,1033.166689875274,4.0,-35.0,39.0,49.069398538263385,169.92168046472466,True,5045.189669031438,131.0,-52.0,183.0,49.652529189397,3685.9647466110323,True,8224.84830252356,207.0,-60.0,267.0,49.652529189397,6651.365535295833,True,6040.600194388979,163.0,-56.0,219.0,49.652529189397,4571.448230312045,True
3232.8401608185304,686772.3681449108,4356406.386993198,3960.3392086944013,48.66460918994653,19.721650247977422,18.623805976511818,1057.005479652784,4.0,-35.0,39.0,49.9007807112971,172.7565122720846,True,5000.136771873332,123.0,-52.0,175.0,50.66380648168138,3618.569258357612,True,7806.425585543583,199.0,-61.0,260.0,50.66380648168138,6208.740521663973,True,5886.21185883252,152.0,-57.0,209.0,50.66380648168138,4394.396937776591,True
3242.82390233697,686771.9053779442,4356396.413982547,3954.664346721204,50.39430711937712,14.650903488281601,18.70915584332703,1119.7214407943388,4.0,-36.0,40.0,51.52057770514193,179.45507416976557,True,4939.390691432343,115.0,-54.0,169.0,52.176795071716924,3468.2634966408214,True,7417.403517274137,188.0,-62.0,250.0,52.176795071716924,5716.326376881088,True,5738.307103656956,143.0,-58.0,201.0,52.176795071716924,4148.877242035898,True
3252.8076438563403,686771.4426109777,4356386.440971895,3947.10054986447,52.699752401309524,9.310213327333305,19.475045597595646,1225.3306841265542,4.0,-38.0,42.0,53.74123147803334,188.63485168561215,True,4947.152502255727,108.0,-57.0,165.0,54.39265099807403,3324.824762556592,True,7152.092012457671,177.0,-65.0,242.0,54.39265099807403,5275.958897172499,True,5676.643744211761,136.0,-61.0,197.0,54.39265099807403,3923.2395780063493,True
3262.7913853757104,686770.9798440111,4356376.467961243,3937.7510450382915,55.54948147232881,5.285220795070035,23.08442371604473,1325.5589871940876,4.0,-38.0,42.0,56.45362009609357,199.56996950590315,True,4728.489532935525,102.0,-55.0,157.0,57.08031815144659,3025.8566010752284,True,6688.444450151829,164.0,-63.0,227.0,57.08031815144659,4747.614356067675,True,5376.934798517985,127.0,-59.0,186.0,57.08031815144659,3550.8107749841774,True
3272.7751268941447,686770.5170770447,4356366.4949505925,3948.3062680406383,52.33224950121348,6.253691136723909,23.190388774467586,1285.048503281379,4.0,-37.0,41.0,52.817219982203596,185.79901630506674,True,4246.138329313816,97.0,-54.0,151.0,53.26120521553207,2594.1132368255526,True,5997.380922746937,155.0,-61.0,216.0,53.26120521553207,4118.876069697534,True,4828.794685491859,120.0,-58.0,178.0,53.26120521553207,3059.361466702432,True
3282.758868413515,686770.0543100782,4356356.521939941,3963.6914384268134,47.642849567507255,8.229221609838751,21.179583228644447,1179.7998623897356,4.0,-37.0,41.0,47.95965356024112,166.8181571589305,True,3723.475233868049,91.0,-53.0,144.0,48.24348485264477,2172.040638309989,True,5313.135886208773,148.0,-61.0,209.0,48.24348485264477,3538.6640243875404,True,4249.290425124221,114.0,-58.0,172.0,48.24348485264477,2582.8229392299736,True
3292.7426099319546,686769.5915431116,4356346.54892929,3978.962084793438,42.98835655496009,10.317326589715712,18.401207596172995,1044.1914221196741,4.0,-39.0,43.0,43.17190252420096,147.93247609250852,True,3287.894029816184,86.0,-55.0,141.0,43.438184397360374,1822.9548999776284,True,4743.743360876535,141.0,-62.0,203.0,43.438184397360374,3044.424315324135,True,3772.8126018462744,107.0,-59.0,166.0,43.438184397360374,2186.229737278529,True
3302.7263514513247,686769.128776145,4356336.575918638,3993.7642593972687,38.47665373571249,12.145055883660882,14.703867071098484,838.7935553578332,4.0,-36.0,40.0,38.81646708609105,130.23507932955386,True,2834.101840441652,82.0,-55.0,137.0,39.064670421832034,1547.898588672658,True,4162.887001370012,134.0,-63.0,197.0,39.064670421832034,2639.0758950233335,True,3279.4246466402074,101.0,-59.0,160.0,39.064670421832034,1870.639006167919,True
3312.710092969759,686768.6660091786,4356326.602907987,4006.695502111931,34.535210956283436,13.537569212671421,11.215287958842136,677.0170856290381,4.0,-30.0,34.0,34.92172263656994,114.57302264496525,True,2388.0997269400923,79.0,-55.0,134.0,35.24268422273303,1347.6592095804722,True,3601.7358125158817,128.0,-62.0,190.0,35.24268422273303,2326.006548053837,True,2801.0081682652935,95.0,-59.0,154.0,35.24268422273303,1637.9179223521078,True
3322.693834489129,686768.2032422121,4356316.629897336,4019.011114956992,30.781412161108847,14.520195956666118,8.265875432143043,549.6816577646787,4.0,-27.0,31.0,31.23048724056457,99.59734131101732,True,1982.3182428051045,75.0,-47.0,122.0,31.768830324386272,1192.0600805584588,True,3069.033091442613,124.0,-62.0,186.0,31.768830324386272,2085.474205436617,True,2338.0589549960337,91.0,-53.0,144.0,31.768830324386272,1456.4214158931552,True
3332.6775760084993,686767.7404752455,4356306.656886684,4028.874820903964,27.7749545884717,15.309658922055469,8.086416786711737,458.83656096683603,4.0,-24.0,28.0,28.639639568852772,88.37089495378268,True,1700.498867590253,72.0,-41.0,113.0,29.29320880070304,1046.002758482249,True,2657.3267772924323,120.0,-50.0,170.0,29.29320880070304,1866.7637575415877,True,2008.4048529473614,88.0,-45.0,133.0,29.29320880070304,1286.6135931939912,True
3342.6613175269335,686767.2777082791,4356296.683876033,4038.7954971483514,24.751132469182494,16.25143719872761,8.491151672364738,366.58439463361924,4.0,-21.0,25.0,25.444633116102295,75.99088134473004,True,1406.4599786881843,69.0,-35.0,104.0,25.93561650900233,903.9442244000345,True,2269.4314963203697,117.0,-43.0,160.0,25.93561650900233,1668.4250108543051,True,1672.6225253595294,84.0,-39.0,123.0,25.93561650900233,1123.2086934659349,True
3352.6450590463037,686766.8149413125,4356286.710865381,4048.0087259134566,21.942940341578378,17.288173264622216,9.17804196649929,298.21182214581177,4.0,-18.0,22.0,22.66671694805723,64.84366308151198,True,1158.7217228924412,65.0,-30.0,95.0,23.21021347353644,759.474858314994,True,1951.1655963356375,116.0,-36.0,152.0,23.21021347353644,1481.106397382079,True,1388.7769339764543,80.0,-33.0,113.0,23.21021347353644,955.3094549752175,True
3362.6288005647434,686766.352174346,4356276.73785473,4056.7753776218997,19.270864900845027,18.61980850460808,10.17168151616263,239.8131537769143,4.0,-16.0,20.0,20.143608040126992,54.47568542519025,True,934.8302511493209,61.0,-25.0,86.0,20.74804965476278,619.1705526063624,True,1690.482721968351,120.0,-30.0,150.0,20.74804965476278,1325.9335311762463,True,1133.086277881048,78.0,-27.0,105.0,20.74804965476278,794.6960285310188,True
3372.6125420841136,686765.8894073794,4356266.764844079,4063.540276910168,17.208923597780768,20.051376560360104,11.388301153213842,197.94282565263188,4.0,-14.0,18.0,17.99532072824809,45.94605999878604,True,769.7965121852776,56.0,-22.0,78.0,18.64636180254297,510.1164874231233,True,1503.599012670978,124.0,-26.0,150.0,18.64636180254297,1206.2533527365538,True,942.9228340694783,75.0,-24.0,99.0,18.64636180254297,665.9010248589773,True
3382.596283602548,686765.426640413,4356256.791833428,4069.0237166363645,15.537571169236116,21.133288614701982,12.86741371685442,172.37883243042006,4.0,-13.0,17.0,16.470697538903323,39.60441393948781,True,674.6918456200628,55.0,-20.0,75.0,17.13516212209538,445.8199299925741,True,1441.3252369265313,133.0,-23.0,156.0,17.13516212209538,1180.464744443019,True,834.5597372656398,74.0,-22.0,96.0,17.13516212209538,591.1883281308251,True
3392.580025121918,686764.9638734465,4356246.818822776,4070.773288778737,15.004301580240963,22.14775839062447,14.940460661126748,163.6473521130249,4.0,-13.0,17.0,15.878172374037376,37.31903039990971,True,642.9779628097185,56.0,-19.0,75.0,16.573920098466942,426.34374664879283,True,1483.7383539779166,174.0,-22.0,196.0,16.573920098466942,1237.6763558172393,True,800.9991217267773,75.0,-21.0,96.0,16.573920098466942,571.2078597928353,True
3402.563766641288,686764.5011064799,4356236.845812124,4069.9181002778682,15.264963035305755,22.0360429175915,16.529846620686968,167.08396660037306,4.0,-13.0,17.0,16.31803162749202,38.77987247492024,True,666.6756110215829,57.0,-19.0,76.0,16.98073754341749,447.6089763972916,True,1511.525688346777,153.0,-22.0,175.0,16.98073754341749,1263.0388515774193,True,832.9825079413861,79.0,-21.0,100.0,16.98073754341749,600.6995031420386,True
3412.547508159728,686764.0383395134,4356226.872801473,4067.237268659772,16.082080512501534,21.77451554149702,17.782728345050312,178.25965215182214,4.0,-13.0,17.0,17.27931267165104,42.32495252665103,True,736.9313003477821,59.0,-19.0,78.0,18.056053245719113,508.64114157798326,True,1581.8338360420028,124.0,-22.0,146.0,18.056053245719113,1323.9026637528816,True,916.1421063178966,78.0,-21.0,99.0,18.056053245719113,674.4722201596928,True
3422.5312496790925,686763.5755725469,4356216.899790822,4062.9034293800996,17.403034724945655,20.499414233456804,18.766926981845394,194.67521907091623,4.0,-14.0,18.0,18.50458108833027,47.46633726516052,True,832.5086681118257,61.0,-20.0,81.0,19.192145576413395,588.4298982354719,True,1662.0994814921903,124.0,-23.0,147.0,19.192145576413395,1387.2065591461624,True,1028.894182654719,81.0,-21.0,102.0,19.192145576413395,770.9444500732052,True
3432.5149911975323,686763.1128055804,4356206.926780171,4058.040398215391,18.885286623948787,19.37537683327516,19.72209632261573,220.26854861423772,4.0,-14.0,18.0,19.900886631659887,53.15222860520339,True,950.7737075861253,65.0,-21.0,86.0,20.637910726716882,679.1770072036879,True,2442.6259229738016,236.0,-24.0,260.0,20.637910726716882,2137.1935966383444,True,1168.1975607127315,83.0,-23.0,106.0,20.637910726716882,881.1397760750697,True
3442.4987327169024,686762.6500386138,4356196.953769519,4053.051229248557,20.405985325039865,18.88893146515802,20.545677548394483,249.0228882432616,4.0,-15.0,19.0,21.46825358093929,59.36941655071223,True,1090.9297885424273,69.0,-23.0,92.0,22.22860815636045,784.9794232633278,True,2647.073849831967,221.0,-25.0,246.0,22.22860815636045,2302.938716217377,True,1331.4764703367541,85.0,-24.0,109.0,22.22860815636045,1007.5459649962929,True
3452.4824742362725,686762.1872716473,4356186.980758867,4046.6434367165425,22.359080488797872,18.47808102898906,21.13927446895208,286.42101478872246,4.0,-17.0,21.0,23.46180014261813,67.2956890098094,True,1247.981789583543,71.0,-24.0,95.0,24.16059129633345,899.7032151480166,True,2969.3742945807053,214.0,-27.0,241.0,24.16059129633345,2577.613281492393,True,1515.5972361311065,90.0,-26.0,116.0,24.16059129633345,1146.6375787705063,True
3462.466215754707,686761.7245046808,4356177.007748216,4039.557394153932,24.51890626188151,18.12915085358525,21.77127182408652,327.31424687749427,4.0,-18.0,22.0,25.5910982125979,75.84293359897902,True,1433.2815335829614,75.0,-26.0,101.0,26.34756940146349,1038.52633805368,True,3422.6097224222576,205.0,-29.0,234.0,26.34756940146349,2978.3035309462693,True,1730.726525517914,102.0,-28.0,130.0,26.34756940146349,1312.1884941490468,True
3472.449957274077,686761.2617377143,4356167.034737565,4033.0143663472018,26.513221137372966,18.180975901573582,22.109116596306702,370.5326886691769,4.0,-19.0,23.0,27.65187831540129,83.90348634726024,True,1640.3146277084265,78.0,-28.0,106.0,28.446728335054786,1191.418985473394,True,3899.454560299172,198.0,-31.0,229.0,28.446728335054786,3393.9683195692005,True,2010.2701435942308,124.0,-30.0,154.0,28.446728335054786,1533.769790409252,True
3482.4336987925167,686760.7989707477,4356157.061726914,4025.083182226755,28.930646057285003,19.34242457400679,22.29306183837174,426.5291521431345,4.0,-20.0,24.0,29.973165609650096,93.39639191054766,True,1864.5272569735978,89.0,-30.0,119.0,30.603781421762733,1350.7579250000229,True,4325.795512468897,195.0,-33.0,228.0,30.603781421762733,3747.99425075783,True,2380.199808814009,148.0,-31.0,179.0,30.603781421762733,1834.885037991436,True
3492.417440311887,686760.3362037812,4356147.088716262,4017.6984090332144,31.181524926676275,20.479855525634413,21.99542291804864,474.84075490294913,4.0,-21.0,25.0,32.25766916052612,102.49252054781459,True,2101.218342946691,103.0,-31.0,134.0,32.944039642649386,1531.211082963564,True,4636.178405823236,187.0,-35.0,222.0,32.944039642649386,3994.287402139794,True,2823.7232024563364,162.0,-33.0,195.0,32.944039642649386,2218.100922856077,True
3502.401181830321,686759.8734368148,4356137.115705611,4014.007487232644,32.3065178914901,20.293896064960187,21.256447810302074,518.6665227824615,4.0,-23.0,27.0,33.5380124908113,107.22833491381039,True,2377.650773247661,116.0,-33.0,149.0,34.396542105581375,1746.8781697787344,True,4875.51543122828,181.0,-38.0,219.0,34.396542105581375,4162.158102180858,True,3218.6277155125217,152.0,-36.0,188.0,34.396542105581375,2546.6388742274453,True
3512.3849233496912,686759.4106698482,4356127.142694959,4008.356389998053,34.028972328593454,19.43229310192094,20.50865528889315,565.9718756970324,4.0,-24.0,28.0,35.10921977921225,113.93929867795077,True,2670.2788314815916,131.0,-36.0,167.0,35.894583517417004,1971.0206554422616,True,4980.8781248659325,171.0,-41.0,212.0,35.894583517417004,4184.579942688207,True,3497.805548771517,145.0,-39.0,184.0,35.894583517417004,2750.039010862466,True
3522.3686648690614,686758.9479028817,4356117.169684308,4001.757408566347,36.04034186897752,19.785198517100145,20.14931177344034,628.4664753229736,4.0,-26.0,30.0,37.06522125614583,121.78426000557874,True,3023.8884901604297,125.0,-39.0,164.0,37.7572248317565,2231.9780363742657,True,5111.069855697213,162.0,-45.0,207.0,37.7572248317565,4205.816346910465,True,3778.4503266049687,137.0,-42.0,179.0,37.7572248317565,2929.50706872276,True
3532.3524063874956,686758.4851359152,4356107.196673657,3993.5831817387475,38.53184620602974,20.26548098901046,19.74808241205166,704.245707244002,4.0,-28.0,32.0,39.514660023930674,131.73922365396243,True,3446.812468242705,120.0,-42.0,162.0,40.10294963187425,2541.461613612557,True,5358.002757253942,154.0,-49.0,203.0,40.10294963187425,4317.012819174399,True,4147.732421096148,130.0,-45.0,175.0,40.10294963187425,3173.688338652016,True
3542.336147906866,686758.0223689487,4356097.223663005,3983.2940386368527,41.66797702348731,21.187629868441743,18.837836073039828,806.872172984396,4.0,-30.0,34.0,42.686672639934386,144.30856270327627,True,3956.814861474434,115.0,-47.0,162.0,43.543094714054405,2903.958939211058,True,5719.122691493001,145.0,-53.0,198.0,44.07322556502572,4499.488452846308,True,4620.371717379818,124.0,-50.0,174.0,43.543094714054405,3481.73270618712,True
3552.3198894253055,686757.5596019821,4356087.250652354,3968.9338325882486,46.0449678271018,15.61773643680121,18.58283913526532,979.5439716176088,4.0,-34.0,38.0,47.32289408367183,162.48992050891434,True,4177.953845681689,112.0,-49.0,161.0,48.07017905313137,2888.1969014553088,True,5838.3795468386525,138.0,-58.0,196.0,48.07017905313137,4356.053597313997,True,4814.572241289295,120.0,-54.0,174.0,48.07017905313137,3427.8659973218328,True
3562.3036309446757,686757.0968350156,4356077.277641702,3971.0322525173983,45.40536943269694,15.556782076839486,18.82555993555668,914.7204615658072,4.0,-32.0,36.0,46.72791167835976,159.90293034145589,True,3661.150431392236,109.0,-49.0,158.0,47.516322748230095,2483.9182750619866,True,5220.396358381313,131.0,-56.0,187.0,47.516322748230095,3857.1598051241936,True,4266.061286366055,117.0,-53.0,170.0,47.516322748230095,2993.1708648600534,True
3572.28737246311,686756.6340680491,4356067.304631052,3982.813326455872,41.81449809625019,17.00144189745413,19.515602016925822,823.3756424519236,4.0,-30.0,34.0,42.66823399217833,144.50695319781107,True,3215.5096106371134,105.0,-45.0,150.0,43.211877541052445,2153.5155139942626,True,4652.44404067144,127.0,-52.0,179.0,43.211877541052445,3433.914650676804,True,3769.7644742541065,113.0,-49.0,162.0,43.211877541052445,2627.9858501676076,True
3582.27111398248,686756.1713010826,4356057.3316204,3991.2346623882413,39.24767490406407,18.328679266568674,19.300036799144618,749.33987536226,4.0,-29.0,33.0,39.74520271621327,133.60720039921512,True,2909.5218597503617,101.0,-43.0,144.0,40.13692747716118,1947.2821703435304,True,4226.857243845181,122.0,-49.0,171.0,40.13692747716118,3123.9731383934686,True,3413.83753391566,108.0,-46.0,154.0,40.13692747716118,2380.21357723761,True
3592.25485550185,686755.708534116,4356047.358609748,3999.177425025766,36.826720852146536,17.524764290102965,19.671405345538094,672.2434185646962,4.0,-27.0,31.0,37.189291447407186,123.6879452044152,True,2649.8466332760454,94.0,-40.0,134.0,37.45397443870229,1798.386065652994,True,3818.798205080013,117.0,-46.0,163.0,37.45397443870229,2846.1999734020374,True,3092.950552343699,103.0,-43.0,146.0,37.45397443870229,2180.2966116572043,True
3602.23859702029,686755.2457671495,4356037.385599097,4007.3670991644176,34.33050817468552,15.990490168281308,19.442048794913827,579.5240708704587,4.0,-25.0,29.0,34.942070400375314,114.24893456927612,True,2361.737806869826,87.0,-37.0,124.0,35.36356174742741,1637.5783359020859,True,3380.8513588271944,111.0,-42.0,153.0,35.36356174742741,2554.6422420031145,True,2737.495777307301,95.0,-40.0,135.0,35.36356174742741,1962.1882556123203,True
3612.2223385396546,686754.7830001831,4356027.4125884455,4013.9637377296035,32.31985274001681,13.78875073042307,20.04687625395707,511.5359435350549,4.0,-23.0,27.0,32.96673739370158,106.25253358636769,True,2192.6076373767855,81.0,-34.0,115.0,33.57679813934328,1562.7681171957004,True,3062.363528436291,104.0,-38.0,142.0,33.57679813934328,2347.5702536294275,True,2512.8700773640912,90.0,-36.0,126.0,33.57679813934328,1840.5798564861173,True
3622.2060800580944,686754.3202332165,4356017.439577795,4018.6864009900837,30.880384978222537,10.148464960183361,21.196027296676835,472.04760241292684,4.0,-22.0,26.0,32.19817067022518,101.39247396771248,True,2144.3609449783153,78.0,-31.0,109.0,33.32762577902986,1574.6915264769104,True,2915.984264422128,97.0,-35.0,132.0,33.32762577902986,2274.0315607612424,True,2435.4213811028167,85.0,-33.0,118.0,33.32762577902986,1829.9810177674808,True
3632.1898215774645,686753.85746625,4356007.466567143,4015.8080250897833,31.75771395263405,5.579292487256874,22.999960795399062,468.69506098100965,4.0,-21.0,25.0,33.332935100225995,105.87096504710189,True,2128.8604217236193,75.0,-30.0,105.0,34.077415760221584,1578.523374492992,True,2823.1222334784543,92.0,-34.0,126.0,34.077415760221584,2207.3786151818977,True,2392.0917366902477,81.0,-32.0,113.0,34.077415760221584,1809.6183429215298,True
3642.1735630968346,686753.3946992834,4355997.493556491,4014.176179193799,32.255100581730176,2.2039574505848156,24.717422614291394,475.2377696155577,4.0,-21.0,25.0,33.72125193088891,107.48734348773564,True,2021.7410905216595,70.0,-29.0,99.0,34.78948411280544,1474.6722482508255,True,2652.111557183086,89.0,-33.0,122.0,34.78948411280544,2043.3700603649056,True,2258.7401309301385,77.0,-31.0,108.0,34.78948411280544,1681.4355321164012,True
3652.157304615269,686752.931932317,4355987.52054584,4015.7206801100037,31.78433670247091,0.2856773665404116,25.44872846319974,465.70634030737574,4.0,-21.0,25.0,33.485176460002776,106.16149570568746,True,1836.4766198312436,64.0,-29.0,93.0,34.661690334161676,1297.3587205527956,True,2409.122928486211,85.0,-33.0,118.0,34.914336889054994,1808.6296389791228,True,2044.275145250219,74.0,-31.0,105.0,34.661690334161676,1474.8946585379479,True
3662.141046134639,686752.4691653504,4355977.5475351885,4017.4615751103975,31.253711906350873,1.6305570139634005,25.576995028452377,457.5930401665769,4.0,-21.0,25.0,32.848602824531326,103.71427844687923,True,1722.0623295216858,60.0,-29.0,89.0,33.83924835027278,1188.9255282863846,True,2203.410501501328,80.0,-32.0,112.0,33.83924835027278,1609.1315040106456,True,1894.5445984579035,66.0,-31.0,97.0,33.83924835027278,1331.212597913598,True
3672.124787653079,686752.0063983839,4355967.574524538,4019.534305897648,30.621943562396837,3.223344935830248,25.44795830816596,448.1377934714319,4.0,-20.0,24.0,32.05616746045894,101.02000151613333,True,1640.4651825402973,57.0,-29.0,86.0,33.03697668292375,1114.078389888496,True,2090.2232087678763,77.0,-33.0,110.0,33.19426620507829,1501.2854944255025,True,1804.0230817553183,64.0,-31.0,95.0,33.03697668292375,1246.605168296066,True
3682.108529172449,686751.5436314173,4355957.601513886,4021.532414756954,30.012919982080348,5.008553447454554,24.93725306180798,437.188996261141,4.0,-20.0,24.0,31.68016942995041,98.90116275539935,True,1516.0889393974771,54.0,-29.0,83.0,32.92762690514337,999.3570793320737,True,1889.9042807918634,68.0,-33.0,101.0,33.82585073102268,1311.3282813654644,True,1657.6237055557297,59.0,-31.0,90.0,33.20085073102268,1110.4257115649082,True
3692.092270690883,686751.0808644509,4355947.628503235,4020.126928021095,30.44131233917028,6.11806750303818,24.703205639210637,435.38462667120893,4.0,-20.0,24.0,32.103744746740404,100.67489473911428,True,1334.3017586667186,48.0,-29.0,77.0,33.60587872461906,822.5132123561953,True,1646.0129969152704,62.0,-33.0,95.0,33.82016443890484,1071.9611930583842,True,1452.476256278251,53.0,-31.0,84.0,33.69516443890484,909.9640552574938,True
3702.0760122102533,686750.6180974843,4355937.655492583,4024.0904016850127,29.233245566408186,5.827700175635504,25.114970336996475,438.25263152407956,4.0,-21.0,25.0,30.638995724402093,95.69115214320254,True,1125.2627731810567,41.0,-30.0,71.0,30.638995724402093,596.3877090189965,True,1362.316683730899,53.0,-34.0,87.0,30.638995724402093,768.0868681873897,True,1216.817534209581,45.0,-32.0,77.0,30.638995724402093,655.6550463356664,True
3712.0597537296235,686750.1553305178,4355927.6824819315,4030.041555522258,27.4193338768157,5.411214610548526,23.696789397064748,373.59366210545545,4.0,-19.0,23.0,27.625990600334944,81.38303548951899,True,866.3429251303287,34.0,-29.0,63.0,27.625990600334944,406.00053081320584,True,1032.7079674757513,44.0,-33.0,77.0,27.625990600334944,511.2621481632116,True,932.6656041561082,37.0,-31.0,68.0,27.625990600334944,442.4599214951734,True
3722.0434952480578,686749.6925635514,4355917.709471281,4050.063009317918,21.316794759898585,5.002690074832898,22.713130605853145,320.72032848726917,4.0,-18.0,22.0,22.71946611949943,58.33652589231997,True,660.1334681164876,27.0,-26.0,53.0,23.555252887944107,252.07794248893356,True,768.5746082481612,35.0,-30.0,65.0,23.555252887944107,309.3249001698546,True,704.758503725305,30.0,-28.0,58.0,23.555252887944107,272.1608099333969,True
3732.027236767428,686749.2297965848,4355907.736460629,4070.816907852848,14.991006486451852,4.741544510152746,21.52907229085536,227.7097242238267,4.0,-18.0,22.0,16.428823992446723,34.331115819960814,True,462.9811795116293,22.0,-25.0,47.0,16.945612271018945,131.9597507119006,True,533.972916399907,27.0,-28.0,55.0,16.945612271018945,157.6670171730193,True,493.6789145993164,23.0,-26.0,49.0,16.945612271018945,141.09360721916437,True
3742.0109782858676,686748.7670296183,4355897.763449978,4081.495549389411,11.736156546107622,5.370509918215935,20.730796809429826,135.64966730321476,4.0,-14.0,18.0,11.92440802123565,20.320015285830095,True,292.6666551635042,16.0,-24.0,40.0,11.92440802123565,52.86292216675952,True,339.74457505886085,20.0,-26.0,46.0,11.92440802123565,58.16160402558694,True,314.70026050475144,17.0,-25.0,42.0,11.92440802123565,54.85363787175356,True
3751.9947198052378,686748.3042626517,4355887.790439326,4093.940183017308,7.943032216324582,5.89518157438703,20.09383331459084,78.64419038361416,4.0,-10.0,14.0,8.139689183650717,6.009785297949293,True,145.5397200752882,12.0,-18.0,30.0,8.157722210399015,7.0090567907125205,True,168.58214685126268,13.0,-23.0,36.0,8.157722210399015,7.0090567907125205,True,156.05179445071417,12.0,-21.0,33.0,8.157722210399015,7.0090567907125205,True
3761.978461323672,686747.8414956853,4355877.8174286755,4109.775075886583,3.1165568697695107,7.034328794484788,18.274519013784374,23.772976568296144,4.0,-6.0,10.0,3.1165568697695107,0.0,True,41.02526647364107,8.0,-11.0,19.0,3.3613882013303282,0.0,True,44.74042501211443,9.0,-12.0,21.0,3.3613882013303282,0.0,True,42.63565289322037,8.0,-12.0,20.0,3.3613882013303282,0.0,True
3771.962202843042,686747.3787287187,4355867.844418024,4125.619773244668,-1.7129068849747,4.512512570248265,15.508104832398613,0.0,,,,0.0,0.0,True,0.0,,,,0.0,0.0,True,0.0,,,,0.0,0.0,True,0.0,,,,0.0,0.0,True
3780.3084686104235,686745.1239226649,4355859.808498542,4139.209020646007,-5.854909492902834,16.734389320087708,21.641147015778774,0.0,,,,0.0,0.0,True,0.0,,,,0.0,0.0,True,0.0,,,,0.0,0.0,True,0.0,,,,0.0,0.0,True
3790.2922101294075,686735.1450981973,4355860.121798657,4143.005244479152,-7.011998517245502,24.356517794188175,27.02860444417861,0.0,,,,0.0,0.0,True,0.0,,,,0.0,0.0,True,0.0,,,,0.0,0.0,True,0.0,,,,0.0,0.0,True
3800.2759516483625,686725.1662737296,4355860.435098771,4150.448952482826,-9.280840716765397,24.91332003492043,26.973520251829317,0.0,,,,0.0,0.0,True,0.0,,,,0.0,0.0,True,0.0,,,,0.0,0.0,True,0.0,,,,0.0,0.0,True
3810.2596931673174,686715.187449262,4355860.748398885,4158.024678686601,-11.589922063675886,26.161744244077557,26.283208489843435,0.0,,,,0.0,0.0,True,0.0,,,,0.0,0.0,True,0.0,,,,0.0,0.0,True,0.0,,,,0.0,0.0,True
3820.243434686418,686705.2086247943,4355861.061699,4164.374964613639,-13.525489214237268,27.302585539534988,25.65433945022409,0.0,,,,0.0,0.0,True,0.0,,,,0.0,0.0,True,0.0,,,,0.0,0.0,True,0.0,,,,0.0,0.0,True
3830.227176205373,686695.2298003266,4355861.374999114,4172.193679008046,-15.908633361652392,27.63645372598389,25.307929544019498,0.0,,,,0.0,0.0,True,0.0,,,,0.0,0.0,True,0.0,,,,0.0,0.0,True,0.0,,,,0.0,0.0,True
3840.210917724328,686685.250975859,4355861.688299228,4177.542050251811,-17.538816916752012,27.073520206474168,25.185613320317817,0.0,,,,0.0,0.0,True,0.0,,,,0.0,0.0,True,0.0,,,,0.0,0.0,True,0.0,,,,0.0,0.0,True
3850.194659243312,686675.2721513914,4355862.0015993435,4182.12781298616,-18.93655739818155,26.60046930953271,25.326331792377697,0.0,,,,0.0,0.0,True,0.0,,,,0.0,0.0,True,0.0,,,,0.0,0.0,True,0.0,,,,0.0,0.0,True
3860.178400762267,686665.2933269237,4355862.314899458,4184.276690408384,-19.591535236475465,26.5613018041012,25.82142952578082,0.0,,,,0.0,0.0,True,0.0,,,,0.0,0.0,True,0.0,,,,0.0,0.0,True,0.0,,,,0.0,0.0,True
3870.162142281222,686655.3145024561,4355862.628199572,4186.521762037949,-20.275833069166765,25.559571079522986,26.205785808722407,0.0,,,,0.0,0.0,True,0.0,,,,0.0,0.0,True,0.0,,,,0.0,0.0,True,0.0,,,,0.0,0.0,True
3880.145883800206,686645.3356779885,4355862.941499687,4188.599848096472,-20.909233699804645,23.36781306664929,26.579183127049557,0.0,,,,0.0,0.0,True,0.0,,,,0.0,0.0,True,0.0,,,,0.0,0.0,True,0.0,,,,0.0,0.0,True
3890.129625319161,686635.3568535208,4355863.254799801,4192.1196564357115,-21.98207128160493,22.50630670529225,26.56586058144698,0.0,,,,0.0,0.0,True,0.0,,,,0.0,0.0,True,0.0,,,,0.0,0.0,True,0.0,,,,0.0,0.0,True
3900.113366838145,686625.3780290532,4355863.568099916,4196.411446642669,-23.29020893668553,21.97743102143508,26.393469094340166,0.0,,,,0.0,0.0,True,0.0,,,,0.0,0.0,True,0.0,,,,0.0,0.0,True,0.0,,,,0.0,0.0,True
3910.0971083571,686615.3992045856,4355863.88140003,4204.793226791549,-25.844975526064218,21.952198790803408,26.02753809954714,0.0,,,,0.0,0.0,True,0.0,,,,0.0,0.0,True,0.0,,,,0.0,0.0,True,0.0,,,,0.0,0.0,True
3920.080849876055,686605.420380118,4355864.194700144,4211.542049537504,-27.902016699031265,21.81807230756099,25.166572126222636,0.0,,,,0.0,0.0,True,0.0,,,,0.0,0.0,True,0.0,,,,0.0,0.0,True,0.0,,,,0.0,0.0,True
3930.0645913951553,686595.4415556502,4355864.508000259,4220.3698563254375,-30.592732207993322,21.898855150801317,24.082506395730103,0.0,,,,0.0,0.0,True,0.0,,,,0.0,0.0,True,0.0,,,,0.0,0.0,True,0.0,,,,0.0,0.0,True
3940.0483329141102,686585.4627311826,4355864.821300373,4226.773178892067,-32.544464926302226,22.09199924328348,23.252442507032104,0.0,,,,0.0,0.0,True,0.0,,,,0.0,0.0,True,0.0,,,,0.0,0.0,True,0.0,,,,0.0,0.0,True
3950.032074433065,686575.483906715,4355865.134600488,4231.715151353905,-34.050778132670075,21.91143194044012,22.06464966024869,0.0,,,,0.0,0.0,True,0.0,,,,0.0,0.0,True,0.0,,,,0.0,0.0,True,0.0,,,,0.0,0.0,True
3960.0158159520493,686565.5050822473,4355865.447900603,4234.311613744659,-34.842179869371876,21.45952762889211,20.95387801097791,0.0,,,,0.0,0.0,True,0.0,,,,0.0,0.0,True,0.0,,,,0.0,0.0,True,0.0,,,,0.0,0.0,True
3969.999557471004,686555.5262577797,4355865.761200717,4233.31484101812,-34.53836354232317,20.56288203951099,20.349907135461944,0.0,,,,0.0,0.0,True,0.0,,,,0.0,0.0,True,0.0,,,,0.0,0.0,True,0.0,,,,0.0,0.0,True
3979.983298989959,686545.547433312,4355866.074500831,4229.826800543047,-33.47520880552088,19.0539513943106,19.631221402608368,0.0,,,,0.0,0.0,True,0.0,,,,0.0,0.0,True,0.0,,,,0.0,0.0,True,0.0,,,,0.0,0.0,True
3989.9670405089432,686535.5686088444,4355866.387800946,4225.24068882935,-32.07736195518578,17.03179564127604,19.662392983098425,0.0,,,,0.0,0.0,True,0.0,,,,0.0,0.0,True,0.0,,,,0.0,0.0,True,0.0,,,,0.0,0.0,True
3999.950782027898,686525.5897843768,4355866.70110106,4212.497359062798,-28.193195042340676,14.484903218429583,20.29716919219868,0.0,,,,0.0,0.0,True,0.0,,,,0.0,0.0,True,0.0,,,,0.0,0.0,True,0.0,,,,0.0,0.0,True
4009.934523546853,686515.6109599092,4355867.014401174,4198.180047515688,-23.829278482781547,12.308209332439834,20.635141270418426,0.0,,,,0.0,0.0,True,0.0,,,,0.0,0.0,True,0.0,,,,0.0,0.0,True,0.0,,,,0.0,0.0,True
4019.918265065837,686505.6321354415,4355867.327701289,4186.920977154225,-20.397513836607686,10.863395078386558,20.554974250566648,0.0,,,,0.0,0.0,True,0.0,,,,0.0,0.0,True,0.0,,,,0.0,0.0,True,0.0,,,,0.0,0.0,True
4029.9020065849086,686495.6533109738,4355867.641001403,4176.599134568646,-17.251416216523467,10.333329442972511,20.038852390374352,0.0,,,,0.0,0.0,True,0.0,,,,0.0,0.0,True,0.0,,,,0.0,0.0,True,0.0,,,,0.0,0.0,True
4039.8857481038635,686485.6744865061,4355867.954301517,4166.117274710885,-14.056545331877714,10.00483687515562,19.28487385570886,0.0,,,,0.0,0.0,True,0.0,,,,0.0,0.0,True,0.0,,,,0.0,0.0,True,0.0,,,,0.0,0.0,True
4049.8694896228476,686475.6956620385,4355868.2676016325,4156.952333406551,-11.26307122231674,9.887075661502452,17.425982002206798,0.0,,,,0.0,0.0,True,0.0,,,,0.0,0.0,True,0.0,,,,0.0,0.0,True,0.0,,,,0.0,0.0,True
4059.8532311418026,686465.7168375709,4355868.580901747,4152.629415115696,-9.945445727264314,10.856036432453296,15.466334558204725,0.0,,,,0.0,0.0,True,0.0,,,,0.0,0.0,True,0.0,,,,0.0,0.0,True,0.0,,,,0.0,0.0,True
4069.8369726607866,686455.7380131033,4355868.894201862,4146.569385746359,-8.098348775490422,13.230505565924062,13.95001215791159,0.0,,,,0.0,0.0,True,0.0,,,,0.0,0.0,True,0.0,,,,0.0,0.0,True,0.0,,,,0.0,0.0,True
4079.8207141797416,686445.7591886356,4355869.207501976,4140.275644294271,-6.180016380893676,16.471837296686292,12.002797879525263,0.0,,,,0.0,0.0,True,0.0,,,,0.0,0.0,True,0.0,,,,0.0,0.0,True,0.0,,,,0.0,0.0,True
4089.8044556986965,686435.780364168,4355869.52080209,4129.123166722787,-2.7807412171052874,19.67944571596186,10.79047093110676,0.0,,,,0.0,0.0,True,0.0,,,,0.0,0.0,True,0.0,,,,0.0,0.0,True,0.0,,,,0.0,0.0,True
4099.788197217681,686425.8015397004,4355869.834102205,4126.6885537222315,-2.038671174536148,23.193963211883247,8.651165307337882,0.0,,,,0.0,0.0,True,0.0,,,,0.0,0.0,True,0.0,,,,0.0,0.0,True,0.0,,,,0.0,0.0,True
4109.771938736636,686415.8227152327,4355870.147402319,4122.541389468174,-0.7746155098993768,25.193905400342867,6.988762541409971,0.0,,,,0.0,0.0,True,0.0,,,,0.0,0.0,True,0.0,,,,0.0,0.0,True,0.0,,,,0.0,0.0,True
4119.755680255591,686405.8438907651,4355870.460702433,4108.480967672536,3.511001053410837,26.379994083887457,8.86898278986936,25.23391827401815,4.0,-5.0,9.0,3.8591953837437813,0.0,True,48.40971203497202,14.0,-7.0,21.0,3.972364596811076,0.0,True,210.1704132591094,95.0,-8.0,103.0,4.956751586689279,150.42727607199004,True,54.46821833698277,19.0,-7.0,26.0,3.972364596811076,2.2839348734391933,True
4129.739421774691,686395.8650662974,4355870.774002548,4100.715618399658,5.877879511784386,26.020370543378924,10.47304055765366,46.47929735631851,4.0,-7.0,11.0,6.706633950451078,1.082616751917385,True,131.03893141205504,23.0,-10.0,33.0,7.19150852328994,38.87661766558472,True,422.1851397058472,108.0,-11.0,119.0,7.19150852328994,316.78578313775415,True,151.63551193516923,30.0,-11.0,41.0,7.19150852328994,54.690822033742734,True
4139.723163293646,686385.8862418297,4355871.087302662,4087.0515490536754,10.042687848439755,23.437485013775046,13.220188635535779,99.68310616499252,4.0,-10.0,14.0,10.73028315724514,17.142997710557893,True,287.4653198300573,32.0,-16.0,48.0,11.19618549622487,135.400618128142,True,770.3737114665062,154.0,-18.0,172.0,11.19618549622487,597.1289859346475,True,332.41107413805594,40.0,-17.0,57.0,11.19618549622487,171.45216003628934,True
4149.706904812601,686375.9074173621,4355871.400602777,4072.734612597478,14.406490080288677,20.50531348569023,15.270202670561552,163.46961296749305,4.0,-14.0,18.0,15.163946260013518,34.67685705411486,True,516.4347397303934,40.0,-22.0,62.0,15.791109892290478,285.1678068179385,True,1465.6961084084226,202.0,-25.0,227.0,15.791109892290478,1197.399123396687,True,601.1702565152946,50.0,-24.0,74.0,15.791109892290478,352.8863937079691,True
4159.690646331585,686365.9285928945,4355871.713902892,4056.1060133863684,19.474887119834875,18.88354287285095,19.359400884037733,258.5387426434861,4.0,-17.0,21.0,20.215246093121777,54.89761620821628,True,865.2146476512355,52.0,-29.0,81.0,20.575802075424917,508.6134992385953,True,1615.4616189180515,155.0,-34.0,189.0,20.575802075424917,1195.294122258654,True,1016.4798372254693,68.0,-32.0,100.0,20.575802075424917,629.4229666919357,True
4169.67438785054,686355.9497684268,4355872.027203006,4039.995698708806,24.385311033556036,12.415257715380388,22.83241937448176,367.1728309771065,4.0,-20.0,24.0,25.042651235664152,74.46781522889842,True,1300.1297716766944,63.0,-29.0,92.0,25.50662942884469,832.6586304839016,True,1894.0055228789874,97.0,-32.0,129.0,25.50662942884469,1366.9354523511947,True,1494.6260044365022,72.0,-30.0,102.0,25.50662942884469,997.8635864570444,True
4179.658129369495,686345.9709439592,4355872.34050312,4039.7295353367226,24.466437629366965,9.354619119699793,22.589654370572116,343.4253089351298,4.0,-18.0,22.0,24.94935810384095,74.50049507330141,True,1083.274222627454,52.0,-27.0,79.0,25.08996158593004,659.7818419849468,True,1496.4343403040132,80.0,-31.0,111.0,25.08996158593004,1018.9830909445066,True,1220.9699059948387,61.0,-29.0,90.0,25.08996158593004,771.2613443167338,True
4189.641870888479,686335.9921194916,4355872.653803235,4057.627753202779,19.01106082379306,9.23370502477479,19.8443521338581,242.92936928015365,4.0,-16.0,20.0,19.627105385718323,52.930404391142474,True,727.7856772575697,42.0,-24.0,66.0,19.77957419019822,413.77927969151506,True,994.6080287070906,65.0,-27.0,92.0,19.77957419019822,637.6544173774716,True,816.3571243972883,49.0,-26.0,75.0,19.77957419019822,482.16308859836954,True
4199.625612407434,686326.0132950239,4355872.967103349,4070.438852342939,15.106237805872297,8.562773595496015,17.118684965953392,173.81253721350708,4.0,-13.0,17.0,15.41040655353504,36.67129355058319,True,481.34720931879224,34.0,-20.0,54.0,15.6961876780299,246.5852461216184,True,636.1131611286864,50.0,-23.0,73.0,15.6961876780299,370.11641869965206,True,533.333249798427,39.0,-22.0,61.0,15.6961876780299,284.46586802943034,True
4209.609353926418,686316.0344705563,4355873.280403464,4084.8974184842027,10.699266846015007,8.342898480699795,14.906139316884158,111.40741754520786,4.0,-11.0,15.0,11.125130159556193,19.27299648582425,True,284.51854863071594,26.0,-17.0,43.0,11.374961264843932,116.33953007559148,True,364.69352103086567,37.0,-19.0,56.0,11.374961264843932,173.14403151926672,True,312.3681370767556,29.0,-18.0,47.0,11.374961264843932,134.12432126022009,True
4219.593095445373,686306.0556460887,4355873.593703578,4097.518912709689,6.85223540608672,8.397722893344094,13.532383395854675,58.787954316653895,4.0,-8.0,12.0,6.85223540608672,2.768179122564561,True,134.78583047286133,18.0,-13.0,31.0,7.0047884046118725,23.96898156329189,True,167.8138474349007,26.0,-14.0,40.0,7.0047884046118725,40.773811250181325,True,146.09508845022833,21.0,-14.0,35.0,7.0047884046118725,28.96805226550896,True
4229.576836964445,686296.0768216209,4355873.907003692,4112.509343860544,2.2831519913063403,9.306185570262102,12.41039401341711,16.889551536253748,4.0,-5.0,9.0,2.8663878614449914,0.0,True,34.09749632680382,11.0,-8.0,19.0,3.299503899227375,0.0,True,39.926683605042626,15.0,-8.0,23.0,3.299503899227375,0.0,True,35.99361809581637,12.0,-8.0,20.0,3.299503899227375,0.0,True
4239.560578483429,686286.0979971533,4355874.220303807,4125.302244349104,-1.6161240776068553,10.810133615103705,11.323069149981144,0.0,,,,0.0,0.0,True,0.0,,,,0.0,0.0,True,0.0,,,,0.0,0.0,True,0.0,,,,0.0,0.0,True
4249.544320002384,686276.1191726857,4355874.5336039215,4134.938809294369,-4.553349072923766,12.826506602084875,10.138357713139772,0.0,,,,0.0,0.0,True,0.0,,,,0.0,0.0,True,0.0,,,,0.0,0.0,True,0.0,,,,0.0,0.0,True
4259.528061521339,686266.140348218,4355874.846904036,4148.640239534486,-8.729545010111224,14.926743745933216,8.446680391959239,0.0,,,,0.0,0.0,True,0.0,,,,0.0,0.0,True,0.0,,,,0.0,0.0,True,0.0,,,,0.0,0.0,True
4269.511803040323,686256.1615237504,4355875.160204151,4157.8337825353,-11.531736916759428,17.01154819034274,6.930646954490935,0.0,,,,0.0,0.0,True,0.0,,,,0.0,0.0,True,0.0,,,,0.0,0.0,True,0.0,,,,0.0,0.0,True
4279.495544559278,686246.1826992828,4355875.473504265,4164.116859276689,-13.446818707534703,18.00006773544643,5.25823385083031,0.0,,,,0.0,0.0,True,0.0,,,,0.0,0.0,True,0.0,,,,0.0,0.0,True,0.0,,,,0.0,0.0,True
4289.479286078233,686236.2038748151,4355875.786804379,4164.587057735559,-13.590135197798418,17.054998755207354,4.367550446502247,0.0,,,,0.0,0.0,True,0.0,,,,0.0,0.0,True,0.0,,,,0.0,0.0,True,0.0,,,,0.0,0.0,True
4299.463027597217,686226.2250503475,4355876.100104494,4160.539882863104,-12.35655629667417,15.040609997152329,4.126381343291107,0.0,,,,0.0,0.0,True,0.0,,,,0.0,0.0,True,0.0,,,,0.0,0.0,True,0.0,,,,0.0,0.0,True
4309.446769116172,686216.2462258799,4355876.413404608,4154.692701956245,-10.574335556263577,12.149629877787977,3.5320621672608112,0.0,,,,0.0,0.0,True,0.0,,,,0.0,0.0,True,0.0,,,,0.0,0.0,True,0.0,,,,0.0,0.0,True
4319.430510635127,686206.2674014122,4355876.726704722,4145.142407220848,-7.663405720914625,8.962368708421014,3.8071847718309844,0.0,,,,0.0,0.0,True,0.0,,,,0.0,0.0,True,0.0,,,,0.0,0.0,True,0.0,,,,0.0,0.0,True
4329.414252154111,686196.2885769446,4355877.040004837,4133.653994029533,-4.161737380201657,6.792880786726467,3.568274254572434,0.0,,,,0.0,0.0,True,0.0,,,,0.0,0.0,True,0.0,,,,0.0,0.0,True,0.0,,,,0.0,0.0,True
4339.397993673182,686186.3097524769,4355877.353304951,4120.074692095328,-0.022766150656025275,5.41764290702112,3.5013794966056873,0.0,,,,0.0,0.0,True,0.0,,,,0.0,0.0,True,0.0,,,,0.0,0.0,True,0.0,,,,0.0,0.0,True
4349.381735192137,686176.3309280092,4355877.666605066,4107.085338258872,3.9363888986958955,5.100716519709592,3.4387945193798117,30.685179275285464,4.0,-6.0,10.0,4.0904371269732565,0.0,True,60.04333367694767,12.0,-10.0,22.0,4.217510972072432,0.0,True,68.33351949553071,15.0,-11.0,26.0,4.217510972072432,0.0,True,63.07481845481493,13.0,-10.0,23.0,4.217510972072432,0.0,True
4359.365476711121,686166.3521035416,4355877.979905181,4094.9177973019746,7.645055382358123,5.63771882399504,2.961141168061203,69.24095986713746,4.0,-9.0,13.0,7.932897158400692,6.804683245550677,True,154.95672429965975,18.0,-14.0,32.0,8.063334257337829,33.9817532330012,True,185.79638071066415,24.0,-15.0,39.0,8.063334257337829,47.349930865417264,True,166.16246972643012,20.0,-15.0,35.0,8.063334257337829,38.25401988118324,True
4369.349218230076,686156.373279074,4355878.293205295,4084.719132053075,10.75360855022268,6.241868980170804,2.3666142554137846,108.70462009971789,4.0,-11.0,15.0,11.190527204982118,19.482242014534677,True,268.7064800898588,24.0,-17.0,41.0,11.348848699248947,105.20870386463707,True,334.1130086539513,33.0,-19.0,52.0,11.348848699248947,147.10050423578537,True,292.22813283665505,27.0,-18.0,45.0,11.348848699248947,118.65533837721955,True
4379.33295974906,686146.3944546063,4355878.60650541,4075.718616215585,13.496965777489777,6.537273063715806,1.715442605179895,147.85803298911833,4.0,-13.0,17.0,13.991205196413603,30.55239861196378,True,395.760276379493,29.0,-20.0,49.0,14.282155245527065,188.28301526203745,True,507.235514503265,42.0,-23.0,65.0,14.282155245527065,269.274963597486,True,435.04593800984867,33.0,-21.0,54.0,14.282155245527065,213.95315766236786,True
4389.316701268015,686136.4156301387,4355878.919805524,4068.3429868704893,15.745057601874805,6.8083906319807275,0.6472893790131163,184.38739068215318,4.0,-14.0,18.0,16.32900693048009,39.77668912213403,True,525.7195666889613,35.0,-22.0,57.0,16.598262925914923,273.90642163922575,True,695.9805884747764,52.0,-26.0,78.0,16.598262925914923,406.33915246260517,True,584.0842857263754,40.0,-24.0,64.0,16.598262925914923,314.84575679998034,True
4399.30044278697,686126.4368056711,4355879.233105638,4061.9464253334513,17.694729558364088,6.927532096683715,0.7308945433264388,217.3836080837757,4.0,-15.0,19.0,18.203275845473627,47.389423367534164,True,657.6339782865407,40.0,-24.0,64.0,18.59147927472759,365.0668933102429,True,895.7877272849578,60.0,-29.0,89.0,18.59147927472759,557.6788378876481,True,738.942217391007,47.0,-27.0,74.0,18.59147927472759,425.0660223340242,True
4409.284184305954,686116.4579812034,4355879.546405753,4056.5185168014564,19.349156078916167,7.287944971769284,2.7474892301886786,247.10062264587123,4.0,-17.0,21.0,19.87356309651932,54.103067152360836,True,791.3924489525473,46.0,-26.0,72.0,20.233503868325897,461.05187804495426,True,1104.2085796102494,67.0,-31.0,98.0,20.233503868325897,720.527511099478,True,899.0516364495165,53.0,-29.0,82.0,20.233503868325897,543.479611167041,True
4419.267925824909,686106.4791567358,4355879.859705867,4051.510835299192,20.875497400806353,8.119487607697057,5.093962741384565,277.2333821348784,4.0,-17.0,21.0,21.48173098516304,60.33822906926957,True,942.3318849847608,52.0,-28.0,80.0,21.89977360437456,575.5983225079262,True,1335.5850794228231,74.0,-33.0,107.0,21.89977360437456,908.6513016431338,True,1079.2207020930389,59.0,-31.0,90.0,21.89977360437456,684.0078478415805,True
4429.251667343864,686096.5003322682,4355880.173005981,4045.112364801481,22.825751208508564,9.253907425509352,6.795100028641021,317.6304497031465,4.0,-19.0,23.0,23.485965662148374,68.1900239350914,True,1144.6000796129363,58.0,-30.0,88.0,23.934645612596796,725.3673859324037,True,1639.814360558445,82.0,-37.0,119.0,23.934645612596796,1148.0012316578507,True,1318.8713925282198,66.0,-34.0,100.0,23.934645612596796,865.144392189364,True
4439.2354088629645,686086.5215078004,4355880.486306096,4036.5406428297456,25.438412065493594,10.353855716608322,7.206260649380313,383.8596143778939,4.0,-21.0,25.0,26.21491109475619,78.85932822111863,True,1437.9359308445523,65.0,-35.0,100.0,26.71320630099899,921.9529692978019,True,2062.641393341925,89.0,-44.0,133.0,26.71320630099899,1447.8442806612602,True,1663.5502576755378,73.0,-39.0,112.0,26.71320630099899,1100.26164612197,True
4449.2191503819195,686076.5426833328,4355880.799606211,4023.2724778726742,29.48254874440886,11.276840124725483,6.9854939593169485,489.30611774267413,4.0,-24.0,28.0,29.987252338291682,94.57316518998596,True,1853.7520479234138,73.0,-40.0,113.0,30.327883810088224,1189.6028993204827,True,2634.930979527061,97.0,-52.0,149.0,30.327883810088224,1835.2979959210677,True,2141.1170627610772,81.0,-45.0,126.0,30.327883810088224,1412.7884038435113,True
4459.202891900874,686066.5638588652,4355881.112906325,4006.8544270514876,34.486770634706545,12.043309946614032,6.25836989731461,646.4326444340745,4.0,-28.0,32.0,34.92389454932163,114.41211382006736,True,2417.5857920083527,80.0,-48.0,128.0,35.134938059133674,1518.863288184119,True,3401.288069959369,104.0,-66.0,170.0,35.134938059133674,2292.4674295897385,True,2786.005667128454,88.0,-56.0,144.0,35.134938059133674,1790.6595613951386,True
4469.1866334198585,686056.5850343975,4355881.42620644,3985.4518122658806,41.010287621359566,12.432803918934129,4.611888312152085,875.9270025696419,4.0,-33.0,37.0,41.185587900022256,140.05799563981373,True,3181.9521768533223,87.0,-58.0,145.0,41.38190008568108,1929.2671508992382,True,4431.830079915153,113.0,-86.0,199.0,41.38190008568108,2846.4706728343535,True,3656.3374304072613,96.0,-69.0,165.0,41.38190008568108,2252.127514924343,True
4479.170374938813,686046.6062099299,4355881.739506554,3962.9256934474633,47.876248637213166,11.814367647820543,3.4805377643808324,1154.4159239106523,4.0,-39.0,43.0,48.159735489741706,167.70846418722226,True,4126.374386375664,93.0,-71.0,164.0,48.262716430484716,2422.664723068451,True,5731.375727645356,121.0,-117.0,238.0,48.262716430484716,3483.457970184413,True,4730.514604429472,102.0,-87.0,189.0,48.262716430484716,2796.212499518612,True
4489.154116457768,686036.6273854623,4355882.052806668,3939.0608138907614,55.15026392609593,10.811207935267296,2.3298769941862036,1479.7044032074596,4.0,-44.0,48.0,55.300343142037036,196.48081864108644,True,5224.886573307012,99.0,-81.0,180.0,55.43770012889331,2984.9154219347447,True,7353.163389942641,131.0,-143.0,274.0,55.43770012889331,4221.74570816097,True,6007.679296459932,109.0,-107.0,216.0,55.43770012889331,3415.365747709675,True
4499.1378579767525,686026.6485609947,4355882.366106783,3915.6379174243743,62.28956276905069,9.396390270992496,1.7024289854159034,1852.302795169965,4.0,-50.0,54.0,62.5346607142767,225.2354134661182,True,6467.316693754003,105.0,-98.0,203.0,62.73489601815777,3584.5536572347264,True,9170.679576546723,148.0,-153.0,301.0,62.73489601815777,5014.990224726136,True,7534.77386588925,117.0,-139.0,256.0,62.73489601815777,4074.857624694763,True
4509.121599495707,686016.669736527,4355882.679406897,3893.3236481738713,69.090952036604,8.205837259060743,0.9680711936314633,2270.3410193389846,4.0,-56.0,60.0,69.53868920985633,252.84049777896348,True,7922.951973021602,112.0,-118.0,230.0,69.82728382834898,4294.6274807873615,True,11155.411529713474,171.0,-160.0,331.0,69.82728382834898,5999.468151103967,True,9250.756637513647,125.0,-147.0,272.0,69.82728382834898,4857.580313000485,True
4519.1053410146915,686006.6909120594,4355882.992707012,3867.9335515028192,76.82985350194076,7.109273641387667,0.3474735309072147,2752.3863208611906,4.0,-62.0,66.0,76.95548957285473,283.02484883710395,True,9519.49179630556,119.0,-136.0,255.0,77.17315739390642,5032.381250037805,True,13313.365371695905,193.0,-169.0,362.0,77.17315739390642,7113.488899694572,True,11036.502283310685,134.0,-152.0,286.0,77.17315739390642,5675.20740696447,True
4529.089082533646,685996.7120875918,4355883.306007126,3843.1468117100544,84.38485179077543,6.153342849811164,1.0818771561943845,3251.1790658830905,4.0,-68.0,72.0,84.38485179077543,312.93440797667154,True,11229.568904754387,126.0,-145.0,271.0,84.38485179077543,5832.0870867797985,True,15641.30799809828,205.0,-178.0,383.0,84.38485179077543,8357.129939502307,True,12930.291615254304,144.0,-160.0,304.0,84.38485179077543,6572.7554978533035,True
4539.072824052718,685986.733263124,4355883.6193072405,3817.8536511190246,92.09420713892132,5.493959309177515,2.220054096859703,3811.4455116719973,4.0,-74.0,78.0,92.29967573477029,344.3969603646078,True,13041.969977645738,134.0,-151.0,285.0,92.31453331842795,6681.450182781827,True,18105.243750805945,215.0,-186.0,401.0,92.31453331842795,9664.957790349301,True,14951.537292085162,156.0,-168.0,324.0,92.31453331842795,7533.666389809858,True
4549.056565571702,685976.7544386564,4355883.9326073555,3792.5174933291764,99.81666803326698,5.083311357001898,2.93779879257512,4392.94384240295,4.0,-79.0,83.0,99.84027657222373,374.9349833315059,True,14942.995794829876,142.0,-156.0,298.0,99.84027657222373,7605.686926560299,True,20622.95280010893,225.0,-191.0,416.0,99.84027657222373,11062.751499469177,True,17087.561687712132,174.0,-173.0,347.0,99.84027657222373,8613.68327113741,True
4559.040307090657,685966.7756141888,4355884.24590747,3769.3623221748458,106.87436420110703,4.921699031706461,3.576640771018075,4996.971561339432,4.0,-85.0,89.0,106.90301756064332,403.0692490311774,True,16921.553190049017,152.0,-161.0,313.0,106.90301756064332,8584.505091151419,True,23228.350570270413,235.0,-197.0,432.0,106.90301756064332,12524.340697718173,True,19351.30656048988,194.0,-179.0,373.0,106.90301756064332,9808.968094662356,True
4569.024048609612,685956.7967897211,4355884.559207584,3746.3372651987797,113.89240156741198,4.675420745551631,4.3231537905050015,5631.032880917495,4.0,-90.0,94.0,113.925612563698,431.13406878741966,True,19017.55264583964,166.0,-168.0,334.0,113.925612563698,9633.94361705627,True,25984.002003480182,247.0,-203.0,450.0,113.925612563698,14050.603314890417,True,21787.687638624,204.0,-186.0,390.0,113.925612563698,11099.341231913775,True
4579.007790128596,685946.8179652535,4355884.872507699,3723.1619165703146,120.95624782936807,4.76652894219689,4.836037385395884,6298.934484120582,4.0,-95.0,99.0,120.99902873214774,459.5232229203232,True,21285.612660836487,182.0,-172.0,354.0,120.99902873214774,10793.991283526086,True,28871.927704712132,265.0,-213.0,478.0,120.99902873214774,15659.565291141651,True,24322.12446122013,211.0,-191.0,402.0,120.99902873214774,12455.499578617018,True
4588.991531647551,685936.8391407859,4355885.185807813,3700.000417085263,128.01587287241182,4.521530083503421,5.608847378945375,6983.484181624241,4.0,-100.0,104.0,128.03753985524577,487.63341453025646,True,23644.78135254197,194.0,-177.0,371.0,128.06418308678258,12035.138109171114,True,32029.76145571818,308.0,-225.0,533.0,128.06418308678258,17417.339765041015,True,26936.582527648316,218.0,-202.0,420.0,128.06418308678258,13839.732789719477,True
