station,E,N,z_ground_ft,H_axis,slope_us_deg,slope_ds_deg,rcc_area,rcc_toe_us,rcc_toe_ds,rcc_base,rcc_Hmax,rcc_us_wedge,rcc_closes,cfrd_area,cfrd_toe_us,cfrd_toe_ds,cfrd_base,cfrd_Hmax,cfrd_us_wedge,cfrd_closes,ecrd_area,ecrd_toe_us,ecrd_toe_ds,ecrd_base,ecrd_Hmax,ecrd_us_wedge,ecrd_closes,rockfill_area,rockfill_toe_us,rockfill_toe_ds,rockfill_base,rockfill_Hmax,rockfill_us_wedge,rockfill_closes
0.0,685936.8391407859,4355885.185807813,3700.000417085263,128.01587287241182,36.42631831860791,29.047302292893423,12702.771331803971,4.0,-171.0,175.0,130.2532575467285,483.01981187507727,True,40623.13904717804,92.0,-391.0,483.0,131.59193982107558,6028.863097927419,True,55160.99582248451,107.0,-448.0,555.0,136.27991672201756,6949.838795222937,True,48162.87340939152,97.0,-422.0,519.0,133.25297084644353,6377.28346899219,True
9.983112344017687,685938.5904671493,4355895.014103089,3704.249059042188,126.72088680394108,36.147106028409155,29.881469886827432,12689.898790408211,4.0,-174.0,178.0,128.77692306015,478.3653978387872,True,41182.3534538658,91.0,-395.0,486.0,130.19664359583157,5942.809531606527,True,55988.301548016156,106.0,-452.0,558.0,135.61803515125553,6858.288423230403,True,48876.84551695889,97.0,-426.0,523.0,131.96190862670846,6289.101027202253,True
19.966224688035375,685940.3417935127,4355904.842398366,3709.627858226115,125.08142881268009,35.49003011887313,30.828055827257923,12698.121556228327,4.0,-176.0,180.0,127.28890029678223,471.5539063703136,True,41665.53754735293,91.0,-399.0,490.0,128.79246419511446,5854.293266951756,True,56711.97861418716,106.0,-457.0,563.0,134.84032353622388,6760.707132986967,True,49490.01542037011,97.0,-430.0,527.0,130.95093772220366,6197.74093985197,True
29.94933703113618,685942.0931198761,4355914.6706936415,3714.1114745895825,123.71482254509533,35.059324368069646,31.618339428758887,12686.772734564849,4.0,-179.0,183.0,125.77302842101562,466.25981579680047,True,41638.25203565593,90.0,-403.0,493.0,127.19293864902352,5752.226331997694,True,56929.18082666936,105.0,-462.0,567.0,133.6644737162776,6648.311217917882,True,49577.98380061735,96.0,-434.0,530.0,129.57525055945166,6090.310956672032,True
39.932449375153865,685943.8444462395,4355924.498988918,3718.545554627155,122.36331494964315,34.772882531906404,32.41025284667864,12759.333820785188,4.0,-182.0,186.0,124.5098753529744,460.83973194407554,True,41802.966566140545,90.0,-406.0,496.0,125.90637719226788,5634.048678700034,True,57369.26548208158,105.0,-468.0,573.0,133.43718224481609,6520.644327955937,True,49877.31085849296,95.0,-438.0,533.0,128.47404958492575,5968.393480310391,True
49.91556171917155,685945.595772603,4355934.3272841945,3721.4806133314682,121.46870905656851,34.39000685095254,33.502768768268396,13115.375133350897,4.0,-188.0,192.0,123.65170155794931,457.06604798256626,True,42663.07740741446,90.0,-410.0,500.0,125.29920118164569,5533.158415637848,True,58581.2670883513,106.0,-482.0,588.0,134.9049343574129,6421.349575475207,True,50908.430657770165,95.0,-443.0,538.0,129.13644634241746,5866.8627402087295,True
59.89867406318923,685947.3470989664,4355944.155579471,3719.752972675546,121.99529392849354,33.85423022073678,34.668224783585586,13684.620740348733,4.0,-193.0,197.0,124.2203181375271,459.34190929336387,True,44267.58403872109,91.0,-415.0,506.0,126.33081008926024,5559.7712128389085,True,60709.4432456926,108.0,-512.0,620.0,138.4123519193197,6486.125384708257,True,52691.73238145144,97.0,-447.0,544.0,131.77815686105032,5904.743039278848,True
69.88178640629005,685949.0984253298,4355953.983874747,3712.6486544034433,124.16069013783044,32.8874614239394,34.20115518646568,13839.086451441603,4.0,-195.0,199.0,126.33549488237736,467.8711001826164,True,45621.707142403975,93.0,-420.0,513.0,128.25775956709367,5754.064709833988,True,62695.75128854196,112.0,-514.0,626.0,138.66623424880868,6750.916784216192,True,54216.718978771925,101.0,-450.0,551.0,132.89598344007277,6122.624560962075,True
79.86489875028731,685950.8497516931,4355963.812170023,3706.7513182564535,125.95819819543294,31.930220862318222,31.719997689893383,13429.500572254245,4.0,-190.0,194.0,128.15914041914925,475.15577853751665,True,45327.271495151945,97.0,-423.0,520.0,129.6404052626135,6040.985883636731,True,62936.433443438116,116.0,-512.0,628.0,135.6705158455377,7105.543183659447,True,54072.39743534616,104.0,-454.0,558.0,131.91671578233627,6436.572320295254,True
89.848011094305,685952.6010780565,4355973.6404653,3709.3553125478265,125.16450073542251,31.350001726342146,30.000284863101214,12708.194953489608,4.0,-185.0,189.0,127.20902665436574,472.23437062584367,True,44065.939413678185,98.0,-426.0,524.0,128.49998928092214,6114.451618139765,True,62045.99900688525,116.0,-512.0,628.0,131.71759099791825,7193.833652316719,True,52955.37036131449,104.0,-464.0,568.0,129.15497425910985,6517.531983409013,True
99.83112343832268,685954.3524044199,4355983.468760576,3721.282926672881,121.52896395010589,31.017545845378798,29.263442285014634,11894.478285322806,4.0,-178.0,182.0,123.8748725398898,457.903963215256,True,42507.80698506678,96.0,-429.0,525.0,125.52083136323927,5875.953317045909,True,60781.2425559169,114.0,-515.0,629.0,126.91350516261832,6919.82572663247,True,51593.27856932988,103.0,-488.0,591.0,125.65984496373494,6264.983062392535,True
109.81423578142349,685956.1037307833,4355993.297055852,3737.481174187345,116.59173810769721,30.38114664483501,29.251921726159946,11135.80936284837,4.0,-174.0,178.0,118.6815011871438,438.0849747995944,True,41304.42832310054,93.0,-431.0,524.0,121.10485430383483,5562.348630286617,True,59797.41753293796,112.0,-521.0,633.0,125.37172428679287,6554.934569144455,True,50523.06514728932,100.0,-490.0,590.0,121.72985430383483,5931.377965637503,True
119.79734812544118,685957.8550571467,4356003.125351128,3749.052881521568,113.06468171222605,29.77129425451043,29.389043292647976,10473.315854734201,4.0,-170.0,174.0,114.86246201612789,424.250029195774,True,40455.90763710516,91.0,-432.0,523.0,116.24491816603609,5266.586630087916,True,59215.586447498354,109.0,-525.0,634.0,125.66980066431074,6211.64631797682,True,49781.49792439582,98.0,-495.0,593.0,116.87784089262323,5617.33941135962,True
129.78046046945886,685959.6063835102,4356012.953646405,3757.251324452352,110.56579630692318,29.59436798811655,29.67830291745297,9937.187098839131,4.0,-167.0,171.0,112.276666691537,414.5008769885153,True,39924.16532215342,89.0,-433.0,522.0,113.51002443465336,5044.743764298177,True,59012.378924045115,108.0,-531.0,639.0,129.73375986063513,5950.753593121128,True,49381.35580924219,96.0,-501.0,597.0,113.51002443465336,5378.925604843873,True
139.76357281347654,685961.3577098736,4356022.781941681,3762.4448388852916,108.98281310776315,29.55609686365623,29.395774848355895,9580.775683365744,4.0,-165.0,169.0,110.58170991177599,407.9188677902382,True,39623.440579152026,88.0,-434.0,522.0,111.65058070912687,4912.902622360287,True,59130.97553016815,107.0,-534.0,641.0,134.95421464319452,5799.807637176528,True,49342.02987678088,95.0,-508.0,603.0,111.65058070912687,5240.048938674634,True
149.74668515749423,685963.109036237,4356032.610236958,3762.7428739850434,108.89197200935882,29.32531856002874,28.553364004138555,9491.973757557498,4.0,-162.0,166.0,110.7555944757346,407.5078719241226,True,39654.18464557622,88.0,-438.0,526.0,111.92764052032248,4863.527417837977,True,59651.751252400674,107.0,-536.0,643.0,136.31806017920962,5749.6485613841905,True,49787.007617087904,95.0,-511.0,606.0,111.92764052032248,5191.07892529991,True
159.72979750059503,685964.8603626004,4356042.438532233,3756.9384123394307,110.66117191894159,29.329184779192598,27.66503262978086,9680.798758057417,4.0,-161.0,165.0,112.54736785129398,414.2610250080031,True,40255.15664704687,89.0,-445.0,534.0,113.61440633888265,4972.658016720074,True,60743.565522797406,109.0,-537.0,646.0,137.29750969934446,5885.521844200039,True,50819.62293887706,96.0,-512.0,608.0,113.9478772848247,5308.714089630999,True
169.7129098446127,685966.6116889638,4356052.26682751,3749.8691798695663,112.81587397575618,29.36330296938477,27.741368331328353,10046.342782766107,4.0,-162.0,166.0,114.75202097816828,422.98669973738697,True,41160.18174096258,92.0,-455.0,547.0,116.07542490932792,5154.464481363578,True,62066.607472476,111.0,-537.0,648.0,137.8617747986724,6111.7505272056,True,52108.53645041154,99.0,-512.0,611.0,116.47206536294698,5508.469048255127,True
179.6960221886304,685968.3630153273,4356062.095122786,3742.754393554792,114.98446084449938,29.55116577708763,28.504398468345347,10504.069775732602,4.0,-165.0,169.0,117.06527915729589,431.9247619392015,True,42334.44764916298,93.0,-471.0,564.0,118.36075506004977,5373.422869603195,True,63361.69067738094,112.0,-536.0,648.0,138.78864754756455,6356.47617876235,True,53424.25387793129,100.0,-511.0,611.0,118.6751019080948,5736.318799942733,True
189.67913453264808,685970.1143416907,4356071.923418063,3734.391480753428,117.53347666635523,30.297594052436242,29.254238163366676,10975.828512511744,4.0,-169.0,173.0,119.39693275032914,442.27770437061713,True,43713.750391237365,94.0,-482.0,576.0,120.67627253116461,5571.898697581136,True,64702.833095129536,114.0,-536.0,650.0,138.69337445994597,6578.268554976159,True,54786.56750202729,101.0,-510.0,611.0,120.81096133841743,5942.706464836188,True
199.66224687574888,685971.8656680541,4356081.751713338,3729.4191815192876,119.04903347292111,30.95258930184709,29.276174617163797,11262.234204580469,4.0,-174.0,178.0,120.86380124730113,448.05079729939143,True,44935.47853882586,94.0,-481.0,575.0,122.03184407802405,5666.943100643096,True,65919.57966326538,115.0,-535.0,650.0,138.1933153338598,6685.402025892468,True,56002.47161560792,101.0,-509.0,610.0,122.03834010075207,6040.962204825745,True
209.64535921976656,685973.6169944175,4356091.580008615,3733.677724400717,117.75102960266145,30.384749198341375,29.554890853457763,11221.443122013043,4.0,-181.0,185.0,119.36133930576216,443.2811827671003,True,45593.517306914975,94.0,-480.0,574.0,120.45325272127593,5608.379233751544,True,66554.75234956789,116.0,-536.0,652.0,136.43322028124328,6636.9200695193085,True,56633.695761141294,102.0,-509.0,611.0,120.45325272127593,5984.246461296081,True
219.62847156378425,685975.3683207809,4356101.408303891,3741.276600549535,115.43489215250179,29.297736655265734,29.964041544578915,10984.514158503236,4.0,-183.0,187.0,117.05749384541537,433.99753209874166,True,45701.402432234674,94.0,-478.0,572.0,118.02756717467287,5497.6543677327845,True,66630.89800029877,117.0,-539.0,656.0,132.42881948861805,6533.605437074813,True,56683.247012622895,102.0,-508.0,610.0,118.02756717467287,5874.13867249237,True
229.61158390778152,685977.1196471442,4356111.236599168,3748.766642777679,113.15192728136344,28.34441117084383,30.257191000183283,10705.15104400906,4.0,-182.0,186.0,114.79613294822889,424.7680891153814,True,45287.634234163095,94.0,-477.0,571.0,115.85420581021594,5384.289575141142,True,66298.758621702,118.0,-547.0,665.0,130.57451259615652,6431.234541348507,True,56219.74084422565,102.0,-508.0,610.0,115.85420581021594,5762.12356811392,True
239.59469625088232,685978.8709735076,4356121.064894443,3752.543338420706,112.00079044936888,27.526925429405654,30.4213776500393,10523.909105104467,4.0,-180.0,184.0,113.65609986237837,420.26058147281856,True,45167.495637061234,95.0,-476.0,571.0,114.75057050456053,5320.644918995667,True,66560.10218496414,119.0,-556.0,675.0,130.77411742781237,6391.903498708092,True,56170.63781403217,103.0,-513.0,616.0,114.75057050456053,5705.788247276501,True
249.5778085949,685980.622299871,4356130.89318972,3752.6937854792714,111.95493418591809,26.779015158443645,30.506007261313176,10503.483211772196,4.0,-179.0,183.0,113.61476664632914,420.18905066304796,True,45473.429892383836,96.0,-479.0,575.0,114.73825878549087,5342.7027316919275,True,67352.41773567592,120.0,-555.0,675.0,132.28905006001116,6442.664913257258,True,56764.2189695973,105.0,-521.0,626.0,114.73825878549087,5739.853290438633,True
259.5609209389177,685982.3736262345,4356140.721484996,3749.0901386042374,113.05332575342845,26.43370118211372,30.27843764977223,10643.97617073367,4.0,-178.0,182.0,114.73130361505423,424.50058199284604,True,46123.66621157155,97.0,-482.0,579.0,115.77207907623415,5456.153087588938,True,67977.7941981096,120.0,-552.0,672.0,137.86220527264084,6577.066912604039,True,57476.74065081566,106.0,-520.0,626.0,115.77207907623415,5864.480955215341,True
269.5440332829354,685984.1249525979,4356150.549780273,3742.682107053741,115.00649377001969,26.633253197987393,29.836052392434357,10915.357874818255,4.0,-178.0,182.0,116.61602363680049,432.1567327851674,True,46914.33333126077,98.0,-476.0,574.0,117.8038581526323,5623.292539084157,True,68415.5600378403,120.0,-549.0,669.0,142.11965190651085,6751.833358446724,True,58071.89832144257,106.0,-515.0,621.0,117.8038581526323,6038.177882041258,True
279.5271456260362,685985.8762789613,4356160.378075548,3734.335106933975,117.55065940652435,27.72734457866845,29.376651868264254,11259.353358771697,4.0,-181.0,185.0,119.22789665611049,442.46360396949285,True,47943.761436309054,98.0,-471.0,569.0,120.3720951645671,5800.926046376395,True,69099.48489375849,119.0,-545.0,664.0,145.56582373751166,6919.897677657331,True,58902.643670277015,106.0,-512.0,618.0,120.3720951645671,6214.394687562726,True
289.5102579700539,685987.6276053247,4356170.206370825,3724.548133949306,120.5337287722516,29.42299516533999,29.010646570656984,11700.247472339799,4.0,-184.0,188.0,122.32258868563531,454.33975850566367,True,49106.99885913981,98.0,-470.0,568.0,123.43569166921043,5954.723499096657,True,70117.27933092973,118.0,-543.0,661.0,150.84854474260453,7055.961443967489,True,59998.48344584167,105.0,-510.0,615.0,123.43569166921043,6363.708179429026,True
299.49337031407157,685989.3789316881,4356180.034666101,3715.385857289967,123.32639069801803,30.703052805446987,29.251633258504455,12233.763520402037,4.0,-187.0,191.0,124.92628586759724,464.8004952853985,True,50307.0522655751,98.0,-470.0,568.0,126.12489500397373,6041.287594847679,True,71390.12950239237,117.0,-544.0,661.0,153.43694240995183,7128.80635760209,True,61240.075769845746,105.0,-511.0,616.0,126.12489500397373,6446.277060926901,True
309.47648265808925,685991.1302580516,4356189.862961378,3712.725766573976,124.13718634825204,31.12682934581309,30.544667955171978,12755.32649990233,4.0,-190.0,194.0,126.01791999585566,468.32323183084804,True,51538.71997095594,98.0,-474.0,572.0,127.25150163463536,6063.086246926471,True,72893.78499005586,117.0,-547.0,664.0,155.1834847964634,7149.8184907405775,True,62614.42302382337,105.0,-515.0,620.0,127.90593184675117,6467.698613466293,True
319.45959500210694,685992.881584415,4356199.691256654,3714.725420671895,123.5276917792064,30.728770876362468,31.815349633635854,13044.77935959556,4.0,-196.0,200.0,125.4651340246653,465.88925728886375,True,52494.74612800253,98.0,-479.0,577.0,126.67313204643892,6045.91169024643,True,74200.26443053706,117.0,-551.0,668.0,157.02423470816143,7140.741564279923,True,63777.938047011776,105.0,-519.0,624.0,129.43063509658168,6452.237154212569,True
329.44270734520774,685994.6329107784,4356209.51955193,3719.2912745193207,122.13601952651106,29.95353161807969,31.94017353003227,12991.0658505307,4.0,-200.0,204.0,123.85907718070666,460.22978896874247,True,52784.06274052453,98.0,-485.0,583.0,125.09649983169697,5999.571438682751,True,74854.5161663384,118.0,-555.0,673.0,159.32875514060515,7102.467249540336,True,64278.48437972451,105.0,-523.0,628.0,131.6204218072719,6408.204050190524,True
339.4258196892254,685996.3842371418,4356219.3478472065,3724.0366874715182,120.6896176586813,29.157154146383093,31.790091848960312,12683.574772953807,4.0,-199.0,203.0,122.6174512496491,454.9898512252041,True,52376.998644726424,98.0,-490.0,588.0,123.79394887766148,5950.20426926281,True,74814.64748440601,118.0,-560.0,678.0,158.83219220572676,7064.87388705691,True,64079.96537188614,106.0,-527.0,633.0,130.91552553906,6363.194210989844,True
349.4089320332431,685998.1355635052,4356229.176142483,3726.7217540788965,119.87120935675239,28.416788063476904,31.610365022059835,12353.155580770035,4.0,-195.0,199.0,121.68494933793431,451.2031646837793,True,51943.156001644515,99.0,-496.0,595.0,122.78594438671848,5924.695488460119,True,74746.77839092858,119.0,-567.0,686.0,158.41319312710516,7051.012109387919,True,63839.63690789978,107.0,-531.0,638.0,130.28819312710516,6342.874908838333,True
359.3920443772608,685999.8868898686,4356239.0044377595,3727.847421134949,119.52810603806756,27.822133727362157,31.449658169219568,12096.140070827476,4.0,-190.0,194.0,121.100682301706,450.07369568910053,True,51665.27000907735,99.0,-500.0,599.0,122.15314538441521,5938.678964073895,True,74882.72036830233,119.0,-576.0,695.0,154.17587810185694,7075.47355102867,True,63739.753906748636,107.0,-534.0,641.0,125.67004818133364,6361.249828718329,True
369.3751567203616,686001.6382162321,4356248.832733035,3728.5055202792146,119.32751741889547,27.46691715457146,31.246118803728628,11947.78490485818,4.0,-187.0,191.0,121.04752421137687,449.34637275335945,True,51267.84920745027,100.0,-505.0,605.0,122.26314321053223,5989.656696597145,True,74953.97680532283,119.0,-585.0,704.0,149.1223974585497,7130.212509767296,True,63521.2997507469,107.0,-539.0,646.0,122.26314321053223,6414.919282660714,True
379.35826906435886,686003.3895425954,4356258.661028312,3726.779577664538,119.85358472784878,27.46546683985683,31.03766266913862,11936.600208468419,4.0,-185.0,189.0,121.58037375805202,451.62978782083997,True,50739.472452434886,100.0,-507.0,607.0,122.67119638947725,6062.45053754718,True,74888.3298636568,119.0,-585.0,704.0,141.8470045259835,7203.123684815785,True,63214.74897679587,107.0,-547.0,654.0,122.67119638947725,6489.170666662362,True
389.34138140837655,686005.1408689588,4356268.489323588,3724.666129082138,120.49776385576433,27.5161204974992,30.872911955952798,11990.318251254215,4.0,-183.0,187.0,122.20465123500162,454.04195532612766,True,50085.19204566724,100.0,-510.0,610.0,123.38508488668526,6134.503816224536,True,74535.59203051732,120.0,-584.0,704.0,139.14981136906454,7278.72964987323,True,62825.56011223876,107.0,-553.0,660.0,123.38508488668526,6561.893484018701,True
399.32449375239423,686006.8921953222,4356278.317618865,3723.313285071205,120.91011071029675,27.46883412314567,30.702592342472663,11974.83168684836,4.0,-180.0,184.0,122.61194707138588,455.9732544731155,True,49411.937922646895,101.0,-515.0,616.0,123.80530473150884,6192.134843530961,True,74087.6939301657,123.0,-585.0,708.0,138.67143257158295,7350.906641030706,True,62347.922399857474,107.0,-553.0,660.0,123.80530473150884,6620.472800059064,True
409.30760609549503,686008.6435216856,4356288.14591414,3723.2787167947276,120.92064712096703,27.310575485016454,30.27196372978055,11852.619139420063,4.0,-178.0,182.0,122.67238699122686,455.8820410831497,True,48854.04764509744,101.0,-520.0,621.0,123.87977825429516,6212.336476428005,True,73774.84722430537,137.0,-588.0,725.0,137.46903866633204,7426.224433651708,True,61880.45370166804,108.0,-555.0,663.0,123.87977825429516,6643.61103774253,True
419.2907184395127,686010.394848049,4356297.974209417,3725.25472396682,120.31836013491329,26.85311403804136,30.028877198504134,11708.856833497171,4.0,-178.0,182.0,122.00537840547963,453.4800147217502,True,48352.552965441035,101.0,-522.0,623.0,123.20625747178815,6202.077490262717,True,73740.74953152893,174.0,-592.0,766.0,138.4240722400806,7600.341755141975,True,61517.64633678227,110.0,-558.0,668.0,123.20625747178815,6638.668525728861,True
429.2738307835304,686012.1461744125,4356307.802504693,3728.425595536453,119.35187848048918,26.30117395061381,29.97779097853409,11543.163331976259,4.0,-177.0,181.0,121.16899073639524,449.41673752457746,True,48024.28753998827,101.0,-526.0,627.0,122.26406944503242,6171.463830616675,True,74266.78163049463,230.0,-596.0,826.0,138.26507926794022,8045.642213292951,True,61418.48014944331,115.0,-563.0,678.0,122.26406944503242,6629.11645202499,True
439.2569431275481,686013.8975007759,4356317.63079997,3732.133947328564,118.22157285425374,25.469609674776713,29.96574782838683,11353.341256093954,4.0,-178.0,182.0,119.90006912751141,445.030991521822,True,47807.372491815346,104.0,-530.0,634.0,121.05890363403387,6141.778960816,True,75178.53453812038,288.0,-600.0,888.0,136.83182540008988,8785.59825249518,True,61469.988439398236,127.0,-567.0,694.0,121.05890363403387,6659.80743387072,True
449.24005547156577,686015.6488271393,4356327.459095246,3736.158041809344,116.99502885651191,24.009374392960073,29.788221862432152,11131.442130997191,4.0,-178.0,182.0,118.750617483817,440.3572165462567,True,47759.035752065116,110.0,-535.0,645.0,119.81547621520372,6153.046378120641,True,76611.24445423932,334.0,-603.0,937.0,136.1686622542088,9944.199010472035,True,61734.61017932888,145.0,-571.0,716.0,119.81547621520372,6787.3728603016425,True
459.22316781466657,686017.4001535027,4356337.287390522,3739.1090150245104,116.09557222052922,22.148988778323616,29.22662426967253,10883.943535829567,4.0,-178.0,182.0,117.62123424046376,436.9822484532983,True,47856.66246424218,120.0,-537.0,657.0,118.82054177333589,6236.407765843105,True,78024.84471286964,340.0,-606.0,946.0,133.6432228962052,11073.139868057402,True,62177.82700557467,178.0,-574.0,752.0,118.82054177333589,7069.88083454012,True
469.20628015868425,686019.1514798661,4356347.115685798,3741.6266138448595,115.32820810008684,20.166881116947533,28.683718233611962,10634.835290787381,4.0,-178.0,182.0,116.94884122617054,433.9656660490616,True,48038.93542086312,134.0,-539.0,673.0,118.0581951456868,6394.598046079945,True,79507.30020196087,343.0,-609.0,952.0,133.5523543490292,12308.30319082746,True,62807.54828880438,208.0,-576.0,784.0,118.0581951456868,7566.063334229656,True
479.18939250270193,686020.9028062295,4356356.943981075,3742.738541622964,114.9892925133206,17.964736706796685,28.16229980243519,10408.567958832396,4.0,-177.0,181.0,116.55454121409207,432.3566038538254,True,48449.084588191836,154.0,-540.0,694.0,117.4496718627388,6682.272517185598,True,81138.97375607952,346.0,-611.0,957.0,134.92352199526408,13653.761222510922,True,63709.80347054637,235.0,-579.0,814.0,117.4496718627388,8269.320992811725,True
489.1725048467196,686022.654132593,4356366.772276351,3742.765678627762,114.98102115425809,15.493482082876032,27.804352357519484,10241.870024674972,4.0,-176.0,180.0,116.3427277623498,432.68108968093134,True,49059.804351734376,177.0,-541.0,718.0,117.28999123883159,7146.884103266509,True,82752.57847548125,349.0,-612.0,961.0,137.59592214803365,15004.445094361496,True,64791.33981834528,254.0,-580.0,834.0,117.28999123883159,9140.024548034044,True
499.1556171898204,686024.4054589564,4356376.600571627,3741.760296533481,115.28746161659501,12.649217458215219,27.50748979178984,10183.022583456714,4.0,-175.0,179.0,116.54008782704273,434.3100423373023,True,49828.855910164355,200.0,-542.0,742.0,117.39544813528823,7813.358095967103,True,84441.7135371916,354.0,-613.0,967.0,140.5630209992578,16528.23786396491,True,66007.16550065667,274.0,-580.0,854.0,117.39544813528823,10218.613278603398,True
509.1387295338381,686026.1567853198,4356386.428866903,3739.3164687481553,116.03234032556225,9.10843667465435,27.470883205740225,10268.79161426342,4.0,-175.0,179.0,117.41878791789554,437.0419074471404,True,50954.44155783915,221.0,-542.0,763.0,118.32051263074095,8688.252644471922,True,86274.21620999221,360.0,-614.0,974.0,141.12727454248227,18094.896796367964,True,67579.31554216487,292.0,-580.0,872.0,118.32051263074095,11540.325070414132,True
519.1218418778558,686027.9081116832,4356396.25716218,3735.2620655652963,117.26812241569769,5.449324732160367,27.726467469296594,10471.611601908275,4.0,-174.0,178.0,118.64490290561321,441.9643181352551,True,52471.305569780205,241.0,-542.0,783.0,119.5372216366809,9747.094378637797,True,88123.66753021724,348.0,-617.0,965.0,141.88305847984566,19462.827742934176,True,69541.41821505027,307.0,-580.0,887.0,119.5372216366809,13046.501306003882,True
529.1049542218531,686029.6594380465,4356406.085457456,3730.287775542347,118.78428601469273,1.6446516888767393,28.088272283780153,10768.25012539475,4.0,-174.0,178.0,120.05988933696267,448.27630292553204,True,54521.38851159479,260.0,-543.0,803.0,120.9464116978545,10973.110999779848,True,90213.74501683659,339.0,-626.0,965.0,142.37874218605089,20649.85149773697,True,71821.53575123662,301.0,-580.0,881.0,120.9464116978545,14503.847702335934,True
539.0880665649539,686031.4107644099,4356415.913752732,3724.6541648309894,120.5014105595144,2.041410591456153,28.327631028069842,11123.49226846311,4.0,-177.0,181.0,121.64299442872698,455.41065158358083,True,57094.069405701295,279.0,-542.0,821.0,122.52258685829906,12410.435942539261,True,92819.24773838461,333.0,-636.0,969.0,147.6126402256192,21929.62054257025,True,74438.99401387761,297.0,-580.0,877.0,122.52258685829906,15984.953738344759,True
549.0711789089717,686033.1620907733,4356425.742048008,3717.696735257005,122.62203509366486,5.254110312996486,28.325692903931856,11517.001685099684,4.0,-181.0,185.0,123.72357610981908,463.6226407248057,True,59741.01345406674,277.0,-542.0,819.0,124.47202936661256,13890.67612092843,True,95560.96362129315,328.0,-646.0,974.0,153.56344719390052,23209.63031868561,True,77023.868838225,295.0,-582.0,877.0,124.47202936661256,17385.66297016922,True
559.0542912529894,686034.9134171368,4356435.570343285,3711.222410830428,124.59540917888557,7.787163159621858,28.07387027876986,11918.269660929844,4.0,-186.0,190.0,125.87430424702757,471.4035300634596,True,62324.7875992325,273.0,-542.0,815.0,126.74031632543779,15342.305570769355,True,98394.8941895956,326.0,-655.0,981.0,158.51798213510153,24514.018023655462,True,79585.66607214979,293.0,-585.0,878.0,126.74031632543779,18772.617867319463,True
569.0374035970071,686036.6647435002,4356445.398638561,3704.523729575502,126.63716722538697,4.52477142353755,26.852562572150294,12244.125866521426,4.0,-196.0,200.0,128.2971016446088,478.9701759931122,True,61460.26455992746,187.0,-609.0,796.0,129.35038358356837,10569.469230757268,True,101398.87908392312,312.0,-718.0,1030.0,144.53832257944805,16781.604661398032,True,80858.18334146035,232.0,-662.0,894.0,129.35038358356837,12425.644445666881,True
573.7464833231035,686041.2536219431,4356446.455817119,3707.6045391118146,125.69813647871888,0.6401957240816397,36.97422447776017,16462.74791007728,4.0,-226.0,230.0,127.3468258297637,476.0735098024297,True,49024.084188124674,222.0,-326.0,548.0,139.44260688078828,12977.107773581649,True,66526.72170547098,336.0,-380.0,716.0,170.86613079357687,21074.902875610103,True,56622.19932260602,275.0,-351.0,626.0,157.11613079357687,15637.432796220957,True
583.7295956667286,686048.4297308057,4356439.515644668,3716.046076047999,123.12515602056988,8.52981335354907,36.109866023744324,14666.095402364786,4.0,-207.0,211.0,124.84143954428032,464.83497793902643,True,47689.903464731964,306.0,-310.0,616.0,127.46920927454858,17103.53954108483,True,73630.69414091055,556.0,-353.0,909.0,152.14816691433532,34511.66354650693,True,57035.092191818185,367.0,-335.0,702.0,138.81483358100206,21901.18141334959,True
593.7127080103538,686055.6058396683,4356432.575472216,3724.2958517564207,120.61062438464296,8.396668713239702,35.55184863976883,14005.910911527793,4.0,-204.0,208.0,122.09098090875591,455.1944815512247,True,45130.99239746334,298.0,-300.0,598.0,124.46393034570701,15814.899813819799,True,69654.79636954897,531.0,-353.0,884.0,148.6806792205076,31925.841895644764,True,54055.368921298075,355.0,-335.0,690.0,135.76401255384087,20307.240951568194,True
603.695820353979,686062.7819485309,4356425.635299765,3730.6317036335504,118.67945673249392,8.094081152399848,34.66676620889706,13300.21407704783,4.0,-199.0,203.0,120.69041449683732,446.27621945900637,True,42600.965260979516,288.0,-291.0,579.0,122.1081541942176,14562.589912180632,True,65640.59517926285,513.0,-353.0,866.0,141.93274548103784,29402.149185688915,True,50978.983925955254,340.0,-336.0,676.0,129.3630894472716,18727.818712559565,True
613.6789326982516,686069.9580573936,4356418.695127312,3736.8910995647198,116.7715928526734,7.543400864221154,33.75211198060349,12631.98525982432,4.0,-195.0,199.0,118.76478680395098,438.64549937970014,True,40216.023045797665,278.0,-282.0,560.0,119.97470625044957,13363.736022903537,True,61646.21618444442,487.0,-353.0,840.0,138.5888889955379,26976.10534454917,True,47927.650241293915,326.0,-325.0,651.0,125.95000010664899,17219.612779187475,True
623.6620450419605,686077.1341662563,4356411.754954861,3742.0872714387588,115.1877996654664,6.275207048174247,32.718855443825326,12025.163064655146,4.0,-192.0,196.0,117.04013229379143,432.7855452443214,True,38044.90264120114,267.0,-277.0,544.0,118.32397934587357,12252.70167804739,True,57908.2534728904,453.0,-353.0,806.0,135.94345297078098,24800.515663284335,True,45230.92741631629,313.0,-308.0,621.0,123.34242132029851,15821.415292995116,True
633.6451573855857,686084.3102751189,4356404.814782409,3748.400949813716,113.26339049677927,5.053669997948567,32.10452660035689,11443.355832203932,4.0,-191.0,195.0,114.98666870835791,425.29380844124285,True,36038.399741183035,253.0,-272.0,525.0,116.23990449369148,11184.850741991575,True,54367.27504570036,433.0,-338.0,771.0,132.2764158416661,22686.61832106316,True,42803.99430762529,299.0,-297.0,596.0,119.56884728246405,14489.722947592803,True
643.6282697292108,686091.4863839815,4356397.874609957,3757.272447205497,110.55935809176458,4.158281168769455,32.07086204855623,10886.963307201473,4.0,-188.0,192.0,112.28966725349574,414.39335021602756,True,34213.10334771492,233.0,-268.0,501.0,113.61469980294669,10193.687127175635,True,51179.87389072908,418.0,-323.0,741.0,129.7061345653393,20693.66774077745,True,40602.74860777962,287.0,-291.0,578.0,116.85891234311714,13237.045997493733,True
653.6113820734835,686098.6624928442,4356390.934437505,3766.7223691803665,107.67902187382424,3.643829004063277,32.46483820279124,10393.927215740307,4.0,-183.0,187.0,109.4082026728272,402.7013791884124,True,32565.679377775115,215.0,-265.0,480.0,110.64016644050798,9274.212301262389,True,48285.69025727481,406.0,-311.0,717.0,126.47090772263664,18782.411556706036,True,38572.98185095242,277.0,-286.0,563.0,113.66325513324773,12031.656014376067,True
663.5944944171086,686105.8386017068,4356383.994265053,3778.2884911174215,104.15366790740995,3.369726723604795,32.895116381889316,9940.059352116963,4.0,-180.0,184.0,105.9891471560743,389.560126206155,True,31067.949752190532,201.0,-262.0,463.0,107.31942996248836,8436.9832097143,True,45618.742451994025,395.0,-303.0,698.0,125.4085351861545,16958.624967665393,True,36683.95063209291,268.0,-282.0,550.0,112.49186851948775,10884.286807843162,True
673.5776067608175,686113.0147105695,4356377.054092602,3784.500288829688,102.26031196471104,3.072382798912567,33.259132242800476,9616.54411037633,4.0,-179.0,183.0,103.77369626323821,380.4156001162887,True,29788.33734865631,186.0,-259.0,445.0,104.66520288615243,7686.211535057444,True,43185.14013491297,384.0,-298.0,682.0,124.46536080271244,15199.096260845368,True,35011.77419274565,257.0,-279.0,536.0,111.75702746937918,9805.087371038991,True
683.5607191044427,686120.1908194321,4356370.11392015,3793.5024117779208,99.51646489008976,2.551767359118637,33.718785114213624,9436.970822172549,4.0,-181.0,185.0,101.37569760215479,369.9628800092771,True,28715.004870325654,173.0,-257.0,430.0,102.83527549640326,7011.3782129047595,True,40961.91349538637,367.0,-294.0,661.0,124.62925646807912,13499.82930664469,True,33541.29273852466,245.0,-276.0,521.0,112.33339670813962,8792.821600974694,True
693.5438314487153,686127.3669282948,4356363.173747698,3799.42913492769,97.70999967404009,1.458091956664893,34.444675016847135,9400.330683783572,4.0,-182.0,186.0,99.55788287803784,362.6849956088747,True,27801.58240027255,161.0,-255.0,416.0,100.91245561846813,6402.0442190973945,True,39092.64787021295,307.0,-290.0,597.0,126.43557241269559,12048.686556858513,True,32253.07803900444,228.0,-273.0,501.0,114.42168352380668,7865.090410132845,True
703.5269437923405,686134.5430371574,4356356.233575246,3801.770170192554,96.99645212530959,0.8809091414999308,34.915854180018314,9436.232032003843,4.0,-179.0,183.0,98.96672705946571,359.7619860932489,True,26993.7342094395,150.0,-253.0,403.0,100.27782693076006,5855.580811068291,True,37423.79871899255,287.0,-287.0,574.0,126.58801604943073,10747.32303718472,True,31129.90557720801,198.0,-271.0,469.0,114.92134938276399,7057.795921577945,True
713.5100561359657,686141.71914602,4356349.293402795,3800.857617286512,97.27459825107121,4.060381412675058,34.875884443972105,9553.740903401711,4.0,-175.0,179.0,99.26662388297723,360.5496223855225,True,26302.968898614163,140.0,-250.0,390.0,100.68197424100094,5359.256594222538,True,35918.5547159467,270.0,-285.0,555.0,126.54540025876008,9542.353169001235,True,30186.030113588145,177.0,-268.0,445.0,115.22595581431574,6364.6007654018085,True
723.4931684796745,686148.8952548828,4356342.353230343,3798.1324118587954,98.1052408654391,8.098867838444937,34.96897541866658,9686.764946202287,4.0,-172.0,176.0,100.19557071999475,363.57980440182814,True,25727.519932102412,131.0,-247.0,378.0,102.7507918547999,4976.839233265088,True,34565.94424326713,254.0,-282.0,536.0,127.77069426333401,8496.963241291316,True,29391.542956204517,159.0,-266.0,425.0,116.79847204111184,5825.904441850494,True
733.4762808239471,686156.0713637454,4356335.413057891,3794.3878653261527,99.24657864858864,12.446545637997131,34.91402614743445,9833.473779933736,4.0,-169.0,173.0,101.25279032003232,368.44388426839214,True,25270.94185351996,122.0,-244.0,366.0,102.57233296835147,4689.077588321997,True,33370.82480614978,239.0,-279.0,518.0,126.9234141389843,7594.876540877196,True,28740.581073910933,146.0,-263.0,409.0,116.18206517665658,5413.612554784363,True
743.4593931675723,686163.247472608,4356328.472885439,3789.67270790483,100.68375863060783,16.821363253395656,34.69325448809706,10012.614570162792,4.0,-167.0,171.0,102.59799154069128,374.27493422980774,True,24993.865048036958,112.0,-241.0,353.0,104.1174862607777,4480.468525611454,True,32399.44502882098,223.0,-276.0,499.0,127.92701007030155,6821.645819349122,True,28285.90015097883,135.0,-260.0,395.0,117.5103434036348,5096.646568531993,True
753.4425055111975,686170.4235814706,4356321.532712988,3785.9591911279354,101.81563854420529,20.708374735850345,34.649005403471996,10139.795778308478,4.0,-164.0,168.0,103.82820497668581,378.8097033211932,True,24689.336423339446,103.0,-239.0,342.0,106.37445847127105,4333.102775603259,True,31478.199701709273,198.0,-273.0,471.0,129.23160132841394,6187.4890857883975,True,27817.344040281496,125.0,-256.0,381.0,119.23160132841394,4849.348626229559,True
763.4256178548227,686177.5996903332,4356314.592540536,3782.3360406094453,102.9199748222411,24.13097400454564,34.674677268226105,10264.683402477069,4.0,-161.0,165.0,105.0575348574589,383.47990059112453,True,24491.344083592536,91.0,-237.0,328.0,108.05948331299669,4270.348579366486,True,30807.70621627196,167.0,-269.0,436.0,130.12297537648874,5756.101212715493,True,27463.994633413542,114.0,-253.0,367.0,120.47019759871091,4686.8864301819385,True
773.4087301990953,686184.7757991959,4356307.652368084,3778.304027047164,104.14893255602442,27.08828622859408,34.6279707176813,10343.985957903482,4.0,-159.0,163.0,106.43541510482078,387.9694315919535,True,24338.868850712628,84.0,-235.0,319.0,107.88925374771384,4275.458525700472,True,30261.476217844487,148.0,-266.0,414.0,127.16990912280312,5456.931287600533,True,27170.816585191555,99.0,-252.0,351.0,117.79490912280312,4595.155308065241,True
783.3918425428042,686191.9519080586,4356300.712195632,3774.796000646874,105.21817900283281,29.114689957170814,34.77440962996365,10469.466915470184,4.0,-157.0,161.0,107.34885948785245,392.18140250738134,True,24183.436905313123,82.0,-232.0,314.0,108.861657904725,4285.564939193792,True,29768.651876767268,133.0,-263.0,396.0,128.02756554382563,5226.330770854858,True,26935.65759833747,91.0,-248.0,339.0,119.12335351219212,4573.243208154474,True
793.3749548864294,686199.1280169212,4356293.7720231805,3772.644367760673,105.8739967065469,30.6460270990892,34.99869194328346,10509.024446803267,4.0,-154.0,158.0,108.00841424933901,395.05707067477124,True,23870.321522096463,81.0,-230.0,311.0,110.18200950245796,4297.253418955375,True,29196.393290216118,113.0,-260.0,373.0,129.7058190262676,5084.696653011085,True,26553.037087385237,88.0,-246.0,334.0,121.16415235960085,4573.145462020926,True
803.3580672300545,686206.3041257838,4356286.831850729,3771.7416615569946,106.14914155742804,31.73766311055708,34.96107403923393,10470.289637585935,4.0,-152.0,156.0,108.3174696173312,396.1058768625933,True,23494.333203090777,81.0,-225.0,306.0,110.26713765347108,4312.3573669504985,True,28627.05389088232,99.0,-257.0,356.0,129.42625259193278,5048.3584999644945,True,26086.705070434055,87.0,-242.0,329.0,120.99788594918004,4582.377525869195,True
813.3411795743272,686213.4802346465,4356279.8916782765,3770.6430424509485,106.48400066095087,32.557638639372215,34.72911064201933,10380.798144957489,4.0,-150.0,154.0,108.63849443529807,397.2685435112501,True,23063.51430219646,80.0,-220.0,300.0,109.9126438982064,4312.06770150781,True,28015.010387102084,97.0,-254.0,351.0,128.52455304466594,5027.291666758075,True,25558.30236608601,86.0,-238.0,324.0,120.19121971133268,4576.259485148837,True
823.3242919179523,686220.6563435091,4356272.951505825,3770.5639096620425,106.50812033500938,32.95949669882268,34.43311889628913,10238.30324825967,4.0,-148.0,152.0,108.489314600645,397.4044378510471,True,22584.315224030855,80.0,-215.0,295.0,109.7889630693303,4299.725782058807,True,27377.666685189433,96.0,-249.0,345.0,127.79811549689566,5005.884148801875,True,24992.65262748859,86.0,-234.0,320.0,119.4647821635624,4562.460031125528,True
833.3074042616612,686227.8324523718,4356266.011333373,3770.6908407648716,106.46943173486716,33.122934692808506,34.1276061461387,10101.328088620081,4.0,-145.0,149.0,108.57110243527427,397.27409267319854,True,22125.14036521883,80.0,-211.0,291.0,109.86970313935717,4284.2101972677365,True,26727.013396214785,95.0,-244.0,339.0,127.10401223743179,4987.823339844688,True,24431.77794083552,86.0,-228.0,314.0,118.97901223743179,4546.985855612266,True
843.2905166059338,686235.0085612345,4356259.071160921,3769.834409372101,106.73047202338353,32.9727160799788,33.80668884416986,9992.637850372856,4.0,-143.0,147.0,108.73735621886203,398.3541204308542,True,21806.941574082462,81.0,-207.0,288.0,110.0948762598025,4334.516021077618,True,26282.505763602734,96.0,-240.0,336.0,125.6933953312548,5047.100096085353,True,24042.72082970054,86.0,-225.0,311.0,117.63783977569915,4600.08798624455,True
853.273628949559,686242.1846700971,4356252.130988469,3768.492793022465,107.13939668675266,32.771732202058416,33.39238524508561,9943.894492156842,4.0,-143.0,147.0,109.10240506033028,400.2539792449811,True,21662.9016513534,82.0,-203.0,285.0,110.38951989630414,4441.77079471284,True,25995.051855877922,97.0,-234.0,331.0,123.24687122872092,5172.274646502939,True,23828.535058808844,87.0,-219.0,306.0,115.47010570227258,4715.15268845203,True
863.2567412931842,686249.3607789597,4356245.190816018,3765.5798117628674,108.02727337467809,32.83862359359676,32.72929006808718,9927.251726507533,4.0,-144.0,148.0,109.9584107120022,403.8301610327828,True,21635.92717174721,83.0,-201.0,284.0,111.33618724330177,4552.935128786958,True,25862.017110833673,97.0,-230.0,327.0,122.16024308687952,5299.457506584637,True,23750.29769042242,88.0,-216.0,304.0,114.63973083395285,4833.354110712115,True
873.2398536368094,686256.5368878223,4356238.250643566,3760.659512575577,109.52698056696408,33.050686800640314,31.86920057906924,9935.130613741834,4.0,-144.0,148.0,111.37220951026848,409.80969534297947,True,21699.684416181553,83.0,-199.0,282.0,112.50987038114317,4654.336872859312,True,25885.912717232695,98.0,-228.0,326.0,121.31974572538957,5415.3023228247,True,23793.856467026657,89.0,-215.0,304.0,114.02807905872282,4940.284973105272,True
883.2229659811657,686263.7129966851,4356231.310471114,3756.500508096977,110.79464513204152,33.23653224218085,30.985830607819477,9958.330060845648,4.0,-144.0,148.0,112.77973360976739,414.91059443177437,True,21856.532153883716,84.0,-199.0,283.0,114.04688897173833,4752.271769178555,True,26032.590454534075,99.0,-226.0,325.0,119.26931422717894,5526.915127191016,True,23947.01305494186,90.0,-213.0,303.0,114.4743649904533,5043.110691484918,True
893.2060783247908,686270.8891055477,4356224.370298662,3751.706228401925,112.25594158309332,33.316629739917715,31.030427269636185,10138.62853197764,4.0,-145.0,149.0,114.23454148993892,420.83811349140865,True,22251.11874689159,85.0,-199.0,284.0,115.55521305910474,4867.100323921004,True,26451.45840123916,100.0,-227.0,327.0,121.36677050447679,5660.016019518222,True,24352.78208367477,91.0,-214.0,305.0,116.255902045232,5164.38153432766,True
903.189190668416,686278.0652144103,4356217.430126211,3746.3685472965267,113.88286678401869,33.732705018358246,32.998246411561205,10341.263267378323,4.0,-145.0,149.0,116.03854274259743,427.0273198441214,True,22653.12746627075,85.0,-200.0,285.0,117.3517857351585,4985.828229217976,True,26888.667611576828,101.0,-227.0,328.0,126.71651492275487,5788.403858093967,True,24770.19790832833,91.0,-214.0,305.0,121.86699481949881,5287.983123753899,True
913.1723030120412,686285.2413232729,4356210.489953759,3740.250312922064,115.74770462135484,34.489193010499434,30.017263593981216,10119.536584040816,4.0,-138.0,142.0,117.62286772879474,434.18141541676755,True,22497.37727558789,85.0,-201.0,286.0,119.23073098445184,5078.30714987742,True,26749.13947173889,100.0,-228.0,328.0,129.408556501171,5875.292819419221,True,24627.561508856343,91.0,-215.0,306.0,124.94501669873762,5378.551954302074,True
923.1554153563138,686292.4174321356,4356203.549781307,3738.1130508941496,116.39914208746313,34.240191395935085,24.701547974631193,9749.421036641575,4.0,-132.0,136.0,118.62468296566499,438.5107231342547,True,22111.181525106505,86.0,-201.0,287.0,121.4308698804266,5167.375831819667,True,26409.028696973517,102.0,-228.0,330.0,130.16102861058516,5992.9827625991775,True,24262.533621722025,92.0,-216.0,308.0,126.34158416614082,5476.9654130363,True
933.138527699939,686299.5935409982,4356196.609608855,3733.358432011871,117.84834992278161,33.8463842035026,19.514891235720135,9379.66822663771,4.0,-126.0,130.0,119.91064458266442,442.48360992838707,True,21688.823478392944,88.0,-202.0,290.0,122.26491234941204,5275.034013076075,True,26027.122711447206,104.0,-228.0,332.0,129.41605251885744,6134.494175495557,True,23860.088448069197,94.0,-216.0,310.0,126.28276949226915,5597.3708528308325,True
943.1216400436479,686306.7696498609,4356189.669436404,3729.2604341823344,119.09741966122442,33.38021757462659,13.174383218123353,8978.771209960147,4.0,-119.0,123.0,121.18568826374076,447.85961979657736,True,21176.888008720372,90.0,-203.0,293.0,123.97477121938914,5396.473806667023,True,25549.734359509475,106.0,-228.0,334.0,129.91765848824707,6292.397315047827,True,23361.591669805846,96.0,-216.0,312.0,127.27876959935816,5731.593404719376,True
953.104752387273,686313.9457587235,4356182.729263952,3724.8594783047397,120.43883101271535,32.89288143724756,6.653606645406591,8572.68257855638,4.0,-114.0,118.0,122.58647243165342,452.93694239435104,True,20570.674719038332,91.0,-202.0,293.0,126.42602041839064,5519.023232239426,True,24964.79726985577,109.0,-227.0,336.0,131.05241046401034,6453.860205244241,True,22758.86556657015,98.0,-215.0,313.0,129.01530613267641,5867.978382273684,True
963.0878647315457,686321.1218675862,4356175.7890914995,3721.066021059443,121.59507678108184,32.19543910497326,0.7625052511039635,8099.298138821362,4.0,-108.0,112.0,124.37969114436373,456.81616332137287,True,19820.093342094944,93.0,-200.0,293.0,127.97663148310971,5660.110731075152,True,24210.751508731002,111.0,-226.0,337.0,131.30996481644297,6636.427471020737,True,21998.43956994896,100.0,-214.0,314.0,129.8516314831097,6024.049359993483,True
973.0709770751708,686328.2979764488,4356168.848919048,3715.1355848409303,123.40267374048449,31.87675147877394,6.355733981420235,7600.908540091392,4.0,-103.0,107.0,125.94289987430534,464.80148519581985,True,19079.375459567324,95.0,-199.0,294.0,129.43164256763043,5818.274665175353,True,23444.79949042264,112.0,-224.0,336.0,131.6538647898526,6824.672865508277,True,21241.31967446326,101.0,-212.0,313.0,130.68164256763043,6194.519280392709,True
983.054089418796,686335.4740853114,4356161.908746596,3708.7530551948976,125.34806877659526,32.07778731742654,9.436119877257086,7110.651774820127,4.0,-98.0,102.0,127.71856052921203,472.2164866346209,True,18329.003619953342,95.0,-196.0,291.0,130.2042564994756,5959.041136011285,True,22638.454193879,113.0,-222.0,335.0,131.15663745185657,6981.201540439013,True,20457.833700653362,102.0,-210.0,312.0,130.73997078518983,6339.293364741733,True
993.0372017625049,686342.6501941741,4356154.968574145,3703.5511443862692,126.93361119106521,32.09889169804902,12.250064212619113,6624.994243799086,4.0,-93.0,97.0,129.96059818403523,478.43580946487305,True,17506.488645885034,96.0,-194.0,290.0,132.11409989563913,6046.906396629282,True,21739.374633347015,113.0,-220.0,333.0,132.11409989563913,7077.666318269174,True,19584.80864377723,102.0,-207.0,309.0,132.11409989563913,6434.267735348681,True
1003.0203141067775,686349.8263030368,4356148.028401692,3699.824908001348,128.06936804118914,30.9939899042233,8.231784141948053,7997.252658779718,4.0,-122.0,126.0,129.13214085152163,483.8521715600634,True,21873.635675413174,99.0,-215.0,314.0,129.2175962971005,6344.3931474484225,True,26944.06723129285,118.0,-245.0,363.0,129.2175962971005,7446.471474632632,True,24386.550303510823,106.0,-230.0,336.0,129.2175962971005,6759.147373310622,True
1012.4192029090193,686358.5915342505,4356151.421016095,3718.399957649162,122.40769290853541,24.042060786483507,13.253502187649337,8747.19818197314,4.0,-121.0,125.0,123.54253805849794,462.5936208046885,True,23543.133873964962,109.0,-252.0,361.0,124.59196827008691,7336.016175759085,True,31652.714371027174,130.0,-355.0,485.0,124.59196827008691,8705.602837654082,True,27263.761950848515,117.0,-296.0,413.0,124.59196827008691,7846.543012331633,True
1022.4023152528929,686367.5214100484,4356155.884182046,3730.0276441751093,118.86357405542662,24.687543915993594,20.5534180362511,8789.07784998919,4.0,-124.0,128.0,119.45744809608641,450.1078102236879,True,23016.55724689459,105.0,-249.0,354.0,120.18426321474294,6637.226541883296,True,30807.676335270742,126.0,-342.0,468.0,120.18426321474294,7910.860716037032,True,26657.54063466531,113.0,-294.0,407.0,120.18426321474294,7113.199423243936,True
1032.3854275967665,686376.4512858462,4356160.347347997,3742.247869615336,115.13884934124553,24.887365829984088,25.748620279768833,8812.564208386366,4.0,-128.0,132.0,115.70921771988992,435.6128652435068,True,23294.262856596233,104.0,-261.0,365.0,117.10623984649942,6073.077327216019,True,31712.923410307307,125.0,-362.0,487.0,117.49327632026211,7311.355556713562,True,27200.65175177545,111.0,-308.0,419.0,117.28481127507075,6535.252120641927,True
1042.36853994064,686385.381161644,4356164.810513948,3755.808672767281,111.00551654053265,24.393439427390895,26.12950550893686,8590.045998537995,4.0,-132.0,136.0,111.38289685690688,415.82221669723003,True,23498.12054970597,99.0,-274.0,373.0,111.6580922466278,5549.356476136633,True,32583.95435571988,121.0,-400.0,521.0,111.6580922466278,6684.76407192114,True,27712.478070185865,107.0,-323.0,430.0,111.6580922466278,5966.280435532342,True
1052.3516522845134,686394.3110374418,4356169.273679899,3773.054785637582,105.74890133766507,24.77911276178356,28.237679015523106,8332.429474080316,4.0,-137.0,141.0,107.12739151654364,394.6906124187492,True,23806.079105614965,93.0,-287.0,380.0,107.19243042841799,5079.365814197449,True,33882.00370393453,114.0,-480.0,594.0,107.26669277312908,6095.121607919586,True,28350.61052895464,101.0,-338.0,439.0,107.19243042841799,5452.390247775305,True
1062.334764628387,686403.2409132397,4356173.73684585,3789.4146496737917,100.76241477942835,25.21143477142804,29.550303466709686,8042.556853822317,4.0,-143.0,147.0,102.52079836662915,376.70144861532776,True,23980.7345470117,89.0,-300.0,389.0,103.30028306901954,4671.340689628113,True,34607.734090812584,108.0,-425.0,533.0,107.88594584319435,5582.528618182776,True,28921.275501586366,96.0,-353.0,449.0,103.30028306901954,5008.111829148675,True
1072.317876971844,686412.1707890375,4356178.2000118,3801.9793631572825,96.93269010966037,25.342798989797835,29.86771831525448,7586.7757812035,4.0,-146.0,150.0,98.1673471627505,360.26529002809366,True,22569.525888148008,85.0,-286.0,371.0,99.09808168964446,4310.087051848153,True,33108.08237099167,103.0,-413.0,516.0,104.34012679984517,5135.987794333909,True,27384.92834007428,92.0,-365.0,457.0,99.09808168964446,4617.346012379773,True
1082.3009893157175,686421.1006648353,4356182.663177751,3814.771158289115,93.03375095347769,25.531349226866006,30.161033185569554,7104.611316482989,4.0,-146.0,150.0,94.3205945235834,345.1254025862622,True,21056.35539408621,82.0,-274.0,356.0,95.34693611276589,3993.190009585417,True,30600.69422947681,99.0,-404.0,503.0,101.84606927305526,4747.980255581338,True,25336.40030513198,89.0,-345.0,434.0,95.34693611276589,4272.50309276866,True
1092.284101659591,686430.0305406331,4356187.126343702,3824.8758638858158,89.95383668760337,25.36970608731876,30.236599250951283,6726.039901419002,4.0,-146.0,150.0,91.3617159873063,332.32490949562293,True,19768.172959449126,79.0,-265.0,344.0,92.3731557317667,3710.2504884664163,True,28628.878720958135,96.0,-390.0,486.0,100.81812426840156,4418.4392207000765,True,23788.98825880709,86.0,-330.0,416.0,92.3731557317667,3971.4565730658232,True
1102.2672140033603,686438.9604164308,4356191.589509653,3829.7458111546753,88.46947676005493,25.035504619948828,30.352532035852732,6524.994889039928,4.0,-146.0,150.0,90.0115879707007,326.2665460746923,True,18764.468239720387,78.0,-255.0,333.0,90.80980912490304,3544.549690477442,True,26989.37940312956,94.0,-374.0,468.0,100.1193504112066,4229.353806384268,True,22557.920387426144,84.0,-318.0,402.0,90.80980912490304,3797.2452825185974,True
1112.2503263472338,686447.8902922287,4356196.052675604,3824.4671576834567,90.07841033808245,25.464928504229164,29.773532097972748,6696.388536153905,4.0,-144.0,148.0,91.48273049817385,332.8088789529129,True,18415.081380158466,79.0,-241.0,320.0,92.44116919371118,3618.7415660046463,True,25990.571115464074,95.0,-357.0,452.0,100.4630195410084,4313.319852495637,True,21914.105125700495,85.0,-305.0,390.0,92.44116919371118,3875.401430412635,True
1122.2334386911073,686456.8201680265,4356200.515841555,3811.934022444495,93.89850995891788,25.913972832829693,28.722542150582242,7168.752840907062,4.0,-139.0,143.0,95.4995071177168,348.1942221916088,True,18542.365217781706,81.0,-227.0,308.0,96.79684072538566,3879.0073953128394,True,25529.237835353062,98.0,-337.0,435.0,102.24689014542605,4617.015774553056,True,21751.152307491084,87.0,-292.0,379.0,97.15398358252855,4152.318590477711,True
1132.2165510345644,686465.7500438243,4356204.979007505,3799.6258570217406,97.65003877977347,26.08680974124579,28.203135941517402,7597.653199989464,4.0,-134.0,138.0,99.54077093913133,362.87783300033766,True,18779.46932699003,84.0,-216.0,300.0,100.83018466283261,4198.146813765925,True,25188.215339692015,102.0,-322.0,424.0,104.82002442958469,4998.996910371814,True,21636.704312347054,90.0,-280.0,370.0,101.04481504644195,4493.572479174346,True
1142.199663378438,686474.6799196221,4356209.442173456,3784.0796140625334,102.38853363373983,26.826351463943336,27.69421273518119,8004.737821562368,4.0,-130.0,134.0,104.1242146883144,382.21703194851466,True,19054.552743079683,87.0,-204.0,291.0,105.99671151236612,4526.457583986564,True,24864.70929849527,106.0,-308.0,414.0,106.63354559785603,5385.41336689447,True,21567.762955462233,94.0,-259.0,353.0,106.05157453467996,4842.077291799669,True
1152.1827757223114,686483.60979542,4356213.905339407,3769.3510526579566,106.87779914985481,26.53882754780981,27.703847835008837,8355.723394324297,4.0,-125.0,129.0,108.44821060406434,399.71480144961265,True,19330.92219501779,91.0,-195.0,286.0,109.33781770158134,4902.664022263168,True,24618.458720106646,112.0,-293.0,405.0,109.86347990090212,5868.1607217453075,True,21597.07489321776,99.0,-237.0,336.0,109.33781770158134,5254.795365181429,True
1162.1658880661848,686492.5396712178,4356218.368505358,3755.8032827881825,111.00715940616192,26.9925906663906,23.5199762168648,8559.948123917276,4.0,-122.0,126.0,112.79569583412331,416.1722340786357,True,19467.392744401084,95.0,-188.0,283.0,113.94758393374468,5241.698442501508,True,24295.842353537955,119.0,-278.0,397.0,116.63517129310117,6304.896130485266,True,21561.001572449044,103.0,-219.0,322.0,113.94758393374468,5625.171387607852,True
1172.1490004100583,686501.4695470156,4356222.831671309,3741.826755422126,115.26720494733604,26.168582580509554,14.295264567226289,8321.117687553644,4.0,-118.0,122.0,116.93843903754805,433.0771601677459,True,19239.80096774902,100.0,-182.0,282.0,117.96937894269286,5630.606377536739,True,23746.860386381202,126.0,-259.0,385.0,121.75935138805903,6842.796124107567,True,21243.929573292473,110.0,-206.0,316.0,119.65400464605636,6067.305937984121,True
1182.1321127539318,686510.3994228134,4356227.29483726,3729.6240943035964,118.98657605626386,24.680769703782165,6.062542610960828,7852.487984787212,4.0,-112.0,116.0,120.84009234604423,448.38561416471316,True,18842.170709215578,106.0,-177.0,283.0,122.2526623705296,6093.388359179598,True,23143.043996578854,133.0,-236.0,369.0,124.43371982905182,7450.248795802983,True,20789.985053678713,115.0,-196.0,311.0,123.32260871794074,6584.310895770483,True
1192.1152250978053,686519.3292986113,4356231.758003211,3709.7287716222004,125.05067040955328,12.70872273605163,15.10583599680416,8922.20910587736,4.0,-128.0,132.0,125.7984673751871,474.7062930036773,True,23980.83244167704,133.0,-228.0,361.0,126.35085253882721,8152.035550606262,True,34173.9562965106,172.0,-400.0,572.0,126.35085253882721,10378.515600966752,True,28029.491986853332,145.0,-320.0,465.0,126.35085253882721,8942.134308799443,True
1199.4417698236634,686521.4759886523,4356238.762999962,3701.1732759811043,127.6583854809594,29.461160761000485,13.407623063355576,6475.295811292021,4.0,-90.0,94.0,129.16213925351053,481.5087949821816,True,17902.28079429715,102.0,-201.0,303.0,129.16213925351053,6569.217621173547,True,22591.752673314906,127.0,-228.0,355.0,129.16213925351053,7799.204599750952,True,20186.517443366145,110.0,-215.0,325.0,129.16213925351053,7017.786021735739,True
1209.4248821680128,686517.67823543,4356247.995529547,3710.630161426317,124.77592679725853,29.367354537599997,20.53961615278889,6241.672059332981,4.0,-84.0,88.0,125.99542421260412,472.3434941576677,True,16002.860959332447,102.0,-193.0,295.0,128.49568990869466,6226.309288251925,True,20349.87209153297,125.0,-215.0,340.0,129.13061054361538,7441.444513859487,True,18122.828110943537,110.0,-205.0,315.0,128.85283276583755,6671.803809812674,True
1219.4079945115452,686513.8804822076,4356257.228059132,3720.3615600310013,121.80979650255085,27.805366054388617,18.837692705015964,6642.732128499263,4.0,-88.0,92.0,124.07325331977768,457.6910720732783,True,16812.33503696299,102.0,-194.0,296.0,126.87654159109388,6117.748752518238,True,21207.606857506173,127.0,-216.0,343.0,128.54844287015658,7353.16774301781,True,18951.224113173805,111.0,-206.0,317.0,127.77743650969364,6567.444679001208,True
1229.3911068550333,686510.0827289853,4356266.460588716,3729.1371476647632,119.13499739178019,25.840671201410377,14.669103593428876,6955.179774248545,4.0,-91.0,95.0,121.55432710621199,447.3126618415529,True,17500.3009514737,103.0,-195.0,298.0,124.73831943714458,5973.082972055119,True,21958.44343818559,129.0,-218.0,347.0,127.4871788163482,7239.392006512403,True,19659.342570725217,112.0,-207.0,319.0,126.16689086571591,6431.340660343351,True
1239.3742191993827,686506.2849757631,4356275.693118301,3733.0375691656413,117.94614891831247,25.28415242802066,9.822894088225848,7285.694026673391,4.0,-96.0,100.0,120.22561210379172,443.1673736674388,True,18186.355311289044,105.0,-196.0,301.0,123.61925981915283,5848.035977073473,True,22722.71719586089,131.0,-219.0,350.0,127.66466878742199,7156.049876661305,True,20378.242523531495,113.0,-208.0,321.0,125.78966878742199,6320.673539177062,True
1249.357331542915,686502.4872225407,4356284.925647886,3731.8191299762148,118.31752918324969,25.193841120131577,5.341976377251607,7658.547476325104,4.0,-101.0,105.0,120.4822556783713,444.74982204592766,True,19032.77118378531,107.0,-196.0,303.0,123.73414555661293,5876.123499314623,True,23663.954919129712,135.0,-221.0,356.0,128.26912325571766,7241.700363266945,True,21261.100414599554,115.0,-209.0,324.0,126.25523436682874,6366.876994110025,True
1259.3404438864031,686498.6894693184,4356294.15817747,3729.38033499695,119.06087389292975,25.042625370108283,0.8107619450280936,8061.173345097081,4.0,-107.0,111.0,121.29068270153493,447.5711717241154,True,19940.777276870496,108.0,-197.0,305.0,125.08102254073674,5929.040748642558,True,24686.848258191854,139.0,-222.0,361.0,130.44830122986355,7370.323408657257,True,22210.984155844635,118.0,-210.0,328.0,128.08719011875246,6441.696138121734,True
1269.3235562307968,686494.891716096,4356303.390707055,3725.1345070844604,120.3550022406564,24.183744283560532,3.6098796773905546,8503.99911819611,4.0,-114.0,118.0,122.99330279990795,451.85582809024527,True,20925.503271978756,110.0,-199.0,309.0,126.2095567601666,6064.130429430088,True,25783.332515833292,144.0,-223.0,367.0,131.92384247445239,7580.225564839584,True,23237.44116801583,121.0,-211.0,332.0,129.42384247445239,6598.048417806305,True
1279.306668574285,686491.0939628737,4356312.623236639,3720.428465839242,121.78940361219907,23.557135822050256,8.748882943538973,8990.49824882501,4.0,-121.0,125.0,122.72860014970729,459.3505329440734,True,21920.25691488207,112.0,-199.0,311.0,126.36625513413856,6236.523438647933,True,26896.469560935067,150.0,-224.0,374.0,132.6898847026639,7846.261300404803,True,24274.85022221308,124.0,-212.0,336.0,129.91210692488607,6798.964009285988,True
1289.2897809178173,686487.2962096513,4356321.855766224,3723.6050445447345,120.82118242276488,22.75595419942836,14.559105956422822,9465.467851846572,4.0,-128.0,132.0,123.2321792398443,455.4871200624118,True,22769.15818011108,114.0,-200.0,314.0,125.35269827003935,6354.119894389454,True,27881.87036615066,158.0,-225.0,383.0,132.49555541289646,8080.692477546616,True,25160.78442377592,128.0,-213.0,341.0,129.37055541289646,6945.205430149807,True
1299.2728932621667,686483.498456429,4356331.088295809,3723.196268577372,120.94577733761707,21.6947534516576,20.616089120345762,9915.645494085567,4.0,-135.0,139.0,123.02970817023674,455.5256830386402,True,23564.305678260393,117.0,-200.0,317.0,124.44493480164942,6449.280268182482,True,28851.904410428688,169.0,-225.0,394.0,132.491838238813,8333.463856466502,True,25989.418893825437,131.0,-213.0,344.0,128.67239379436865,7066.082368824522,True
1309.256005605699,686479.7007032066,4356340.320825393,3724.217515473657,120.63450128362933,20.40680444144951,25.579530346805658,10303.420558560085,4.0,-143.0,147.0,122.48701700509946,454.3715421823506,True,24040.998210730802,121.0,-200.0,321.0,123.74732193126215,6526.748989900343,True,29578.424038909085,175.0,-226.0,401.0,130.5676439696349,8634.827325176599,True,26544.695033849195,139.0,-214.0,353.0,125.91486619185707,7211.690320826176,True
1319.2391179491872,686475.9029499843,4356349.553354978,3728.3653034696667,119.37025550244562,18.681828530423427,29.038575233936744,10483.011216649327,4.0,-144.0,148.0,121.22447765044899,449.6570546313601,True,24306.453063618974,127.0,-201.0,328.0,122.47281974339762,6623.138007934347,True,30125.988670663464,182.0,-228.0,410.0,127.53449606945128,8973.546559689923,True,26911.451271043443,147.0,-216.0,363.0,123.06209615724197,7388.93475238671,True
1329.2222302935809,686472.1051967619,4356358.785884563,3733.9102471463175,117.6801566698025,16.538880751700788,31.005530045600786,10514.997829592632,4.0,-144.0,148.0,119.38768128875131,442.7515526756374,True,24575.28907377148,137.0,-203.0,340.0,120.57265429165727,6755.896129347895,True,30706.476201884783,186.0,-230.0,416.0,126.1721446781994,9365.187013460025,True,27329.376145116697,158.0,-217.0,375.0,120.57486107368436,7643.735394350207,True
1339.205342637069,686468.3074435396,4356368.018414147,3741.1745697675983,115.46599113483603,13.344848911489516,30.316154038068852,10268.195017092483,4.0,-145.0,149.0,117.11509308705695,434.1163435901194,True,24668.177397395855,145.0,-204.0,349.0,118.31918918732845,6936.202309665465,True,30890.039437373558,181.0,-232.0,413.0,122.66783475561238,9571.21509670065,True,27525.3048318781,159.0,-219.0,378.0,118.31918918732845,7893.584398580226,True
1349.1884549806014,686464.5096903172,4356377.2509437315,3747.647373770588,113.49308047472482,10.050266610468336,28.71001394587618,9911.47851724441,4.0,-147.0,151.0,115.47257674742195,426.14475956527826,True,24735.155593859054,145.0,-207.0,352.0,116.06297362554596,7162.184826175171,True,30985.670900229215,180.0,-234.0,414.0,117.78336768326449,9750.238489600511,True,27615.77521134801,157.0,-222.0,379.0,116.06297362554596,8103.211397649293,True
1359.1715673249507,686460.7119370949,4356386.483473317,3754.19578912036,111.49712347611421,6.824093327909943,27.618586520109357,9524.718827664456,4.0,-148.0,152.0,113.18008484736333,418.40142417082143,True,24661.883087476184,144.0,-209.0,353.0,114.39280896481273,7279.289390543534,True,30963.71075587931,179.0,-237.0,416.0,115.13992360945826,9832.107422483448,True,27575.469883167476,156.0,-224.0,380.0,114.44857805990978,8207.323764264951,True
1369.1546796684831,686456.9141838725,4356395.716002901,3760.698818360686,109.51500016366299,3.3504684742894817,27.230220156127785,9178.805686928381,4.0,-151.0,155.0,110.99387958704392,410.66623976956885,True,24681.905612915507,144.0,-212.0,356.0,111.96819602591881,7442.523884063779,True,31056.713488882095,178.0,-239.0,417.0,114.69567175660313,9975.658870469542,True,27642.224840639043,156.0,-226.0,382.0,111.96819602591881,8363.981138642668,True
1379.1377920119712,686453.1164306502,4356404.948532485,3766.526864330623,107.73861175202615,0.04400930671070655,27.561725277170435,8889.785729588857,4.0,-153.0,157.0,109.09000027893217,403.8517233204723,True,24794.34786664906,143.0,-214.0,357.0,109.94213352415,7626.636632256101,True,31218.96588214447,177.0,-242.0,419.0,113.08791131874455,10135.602343912271,True,27782.040883857946,155.0,-229.0,384.0,109.94213352415,8541.589453651504,True
1389.120904356365,686449.3186774278,4356414.181062071,3770.6607329365065,106.47860860095284,3.320844278249115,28.279642304418292,8792.428939307147,4.0,-155.0,159.0,107.77646178410805,399.0711458733542,True,25087.41510442166,143.0,-216.0,359.0,108.48079043783468,7813.247883610318,True,31566.321916058107,177.0,-244.0,421.0,114.11316160297315,10302.593706822685,True,28112.457428464062,154.0,-230.0,384.0,108.48079043783468,8718.776764876427,True
1399.104016699853,686445.5209242055,4356423.413591655,3771.286141652114,106.28798402443567,6.276459856606809,28.962737626249577,8939.834154366246,4.0,-157.0,161.0,107.79302112051596,397.76689134655703,True,25619.35533513311,142.0,-218.0,360.0,108.61083725876483,8000.665275565166,True,32144.120432407184,177.0,-245.0,422.0,115.37078665320587,10475.789849587361,True,28668.044745193212,153.0,-232.0,385.0,108.61083725876483,8896.377620032094,True
1409.087129043341,686441.7231709833,4356432.646121239,3769.4409773788334,106.85039009493153,7.896301231422244,29.472002131834916,9223.663471814203,4.0,-159.0,163.0,108.39745163244152,400.99594272343074,True,26260.144824030373,142.0,-219.0,361.0,109.40790611261423,8185.537250293801,True,32842.83897048553,178.0,-247.0,425.0,115.8227079518067,10669.883957442662,True,29333.83291557013,154.0,-234.0,388.0,109.40790611261423,9080.454389885504,True
1419.0702413877348,686437.9254177609,4356441.878650825,3758.413912188243,110.21143956502351,8.304734626978771,29.529193013749726,9572.291271410035,4.0,-161.0,165.0,111.51387906670129,413.52567634237585,True,26970.648117421282,142.0,-220.0,362.0,112.22943302274825,8425.591981948093,True,33627.23869181496,180.0,-248.0,428.0,115.84646750784373,10937.109653033003,True,30075.948789796515,155.0,-235.0,390.0,112.22943302274825,9324.741238530733,True
1429.0533537312228,686434.1276645386,4356451.111180409,3751.549994286938,112.30356174134135,8.655470849314598,29.74210084787547,9974.78583394506,4.0,-161.0,165.0,113.85245534821752,421.536300305801,True,27670.13091056763,142.0,-222.0,364.0,114.66388157336974,8639.82636782961,True,34404.896864682814,184.0,-249.0,433.0,116.95189739153739,11187.325239862217,True,30803.73298296862,156.0,-236.0,392.0,114.66388157336974,9545.362059098832,True
1439.0364660747553,686430.3299113162,4356460.343709993,3746.1208335555066,113.95836993228158,8.8858614030491,30.280212563866563,10405.900951313524,4.0,-162.0,166.0,115.47493485168502,428.4934933161737,True,28390.461163063002,142.0,-223.0,365.0,116.58250490059459,8850.154997282956,True,35221.02939840319,189.0,-250.0,439.0,119.4610472169552,11451.127180071438,True,31554.868306566572,156.0,-237.0,393.0,116.58250490059459,9764.367334332652,True
1449.0195784191046,686426.5321580939,4356469.576239578,3742.5043282704405,115.06068074316977,9.175267847535956,31.33547167487404,10816.872234559545,4.0,-163.0,167.0,116.6365360320749,432.5753272487982,True,29120.957765556148,143.0,-224.0,367.0,117.6914299937614,9060.802056481201,True,36075.48455032339,195.0,-252.0,447.0,122.24082457909799,11740.216270400524,True,32324.388183302945,158.0,-239.0,397.0,117.6914299937614,9989.321081444925,True
1459.002690762637,686422.7344048715,4356478.808769163,3739.3763947240764,116.0140748881015,9.018440135241855,32.533792027801056,11194.603303837457,4.0,-164.0,168.0,117.58479465777486,436.6844615401387,True,29816.359448174942,144.0,-225.0,369.0,118.69639689317478,9268.247889209266,True,36897.77600974591,198.0,-253.0,451.0,125.57342702550909,12024.716520790987,True,33056.90112733302,159.0,-240.0,399.0,120.16429415074572,10206.415380351142,True
1468.985803106125,686418.9366516492,4356488.041298747,3735.19392995892,117.2888901485212,8.379128987167087,33.11340490747368,11514.75613716217,4.0,-165.0,169.0,118.89448725875059,441.94608673762855,True,30417.694348269506,145.0,-226.0,371.0,119.95987787886429,9445.19492405332,True,37653.499739664796,203.0,-255.0,458.0,127.72934776399916,12306.653130455566,True,33694.75041544417,159.0,-241.0,400.0,121.99867369386334,10394.421787477293,True
1478.9689154505188,686415.1388984268,4356497.273828332,3730.2059827029725,118.80921647213404,7.22454014348661,33.159102514995446,11773.37800885925,4.0,-166.0,170.0,120.32969838405666,447.7941423967977,True,30927.420664467252,145.0,-228.0,373.0,121.43777550740833,9596.77123427159,True,38306.84989992986,207.0,-256.0,463.0,129.3530878237832,12549.462869454817,True,34249.133816727444,161.0,-243.0,404.0,123.4814627190267,10561.993702322972,True
1488.9520277940069,686411.3411452045,4356506.506357917,3726.274551074733,120.00751683242129,6.1245820541525005,32.698093807945924,11946.421720616228,4.0,-166.0,170.0,121.65359095303279,452.6329481768819,True,31413.67248847022,146.0,-229.0,375.0,122.98571611039438,9780.508927400442,True,38993.63067202894,208.0,-259.0,467.0,130.6339104807546,12859.945745321667,True,34798.00815801759,166.0,-245.0,411.0,123.49870696540461,10771.400168343796,True
1498.9351401375393,686407.5433919821,4356515.738887501,3723.650731009227,120.80725718838767,5.033380475636978,32.44693314048447,12130.422200336394,4.0,-168.0,172.0,122.35446358789022,456.8525918464147,True,31977.508327505995,147.0,-231.0,378.0,123.32604990215646,10028.16076531979,True,39769.21545078319,211.0,-261.0,472.0,132.59322084252653,13238.753579206543,True,35430.65256688166,168.0,-247.0,415.0,125.23661342680225,11051.848371092525,True
1508.9182524818887,686403.7456387598,4356524.971417086,3719.951075578032,121.93491216381585,4.30159134555195,32.143607161736305,12336.394051668054,4.0,-168.0,172.0,123.38308160718475,460.70412872423276,True,32588.92654241094,149.0,-233.0,382.0,124.32000391680504,10296.923052407115,True,40595.41422793907,213.0,-265.0,478.0,133.57317253280144,13619.49733291478,True,36131.682360348655,173.0,-249.0,422.0,125.77683003713855,11360.772073573735,True
1518.901364825421,686399.9478855374,4356534.2039466705,3716.2523389287967,123.06228709450284,3.415305763184696,31.883161655472072,12580.058589953249,4.0,-169.0,173.0,124.52287273813408,465.3315899780507,True,33236.078181734214,152.0,-236.0,388.0,125.50395952918211,10554.189597331888,True,41473.95119053838,215.0,-269.0,484.0,136.4069565696816,13968.242176270447,True,36889.977364299106,177.0,-253.0,430.0,127.1664802297471,11658.972140676293,True
1528.8844771689091,686396.1501323151,4356543.436476255,3710.8527429536357,124.7080839477319,1.9831082870816923,31.871147785157017,12847.480915299147,4.0,-170.0,174.0,125.79195948867368,471.57260355535914,True,33917.1588384405,154.0,-239.0,393.0,126.69466981458913,10793.448424467872,True,42378.8353400672,217.0,-274.0,491.0,139.15303115833603,14287.107649334619,True,37671.01960583648,180.0,-257.0,437.0,129.03750592812185,11924.397412230846,True
1538.8675895133028,686392.3523790927,4356552.66900584,3706.520482239828,126.02855701330031,0.5600116698942353,31.96534825622203,13107.059859603976,4.0,-171.0,175.0,127.38152266832321,477.14994780443294,True,34663.37668249778,155.0,-242.0,397.0,128.343131806251,11056.692088468011,True,43399.699325525704,220.0,-279.0,499.0,141.88879214696294,14644.353618199899,True,38549.72684280293,185.0,-261.0,446.0,131.74990325807403,12227.362693866255,True
1548.850701856791,686388.5546258704,4356561.901535424,3701.7354026312655,127.48704927799031,1.9461858553910936,29.664390690117735,13365.592447014918,4.0,-205.0,209.0,128.82043881815753,483.32519679201096,True,41222.03944542467,149.0,-312.0,461.0,129.72628088669944,10967.687405462031,True,52659.99297546419,197.0,-356.0,553.0,145.33430310077006,13864.550794436793,True,46755.2090237401,164.0,-335.0,499.0,131.86208087854789,11983.901826455407,True
1557.2191367724083,686393.1599089751,4356568.888814613,3702.5419937063266,127.24120031831171,8.904024032003631,27.691036393040147,11939.512614362668,4.0,-170.0,174.0,127.98462870920457,483.0331045637506,True,36105.19904644192,156.0,-372.0,528.0,128.35010916447322,9842.211836590404,True,55122.43956693541,204.0,-544.0,748.0,135.70016515099087,13019.081650519496,True,44839.08210269608,173.0,-458.0,631.0,128.35010916447322,10957.560585135874,True
1567.202249116459,686401.0565364053,4356574.996662622,3695.3477762883235,129.43399778731896,11.85763812499171,28.222786159734863,11364.067576879668,4.0,-153.0,157.0,130.20313478057574,492.7635255944451,True,31492.01881490129,149.0,-304.0,453.0,130.6033915694993,9711.269385307487,True,44345.84082439533,193.0,-438.0,631.0,132.543270759003,12591.019597810962,True,37262.83206452647,165.0,-359.0,524.0,130.6033915694993,10731.144784481847,True
1577.1853614598476,686408.9531638355,4356581.1045106305,3682.5736234283477,133.32755957903964,12.431569523979782,26.655982904854532,11310.267050091798,4.0,-148.0,152.0,133.79261504930037,508.3618767817668,True,31365.98974193826,154.0,-291.0,445.0,134.06130387055828,10367.429434819951,True,43616.76751007559,197.0,-414.0,611.0,134.06130387055828,13405.67711568978,True,36894.576742019446,170.0,-347.0,517.0,134.06130387055828,11453.283192062743,True
1587.1684738038061,686416.8497912656,4356587.21235864,3665.279797145625,138.59871783001358,12.106063275024377,22.40247425504818,11247.295185888335,4.0,-143.0,147.0,139.1924332879505,528.7566176227958,True,31346.879456082337,159.0,-275.0,434.0,139.54324448090097,11123.054353214853,True,43109.16694394669,203.0,-390.0,593.0,139.54324448090097,14340.68845749663,True,36617.30417278832,174.0,-335.0,509.0,139.54324448090097,12273.008789190237,True
1597.1515861477646,686424.7464186957,4356593.320206649,3646.470880288547,144.33167568805084,12.099010397247815,17.02350068903663,11326.255750518061,4.0,-138.0,142.0,145.1807706548277,551.5167089010936,True,31515.485684380736,163.0,-256.0,419.0,145.85400615593585,11904.665756340504,True,42797.33065687922,208.0,-376.0,584.0,145.85400615593585,15307.764617092005,True,36513.069731807656,179.0,-323.0,502.0,145.85400615593585,13122.370175247464,True
1607.1346984912454,686432.6430461259,4356599.428054657,3636.8151036832483,147.27475639734598,13.118609529293012,13.071326669208405,11342.769952827035,4.0,-134.0,138.0,148.15975424794874,563.4087000728211,True,31069.07479818026,169.0,-241.0,410.0,148.7269738948262,12134.360444728269,True,41901.645642444884,212.0,-362.0,574.0,148.7269738948262,15764.738993220435,True,35802.87453532789,185.0,-312.0,497.0,148.7269738948262,13449.928323171105,True
1617.117810835204,686440.539673556,4356605.535902666,3658.2549494577343,140.7398914052826,11.809607048074135,14.996765496540474,10686.412533831219,4.0,-130.0,134.0,141.44258661404092,537.0706943150824,True,29064.898230120045,162.0,-229.0,391.0,141.91574653848124,11370.938620875342,True,39253.29820497907,220.0,-346.0,566.0,141.91574653848124,15034.936213839977,True,33349.73510737831,184.0,-300.0,484.0,141.91574653848124,12600.665787028873,True
1627.1009231791625,686448.4363009861,4356611.643750675,3675.976949051513,135.33822592909883,11.307964590848739,16.960359297450697,10141.143064996362,4.0,-126.0,130.0,136.18069574941228,515.2819201148654,True,27270.017832220918,156.0,-219.0,375.0,136.69977666458112,10608.682577708993,True,36473.65259398839,214.0,-330.0,544.0,136.69977666458112,13936.41080178114,True,31085.207690303258,174.0,-285.0,459.0,136.69977666458112,11727.773333161764,True
1637.0840355226433,686456.3329284163,4356617.751598683,3692.6204112900205,130.26529863880182,10.624497063384387,18.547722709122734,9610.557960557373,4.0,-124.0,128.0,131.124948747987,494.9899897227631,True,25654.587323033113,151.0,-210.0,361.0,131.69405171114386,9925.389179487604,True,33986.31880707463,206.0,-316.0,522.0,131.69405171114386,13011.792471492103,True,29077.11102643233,169.0,-267.0,436.0,131.69405171114386,10988.945454710349,True
1647.0671478666018,686464.2295558464,4356623.859446692,3705.265365052304,126.41111673205774,10.380213751707068,20.005232152661005,9139.87777026169,4.0,-121.0,125.0,127.15374000558518,479.5931142803977,True,24225.702116163913,147.0,-205.0,352.0,127.67994502552597,9337.859214656495,True,31745.00048525876,199.0,-302.0,501.0,127.67994502552597,12221.453818465288,True,27311.083342165566,164.0,-247.0,411.0,127.67994502552597,10334.14744035228,True
1657.0502602105603,686472.1261832765,4356629.967294701,3720.6052865325587,121.73550866487608,9.344867483718916,20.90725842574973,8752.421745498521,4.0,-118.0,122.0,122.58738804826385,460.89563892027945,True,22999.448616863472,143.0,-199.0,342.0,123.16798078346051,8812.363027690535,True,29778.16651527995,190.0,-285.0,475.0,123.16798078346051,11506.493010425438,True,25830.838891037856,159.0,-230.0,389.0,123.16798078346051,9750.535686993077,True
1667.033372553949,686480.0228107066,4356636.07514271,3729.70777953449,118.96106879788749,9.203238404730508,20.502721220585926,8457.996065906147,4.0,-116.0,120.0,119.85691890122234,449.5731986314206,True,22031.244709894716,140.0,-187.0,327.0,120.41651303574395,8393.41219693582,True,28280.180807239478,185.0,-266.0,451.0,120.41651303574395,10984.090292014735,True,24688.59548924808,156.0,-218.0,374.0,120.41651303574395,9298.517950868143,True
1677.0164848979996,686487.9194381369,4356642.182990719,3733.83501284347,117.70308808531036,8.803220346957968,18.213760531586047,8244.456979080567,4.0,-114.0,118.0,118.63970336155285,444.7157753729291,True,21357.51839748465,138.0,-183.0,321.0,119.26519986956555,8143.975659002894,True,27181.98160604026,182.0,-247.0,429.0,119.26519986956555,10635.959446156892,True,23870.692161650648,153.0,-210.0,363.0,119.26519986956555,9015.34092393039,True
1686.999597241958,686495.816065567,4356648.290838728,3733.2198624942403,117.89058591175558,8.708761858802392,14.211858823403011,8072.515574172543,4.0,-111.0,115.0,118.94653705683481,444.89494688823766,True,20912.936936932023,137.0,-179.0,316.0,119.67641463754921,8093.819559775835,True,26497.39324463804,179.0,-233.0,412.0,119.67641463754921,10540.689604245805,True,23337.39866621747,152.0,-205.0,357.0,119.67641463754921,8951.348401171534,True
1696.9827095853468,686503.7126929971,4356654.398686736,3727.333090215754,119.68487410223815,8.813220612597803,8.644341467352474,7960.223006805023,4.0,-108.0,112.0,120.85421915073812,451.84556815645715,True,20735.234051407337,138.0,-178.0,316.0,121.66434071663139,8227.601227021407,True,26197.147094971722,179.0,-223.0,402.0,121.66434071663139,10694.75417457414,True,23123.68123203083,153.0,-201.0,354.0,121.66434071663139,9098.51800219183,True
1706.9658219293053,686511.6093204272,4356660.506534745,3717.984823951681,122.53422565952769,9.803190783403968,2.703121621695738,7907.949239679951,4.0,-105.0,109.0,123.4541909509935,464.3683213876159,True,20679.25845052147,141.0,-173.0,314.0,124.42263877066557,8474.127775102297,True,26003.66737276341,179.0,-217.0,396.0,124.42263877066557,10987.415227633726,True,23004.761859961138,155.0,-194.0,349.0,124.42263877066557,9379.832182495498,True
1716.948934273356,686519.5059478574,4356666.614382754,3708.174188524354,125.52450733777687,10.323903071239915,2.776168860072108,7777.171624402831,4.0,-102.0,106.0,127.07887414747256,475.62077121715924,True,20629.622053642757,141.0,-167.0,308.0,127.73098182797094,8838.282768499255,True,25744.2360113547,177.0,-210.0,387.0,127.73098182797094,11302.344997232929,True,22858.59700069199,153.0,-189.0,342.0,127.73098182797094,9729.574971259379,True
1726.9320466167446,686527.4025752875,4356672.722230762,3701.291506986362,127.6223486705569,10.10351812550457,4.695915469018024,7451.740931691644,4.0,-100.0,104.0,128.65358112440254,483.8617541087774,True,20314.911047546244,139.0,-164.0,303.0,129.35858801358336,9121.489068744359,True,25218.49732158137,174.0,-204.0,378.0,129.35858801358336,11521.933658888742,True,22448.482282755424,152.0,-185.0,337.0,129.35858801358336,9989.544738220877,True
1736.9151589607031,686535.2992027176,4356678.830078771,3701.343451398918,127.60651601360973,13.234046629578474,4.792988538465683,7193.680029364239,4.0,-98.0,102.0,128.7210580229314,483.7539335797421,True,19771.04064567518,137.0,-161.0,298.0,129.72612105123494,8933.694561556942,True,24525.565266081634,170.0,-202.0,372.0,129.72612105123494,11238.830911479738,True,21844.547069800974,149.0,-183.0,332.0,129.72612105123494,9773.50929997861,True
1746.1561595338117,686542.1503037327,4356685.031571049,3700.4192380662594,127.8882162374041,15.020778486176676,7.212574397136681,8421.59880768205,4.0,-130.0,134.0,128.75606047329188,485.7106134368705,True,27212.794796678958,139.0,-346.0,485.0,129.23249573248813,8852.267906462166,True,45287.405082331614,174.0,-496.0,670.0,129.23249573248813,11256.137056376787,True,36063.368116432976,152.0,-458.0,610.0,129.23249573248813,9728.899831294471,True
1756.1392718781037,686535.4647756048,4356692.445493475,3709.2077663049145,125.20947283026203,15.276822165835156,5.378586663771437,7045.62834737821,4.0,-108.0,112.0,126.88081362707271,473.15823169702094,True,20999.895625698195,143.0,-184.0,327.0,127.63568570329221,8463.064199228957,True,29807.91696324065,209.0,-373.0,582.0,128.1453119697885,11476.405684491849,True,23685.56420924671,163.0,-252.0,415.0,127.86753419201068,9424.807806899094,True
1766.1223842216261,686528.779247477,4356699.859415899,3713.649278539923,123.85569990103136,15.565579193308583,2.9449933044397794,7312.770231146616,4.0,-113.0,117.0,124.98087731500573,468.915158045374,True,21285.898826734785,143.0,-186.0,329.0,125.708834165481,8308.647250270325,True,30690.768982914273,213.0,-373.0,586.0,125.708834165481,11346.236292257763,True,24262.445148991592,163.0,-326.0,489.0,125.708834165481,9267.418458870943,True
1776.1054965652265,686522.093719349,4356707.273338323,3714.910335946314,123.47132960356362,15.788621515527469,0.8054313835594921,7595.285148620768,4.0,-117.0,121.0,124.68378990335759,467.12165345249446,True,21696.399447915577,142.0,-191.0,333.0,125.50317791095335,8238.571788982521,True,31736.74366256479,216.0,-372.0,588.0,125.50317791095335,11346.425208961055,True,25143.713857819923,163.0,-353.0,516.0,125.50317791095335,9196.139823481644,True
1786.0886089095186,686515.4081912211,4356714.687260749,3712.057101169175,124.34099556363549,15.930134450688572,1.1455775833240371,7915.465140818947,4.0,-122.0,126.0,125.68621856308368,470.1758203466536,True,22152.959488760163,143.0,-196.0,339.0,126.43662080994773,8194.252539473311,True,32747.836651327183,218.0,-371.0,589.0,126.43662080994773,11350.827882392063,True,26123.701009489087,163.0,-354.0,517.0,126.43662080994773,9151.992248456452,True
1796.071721253041,686508.7226630932,4356722.101183173,3713.0694975148135,124.03241715748482,16.004312568492793,3.8133517327895623,8241.028798464014,4.0,-125.0,129.0,125.29897799947048,469.8436823943889,True,22757.146595096692,142.0,-203.0,345.0,126.14766322783066,8235.993665916114,True,34283.30040350216,302.0,-371.0,673.0,126.14766322783066,11842.974695196486,True,27212.859214618955,162.0,-353.0,515.0,126.14766322783066,9187.8592394814,True
1806.0548335966414,686502.0371349653,4356729.515105598,3708.1663124759366,125.52690795733452,16.729331603235085,7.475967510027741,8701.152765980964,4.0,-129.0,133.0,126.37800739748877,475.40643847212004,True,23653.574361795116,142.0,-212.0,354.0,126.86358627057393,8373.947775442464,True,35840.687445204654,304.0,-371.0,675.0,126.86358627057393,12232.28514227115,True,28520.891579402713,160.0,-352.0,512.0,126.86358627057393,9312.125994638194,True
1816.0379459408555,686495.3516068375,4356736.929028023,3707.7939290105855,125.64041043757356,17.61677920279026,13.147990550310764,9038.488362468428,4.0,-133.0,137.0,126.32873840983552,477.3025137404693,True,24516.405663998605,142.0,-227.0,369.0,127.02100621821955,8489.964352383882,True,37251.71579435677,308.0,-371.0,679.0,127.02100621821955,12540.902708469997,True,29727.186580100366,159.0,-352.0,511.0,127.02100621821955,9416.977282820699,True
1826.0210582844559,686488.6660787095,4356744.342950447,3719.6175985336045,122.0365559669574,15.153339405066255,20.428284895547492,9213.98005525551,4.0,-136.0,140.0,123.11362600782059,462.41202799349435,True,25213.381145935047,141.0,-241.0,382.0,123.78700006673603,8484.049813815423,True,38612.577084315446,312.0,-372.0,684.0,123.78700006673603,12881.030424123202,True,30757.599502945013,161.0,-352.0,513.0,123.78700006673603,9453.242821475691,True
1836.0041706279783,686481.9805505817,4356751.756872872,3727.8146840021604,119.53808431614152,13.735542371075798,24.319846531642025,9245.758558657588,4.0,-139.0,143.0,120.11459224789155,452.17553684104837,True,25621.769465186335,140.0,-258.0,398.0,120.63789190746843,8235.129886357678,True,39783.22009516576,315.0,-374.0,689.0,120.63789190746843,13099.187091654054,True,31455.372142321365,169.0,-354.0,523.0,120.63789190746843,9247.26589216711,True
1845.9872829722704,686475.2950224538,4356759.170795297,3738.3017182516,116.34163627691237,12.76383075454351,24.600534773227626,9058.030204386017,4.0,-142.0,146.0,116.87011991583609,440.91898272852814,True,25928.680127396427,145.0,-282.0,427.0,117.4189474950258,7994.732902074556,True,40892.18858071558,318.0,-377.0,695.0,117.4189474950258,13387.98728211215,True,32089.16903784633,180.0,-356.0,536.0,117.4189474950258,9119.781934678158,True
1855.9703953157928,686468.6094943259,4356766.584717722,3746.4583365008316,113.85549903454648,10.829187005613944,23.46796240824508,8642.821677177126,4.0,-141.0,145.0,115.68567083051903,429.048365160824,True,26254.11030096411,162.0,-311.0,473.0,116.3091596826589,7901.047395238374,True,42011.22767614291,321.0,-380.0,701.0,116.3091596826589,13873.793761548593,True,32713.913285296876,187.0,-359.0,546.0,116.3091596826589,9178.631913016954,True
1865.9535076593932,686461.923966198,4356773.998640146,3752.701796458155,111.95249243955436,9.089975440487134,22.737491713577928,8343.32587758074,4.0,-139.0,143.0,112.94256302634062,421.6229510971773,True,26913.283160011983,167.0,-326.0,493.0,113.75676013452107,7968.284562030965,True,43389.80045060518,324.0,-382.0,706.0,113.75676013452107,14489.915487614504,True,33579.99441165366,191.0,-362.0,553.0,113.75676013452107,9341.98960483196,True
1875.9366200036072,686455.2384380702,4356781.4125625715,3756.2947787717185,110.85735143038028,6.889629826508829,21.69187422758902,8101.707236345692,4.0,-138.0,142.0,111.42910867959608,417.51846652351946,True,27771.782139835133,175.0,-341.0,516.0,112.21090538617432,8173.185918796056,True,44853.86197506794,327.0,-385.0,712.0,112.21090538617432,15147.864871755719,True,34599.0863088163,197.0,-364.0,561.0,112.21090538617432,9623.922645196368,True
1885.9197323472076,686448.5529099422,4356788.826484996,3758.1117979845767,110.30352397430102,4.633100747015198,19.71842867805719,7945.711683373133,4.0,-138.0,142.0,112.03247535685682,414.63986051901156,True,28843.493366429084,182.0,-344.0,526.0,112.53101357176956,8427.483571666191,True,46559.25303679524,329.0,-388.0,717.0,112.53101357176956,15862.849171300368,True,35851.22699650988,209.0,-367.0,576.0,112.53101357176956,9970.420699175278,True
1895.9028446914217,686441.8673818144,4356796.240407421,3758.882939621867,110.06848000325499,3.5602977050667173,18.664905043316065,7774.977489726749,4.0,-138.0,142.0,111.55111049220909,413.8981351396053,True,29939.859951623373,187.0,-348.0,535.0,112.41078279239969,8705.541632442175,True,48344.888140346884,331.0,-393.0,724.0,112.41078279239969,16650.43610380884,True,37431.482453897435,303.0,-370.0,673.0,112.41078279239969,10644.057438914937,True
1905.885957035022,686435.1818536865,4356803.654329846,3759.707917092267,109.817026870277,2.2348878455898396,18.183530572634048,7619.099677806955,4.0,-138.0,142.0,111.08991656462581,412.9522958599648,True,30942.624536657404,193.0,-349.0,542.0,112.31591968720113,9035.682651784377,True,50161.76386751564,336.0,-397.0,733.0,112.31591968720113,17592.893794399064,True,39045.81668395871,305.0,-374.0,679.0,112.31591968720113,11492.99773630262,True
1915.8690693785445,686428.4963255586,4356811.06825227,3760.2697482871995,109.64578072206155,2.3677237841178815,17.81745252883976,7536.049009168265,4.0,-138.0,142.0,110.88148269280418,413.17545262548924,True,31997.23599958311,209.0,-352.0,561.0,111.84777443169219,9412.995039879439,True,52141.80415934899,345.0,-401.0,746.0,111.84777443169219,18662.884422242398,True,40756.004298594606,305.0,-379.0,684.0,111.84777443169219,12409.566732285482,True
1925.8521817228366,686421.8107974307,4356818.4821746955,3758.187842241329,110.28034568484304,1.344707159614293,17.504091151303296,7513.24658128068,4.0,-137.0,141.0,111.40852984615753,414.8624451161013,True,33270.73754617548,239.0,-355.0,594.0,111.98209570858012,9983.68779048478,True,54404.34854007966,356.0,-404.0,760.0,111.98209570858012,20002.791453926773,True,42633.225581008905,308.0,-382.0,690.0,111.98209570858012,13453.91073115387,True
1935.835294066359,686415.1252693029,4356825.89609712,3759.1989629031286,109.97215610712647,2.128966871433943,17.94990231240523,7566.495551877948,4.0,-138.0,142.0,110.76555699452979,413.69935314872987,True,34984.357701740555,260.0,-359.0,619.0,111.37267935583236,10960.673999472778,True,57018.24153184038,368.0,-406.0,774.0,111.37267935583236,21693.368388283012,True,44762.96679627142,313.0,-385.0,698.0,111.37267935583236,14730.479209940073,True
1945.8184064099594,686408.4397411749,4356833.310019544,3764.135411730437,108.46752650456278,6.212578453590105,19.82848433106214,7670.675803560895,4.0,-138.0,142.0,109.85211507013491,407.1204455282516,True,36886.87509477137,278.0,-363.0,641.0,110.66981636171545,12296.41297181056,True,59779.19942015724,379.0,-408.0,787.0,110.66981636171545,23744.537192796815,True,47006.48938653992,323.0,-387.0,710.0,110.66981636171545,16315.046177678927,True
1955.8015187541735,686401.7542130471,4356840.72394197,3762.304330988442,109.02563991472289,9.588609509726957,21.831287933461986,7785.278694974281,4.0,-140.0,144.0,110.1724899434339,409.1148743045219,True,38956.59587895351,294.0,-366.0,660.0,111.12679641510681,13851.434285412943,True,62766.04895285495,388.0,-409.0,797.0,111.1338898765307,26107.40776524954,True,49484.87156006402,335.0,-389.0,724.0,111.12679641510681,18209.21143199942,True
1965.7846310977739,686395.0686849192,4356848.137864394,3759.623600078829,109.84272669597294,12.41389479465845,22.05004788281817,7938.10886259656,4.0,-143.0,147.0,110.91144544085955,413.71851397919977,True,41393.76400144665,315.0,-367.0,682.0,111.53606362575488,15671.181100850725,True,66038.6190138011,398.0,-410.0,808.0,111.53606362575488,28696.690483965096,True,52312.842209447415,345.0,-390.0,735.0,111.53606362575488,20378.36427243389,True
1975.7677434412963,686388.3831567913,4356855.551786819,3752.151514516645,112.12021837532666,14.311336861798363,22.854061706722554,8174.883174767207,4.0,-143.0,147.0,112.7172301959879,422.73817712244863,True,44195.33209763396,326.0,-368.0,694.0,113.15930369174134,17743.406110629636,True,70013.2386233675,525.0,-410.0,935.0,113.15930369174134,31910.48338453777,True,55418.68478686643,354.0,-391.0,745.0,113.15930369174134,22734.329595798205,True
1985.7508557855883,686381.6976286634,4356862.965709244,3747.4312484447546,113.55895547403884,16.434439756078525,24.146893974261445,8480.973954631789,4.0,-144.0,148.0,114.58621768925582,428.11630975668936,True,46793.03011180535,336.0,-367.0,703.0,115.12045908126697,19904.573751878113,True,74037.1669842916,540.0,-410.0,950.0,115.12045908126697,35497.74965689132,True,58248.492744025854,361.0,-390.0,751.0,115.12045908126697,25128.332227938103,True
1995.7339681291107,686375.0121005356,4356870.379631668,3740.2854413288646,115.73699748296212,18.88835370419376,25.309148364726525,8926.094927811002,4.0,-146.0,150.0,116.07470701926923,437.4851424818469,True,49591.59881329475,342.0,-367.0,709.0,116.32267654842053,22123.200449768832,True,78200.31395600831,555.0,-410.0,965.0,116.32267654842053,39108.476956284874,True,61249.16705769362,369.0,-390.0,759.0,116.32267654842053,27567.88200845202,True
2005.7170804727111,686368.3265724076,4356877.793554093,3733.516218387499,117.80025663549031,20.969089225348167,26.23934650622555,9449.90053431005,4.0,-149.0,153.0,118.27951696995069,445.77109553769105,True,52519.700157334424,348.0,-366.0,714.0,118.63210313204308,24363.82445664922,True,82571.45822382924,583.0,-409.0,992.0,118.63210313204308,42844.307216029025,True,64326.277437125056,375.0,-389.0,764.0,118.63210313204308,29989.65972596354,True
2015.7001928170032,686361.6410442797,4356885.207476518,3724.3396248234326,120.59728235381772,22.34784656162523,26.885618227576785,10018.986394085663,4.0,-154.0,158.0,120.86498576230974,457.4370675683276,True,55627.872877592694,353.0,-365.0,718.0,121.1731539226414,26659.682733651003,True,87199.55318764306,593.0,-409.0,1002.0,122.3929996361162,46710.32723548346,True,67578.19557373029,381.0,-388.0,769.0,121.1731539226414,32460.298187474065,True
2025.6833051605256,686354.9555161519,4356892.621398943,3715.5883337023365,123.2646758875278,22.811233783021642,27.55198229494817,10588.533694267957,4.0,-159.0,163.0,123.55984512238547,468.74078664029116,True,58818.87918408016,358.0,-365.0,723.0,123.90132293224133,28923.856631431787,True,91912.76833629012,602.0,-409.0,1011.0,129.5188825943667,50510.58730020774,True,70948.16164731808,388.0,-388.0,776.0,123.90132293224133,34913.1401650993,True
2035.666417504126,686348.2699880239,4356900.035321367,3705.8994270996322,126.21785462003209,20.395629517243965,29.1705582058901,11730.130425647734,4.0,-175.0,179.0,126.44654452414625,480.3437175411202,True,58718.10350988318,342.0,-377.0,719.0,126.69348514747253,25543.903449400663,True,86177.76165861162,522.0,-426.0,948.0,128.81618040377725,40571.50181198426,True,70727.27342793191,366.0,-403.0,769.0,126.69348514747253,30940.292246953206,True
2040.950333394795,686346.3360177499,4356904.952589523,3701.69170184344,127.50036927811948,4.4994798466270804,23.19965519046238,11450.819980089876,4.0,-191.0,195.0,128.36313485597952,484.06173316620107,True,62727.001406938354,203.0,-722.0,925.0,128.93842945534425,11143.583077706026,True,114214.48751774861,267.0,-813.0,1080.0,152.22226291195227,17091.279542722223,True,89194.09807332463,238.0,-766.0,1004.0,128.93842945534425,13329.911052263335,True
2050.933445738599,686356.2341537372,4356903.652806447,3707.9807198756057,125.58347658191542,6.902857327872258,30.67138997837701,13843.9986287836,4.0,-249.0,253.0,126.73696213594462,477.17993697514953,True,93358.32606230187,260.0,-658.0,918.0,146.64909088759464,15525.611212743954,True,139846.85652103834,348.0,-734.0,1082.0,214.59198409921237,24256.778384793502,True,116707.81448733943,281.0,-699.0,980.0,184.86337660188042,18662.450809055452,True
2060.9165580824088,686366.1322897244,4356902.35302337,3712.1779762187834,124.30415284851483,5.65052676096668,30.731784988012393,13645.61113765795,4.0,-243.0,247.0,125.50366721580212,471.28605717073356,True,91526.04219226101,257.0,-657.0,914.0,148.13069777731164,14560.568274900079,True,137565.0611360718,327.0,-739.0,1066.0,214.32996108593807,22883.47787769293,True,114685.72341951515,277.0,-697.0,974.0,185.30218330816024,17596.615772174213,True
2070.8996704262127,686376.0304257118,4356901.053240294,3716.849186628898,122.8803679155119,4.745229863966631,31.498504239818182,13684.04337825329,4.0,-243.0,247.0,124.36755240540538,465.19592406895276,True,90003.82453525544,254.0,-656.0,910.0,149.28928633886403,13701.264363426719,True,135905.37131478265,313.0,-751.0,1064.0,214.33081696336512,21703.892170714564,True,113090.49389002615,273.0,-701.0,974.0,185.85859474114295,16654.994113987756,True
2080.8827827700165,686385.9285616991,4356899.7534572175,3719.808107325643,121.97848888714407,4.80437178739761,32.367607549263994,13945.566468111685,4.0,-240.0,244.0,122.93060603112576,460.04262296350703,True,89013.50279499008,251.0,-658.0,909.0,149.0027178900233,12960.500508583353,True,135287.4788999459,304.0,-766.0,1070.0,212.64863540464785,20710.758100552426,True,112199.01503999095,269.0,-703.0,972.0,184.7319687379811,15835.375679358556,True
2090.865895113705,686395.8266976863,4356898.453674141,3722.9900315628624,121.00863837963948,3.645956827373747,33.716947154841215,14319.862718387878,4.0,-245.0,249.0,122.2767767177736,457.51109346915405,True,88550.16429696888,246.0,-662.0,908.0,150.91513297170889,12417.67701704915,True,135416.77875804162,298.0,-772.0,1070.0,211.5681974870846,19936.41700218799,True,111834.39510550597,265.0,-710.0,975.0,184.5543085981957,15199.815512059708,True
2100.8490074576303,686405.7248336737,4356897.153891064,3731.4781468230976,118.42146084831984,4.221132379227611,35.96783368023512,14843.67358839717,4.0,-254.0,258.0,119.90743113077019,446.52519677669807,True,88065.02422293469,242.0,-662.0,904.0,151.28583110727777,11896.072156484013,True,135425.51110106727,294.0,-768.0,1062.0,209.31878870068056,19204.59020177615,True,111623.31079722942,262.0,-724.0,986.0,183.87511682156355,14594.70305279897,True
2110.832119801434,686415.622969661,4356895.854107988,3737.4139308432814,116.6122338789678,3.9484067791163664,38.021021310086155,15483.923459208678,4.0,-260.0,264.0,118.17036592781392,439.23254846686154,True,87642.50412835868,240.0,-665.0,905.0,150.16058001997442,11517.928731303484,True,135279.8592856198,291.0,-766.0,1057.0,207.54009838611842,18680.610601917993,True,111608.3266609303,259.0,-730.0,989.0,182.24217273184627,14168.170654234487,True
2120.8152321451225,686425.5211056483,4356894.554324912,3741.2334563945597,115.44804249093818,3.4718775888811844,39.69845547190813,16096.712225577976,4.0,-266.0,270.0,117.11179549541544,434.39710571071464,True,87029.46394195131,232.0,-670.0,902.0,149.80098670241466,11244.099317218806,True,134958.6224152481,290.0,-766.0,1056.0,205.5692801822329,18326.900689176455,True,111365.64968062288,258.0,-730.0,988.0,180.91650240445506,13843.48040101994,True
2130.798344489048,686435.4192416356,4356893.254541835,3744.9455661985867,114.31659142267085,2.6755195478891416,40.49760200726083,16598.113948186336,4.0,-275.0,279.0,116.25712639421204,429.3826183435808,True,86352.1427361783,226.0,-678.0,904.0,151.08326942113808,10973.207672364668,True,134400.38537174396,291.0,-769.0,1060.0,205.00196046078827,17971.176205713346,True,110783.48059119358,259.0,-728.0,987.0,181.39084934967718,13460.698047008402,True
2140.7814568328517,686445.3173776229,4356891.954758759,3744.510393413574,114.44923208754267,1.8962889815173622,40.43055810709643,16772.20331826512,4.0,-277.0,281.0,115.63705755853812,429.260056644787,True,84859.87374513326,219.0,-685.0,904.0,150.705847880933,10539.153678624545,True,132946.72603454994,292.0,-773.0,1065.0,202.09525294113485,17376.545656934042,True,109110.72445768051,249.0,-729.0,978.0,179.45636405224593,12830.309163015012,True
2150.7645691766556,686455.2155136103,4356890.6549756825,3748.0885780931067,113.35860139722104,0.8652768154486749,40.7690725878629,16301.197516021311,4.0,-274.0,278.0,115.37231074830265,426.24337638059296,True,82667.01896500522,213.0,-686.0,899.0,151.7883001432159,10107.80251993825,True,130826.4634507464,295.0,-777.0,1072.0,200.34358198775453,16680.07508828352,True,106860.68756252165,238.0,-733.0,971.0,179.05671474501594,12228.296310678697,True
2160.747681520344,686465.1136495975,4356889.355192606,3753.398093369739,111.74026114090361,0.36239691000128094,41.06277299212617,15838.88792655982,4.0,-273.0,277.0,113.68481072261807,419.2326120124819,True,80539.90524630155,209.0,-688.0,897.0,149.01800749905556,9696.34888750055,True,128773.26273392755,297.0,-784.0,1081.0,196.18161359378212,15889.268653744717,True,104823.19242693494,229.0,-738.0,967.0,175.53586464191267,11709.986450721575,True
2170.7307938642693,686475.0117855849,4356888.055409529,3757.3929513676044,110.52262842315417,0.65135934477903,40.43446884754952,15102.358850034681,4.0,-270.0,274.0,112.48313099047891,413.58853547409467,True,78449.45222310952,205.0,-691.0,896.0,147.8568081119464,9372.497059146708,True,126729.72132305497,296.0,-791.0,1087.0,192.82879500540128,15090.73492539248,True,102893.53722777904,222.0,-742.0,964.0,173.12466525480352,11291.934871947691,True
2180.7139062080732,686484.9099215722,4356886.755626453,3759.8633608912564,109.76964760034502,0.4256579234454265,38.18344002606184,14398.8799947174,4.0,-263.0,267.0,111.6580129818276,410.95834409047006,True,76334.09618833294,201.0,-694.0,895.0,146.12780812579115,9130.52774859882,True,124721.50722616902,275.0,-799.0,1074.0,190.25479225277547,14427.73080814508,True,100955.2342173219,218.0,-745.0,963.0,170.94923669721982,10977.622219299783,True
2190.6970185517616,686494.8080575594,4356885.455843377,3759.2502015840505,109.95653855718137,0.32690937388433206,35.6891790495996,13767.042805260051,4.0,-258.0,262.0,111.65385100868161,412.26916131134726,True,74424.49935438321,198.0,-698.0,896.0,141.2201433526534,9132.348442357648,True,123111.76304987095,261.0,-806.0,1067.0,184.77365037206732,14154.880196578606,True,99220.37997834367,215.0,-749.0,964.0,165.68442906693917,10921.912319607089,True
2200.680130895687,686504.7061935468,4356884.1560603,3751.650745997833,112.27285261986049,1.6261074352367053,34.003403904464335,13260.178996884924,4.0,-252.0,256.0,113.47764826188632,422.228491696681,True,72770.84013333527,197.0,-702.0,899.0,136.55541442578738,9245.24246551813,True,122061.85354259405,249.0,-812.0,1061.0,179.68484365155769,14107.075397579098,True,97889.327041979,213.0,-755.0,968.0,160.79595476266877,11005.900283818995,True
2210.663243239491,686514.6043295341,4356882.856277224,3738.346795863464,116.32789662081609,2.6379068993628123,30.665121648355484,12824.407377364994,4.0,-246.0,250.0,117.36388934830939,437.1158406471793,True,71050.44314124309,196.0,-708.0,904.0,131.9679020878773,9316.940812833454,True,120989.78148303728,243.0,-818.0,1061.0,173.60838726594216,14095.686839057558,True,96505.39076025129,212.0,-763.0,975.0,155.3607592307344,11064.652889737317,True
2220.6463555831792,686524.5024655213,4356881.5564941475,3738.498395043744,116.28168919066684,2.3811776457209057,29.81129871066807,12262.007721269763,4.0,-239.0,243.0,117.62381797022817,436.4369152676636,True,69078.05784280162,196.0,-715.0,911.0,127.72238801447213,9170.228081524201,True,119723.66187331188,240.0,-824.0,1064.0,168.80133806417507,13905.70659630098,True,94944.63992126701,211.0,-771.0,982.0,150.81522695306398,10918.171879176245,True
2230.629467926983,686534.4006015087,4356880.256711071,3739.536299972265,115.96533576845354,1.850920232148847,29.958222845396076,11999.76596109254,4.0,-231.0,235.0,117.35118612998394,436.1831175247553,True,66807.22731525253,189.0,-715.0,904.0,124.01235743110317,9008.273039713662,True,118035.52330639362,237.0,-829.0,1066.0,163.69948321366053,13698.58027684297,True,92970.62727214089,211.0,-777.0,988.0,146.19948321366053,10738.070651590697,True
2240.6125802709084,686544.298737496,4356878.956927994,3738.126792576217,116.39495362276898,2.2164983285243673,30.040172576293564,11776.852255281487,4.0,-221.0,225.0,117.855149228546,438.0255538887618,True,63877.5561997563,182.0,-717.0,899.0,119.88604179585684,8806.855453991038,True,115764.586667998,236.0,-835.0,1071.0,156.3124519795747,13430.485478454228,True,90386.69223683505,210.0,-784.0,994.0,139.50689642401903,10485.659654190433,True
2250.595692614597,686554.1968734832,4356877.657144918,3747.902513476968,113.41531389222018,3.1201674431245188,28.56673654074745,11301.195338063393,4.0,-211.0,215.0,113.65840919641187,429.0726667363774,True,60876.27754209708,177.0,-726.0,903.0,115.6920472643393,8480.221146920867,True,113551.51385316614,236.0,-840.0,1076.0,150.43153607623697,13033.934728717923,True,87803.38245307154,209.0,-790.0,999.0,133.78192058073364,10109.434432535687,True
2260.5788049584007,686564.0950094706,4356876.357361842,3753.115416624318,111.82642101290776,3.0755398974072357,27.093632987663803,10873.776076551498,4.0,-200.0,204.0,113.3968284777327,419.0789497991932,True,57088.52075617152,174.0,-727.0,901.0,114.2359273454415,8086.339851423545,True,110327.29665600888,235.0,-846.0,1081.0,146.36845331907784,12553.589724333062,True,84349.45715394852,206.0,-796.0,1002.0,130.25734220796676,9659.088305234443,True
2270.561917302326,686573.9931454579,4356875.057578765,3757.3704176064966,110.52949671353986,3.521477305830921,25.92888638517825,10107.551639792193,4.0,-190.0,194.0,111.77608133929766,415.1371626285206,True,53160.743305849486,172.0,-727.0,899.0,112.82213929620184,7774.60786709331,True,106908.94786575821,236.0,-851.0,1087.0,141.2829464317474,12141.483475595553,True,80677.43111557768,204.0,-802.0,1006.0,123.46629779300633,9277.782005013738,True
2280.54502964613,686583.8912814453,4356873.757795689,3758.967632777195,110.04266552951094,2.827535035467389,25.336999585445557,9410.975831102878,4.0,-181.0,185.0,112.07705401483122,411.09592962852525,True,49408.250919555394,169.0,-707.0,876.0,113.28528370782328,7593.882521324828,True,103511.20942760674,236.0,-856.0,1092.0,137.70509704782364,11911.782175446337,True,77065.76873310292,203.0,-803.0,1006.0,120.57973893488816,9076.251144039485,True
2290.5281419898183,686593.7894174325,4356872.458012613,3761.948263650334,109.13416923937825,4.345374433103673,25.37348516615256,8828.551034389582,4.0,-173.0,177.0,110.42555225251272,410.5784939467735,True,46025.65157399081,167.0,-691.0,858.0,111.29856690352699,7568.788263581371,True,100179.96360180517,236.0,-864.0,1100.0,134.69662618346968,11815.572114142753,True,73378.15508531814,200.0,-810.0,1010.0,116.1822527307902,9004.686226959451,True
2300.511254333622,686603.6875534198,4356871.158229536,3771.1090679091976,106.34195610127654,3.3080999729386176,26.821815595126,8517.42577638077,4.0,-168.0,172.0,107.69959995249314,398.3215266579066,True,43036.23751826601,166.0,-649.0,815.0,108.3457511935826,7608.027047108035,True,96748.3668813821,232.0,-872.0,1104.0,129.46419435301016,11732.32909635079,True,69641.70246954137,195.0,-814.0,1009.0,108.3457511935826,8997.783950043753,True
2310.4943666775475,686613.5856894072,4356869.858446459,3781.3210001661355,103.22935914936193,0.0034921517774765755,29.56596985929173,8509.908046198907,4.0,-165.0,169.0,104.32502288760884,385.52646233204223,True,40622.11988039037,165.0,-632.0,797.0,104.49748729895532,7388.377356845462,True,93773.11468175444,228.0,-880.0,1108.0,126.2261611749725,11375.230933990657,True,66246.67972904435,190.0,-820.0,1010.0,107.05541144431254,8712.230243908436,True
2320.477479021236,686623.4838253944,4356868.558663383,3790.712802825217,100.36673769887398,0.7616155098103192,31.246146974786104,8590.702157589614,4.0,-159.0,163.0,101.55262664029988,374.86725887876037,True,38494.24086947512,161.0,-615.0,776.0,102.32438644470312,7264.3425704911,True,90990.17050541668,225.0,-886.0,1111.0,122.48607435051883,11119.168693776486,True,63095.773808360056,186.0,-823.0,1009.0,109.17050924462183,8532.133657715154,True
2330.46059136504,686633.3819613818,4356867.258880307,3787.992731076943,101.19581556774779,1.3753829428422182,31.98456669666722,8730.068095457285,4.0,-153.0,157.0,102.34011497004349,378.29510839054615,True,36692.78106560458,156.0,-598.0,754.0,103.12728619753375,7319.507363489991,True,88339.57254692365,223.0,-893.0,1116.0,118.62425132679141,11011.561902327228,True,60193.784380646764,179.0,-831.0,1010.0,108.5256518046292,8506.391378106473,True
2340.443703708965,686643.2800973691,4356865.95909723,3765.725724158344,107.98279927653675,5.973440457607112,30.894087362494098,9060.499359530522,4.0,-149.0,153.0,108.7564719441475,406.35812815857,True,35526.191896306394,147.0,-579.0,726.0,109.27488828363767,7519.7472761021245,True,85854.10892511644,223.0,-895.0,1118.0,118.29195447307234,10991.95119297365,True,57629.1035613376,174.0,-831.0,1005.0,109.6229846537185,8606.05311068787,True
2350.4268160526535,686653.1782333563,4356864.659314154,3766.495963668583,107.74803027381586,6.230222007646688,32.896811320450425,9166.70256963612,4.0,-145.0,149.0,107.98653123387953,405.2408132807459,True,34076.8468340393,141.0,-556.0,697.0,108.72989384621792,7475.180384974999,True,,220.0,,,,,False,54536.90815335918,168.0,-830.0,998.0,112.7766464447559,8490.82733829661,True
2360.4099283964574,686663.0763693437,4356863.359531078,3760.9116876407297,109.45011760710554,7.222333189949717,33.694480201430046,9268.939892452854,4.0,-140.0,144.0,110.203863496866,414.7633323342948,True,32321.542448130236,141.0,-533.0,674.0,110.39210388614651,7524.7428430831405,True,,219.0,,,,,False,50969.22807964272,162.0,-828.0,990.0,115.40291167987698,8462.02072245412,True
2370.3930407402613,686672.974505331,4356862.059748001,3764.3063477386504,108.41542520925941,7.7637323290257845,34.66419092237048,9266.120031907547,4.0,-136.0,140.0,109.01505907353953,410.3540036318966,True,30451.255397503854,134.0,-510.0,644.0,109.82587854244821,7462.550425590766,True,,217.0,,,,,False,47057.70097213224,158.0,-690.0,848.0,115.20279704482641,8339.621628739607,True
2380.376153084071,686682.8726413182,4356860.759964924,3766.2532548634827,107.82200791761056,6.8852648217134185,35.396059430751386,9235.29850274435,4.0,-132.0,136.0,108.49055055154736,404.04201739517794,True,28536.434565868894,131.0,-492.0,623.0,109.13016518844233,7360.574979946881,True,,216.0,,,,,False,43825.248603297616,153.0,-668.0,821.0,116.16158949584565,8174.677071800882,True
2390.359265427875,686692.7707773056,4356859.460181848,3769.8299418183624,106.7318337337631,4.4493835613076556,34.31430357553589,9101.660858783394,4.0,-128.0,132.0,108.41324013323197,399.39577158571865,True,26618.792119913865,128.0,-480.0,608.0,112.87335825594755,7204.427194994835,True,,215.0,,,,,False,40648.868711585674,149.0,-653.0,802.0,119.30192968451888,7975.779471843005,True
2400.342377771679,686702.6689132929,4356858.160398772,3766.475799782173,107.75417622639361,5.886917456024777,30.896385526174733,8907.06379622149,4.0,-123.0,127.0,109.51665534378003,403.56507629891917,True,24724.845939639803,125.0,-469.0,594.0,114.44580705734415,6938.267122241042,True,,201.0,,,,,False,37568.135035731655,145.0,-636.0,781.0,120.24937848591549,7677.56346171078,True
2410.325490115604,686712.5670492803,4356856.860615695,3760.453998550063,109.5896212419409,8.514063805647698,25.106325666461185,8653.303484578995,4.0,-119.0,123.0,111.17889788832258,410.6592230725273,True,21006.6479543413,123.0,-201.0,324.0,114.14929452112119,6738.129462477981,True,,192.0,,,,,False,34638.093144584374,142.0,-595.0,737.0,119.38336150245027,7449.809484830828,True
2420.3086024592926,686722.4651852675,4356855.560832619,3754.085554908377,111.53072286392671,7.671589708731875,18.727758110016737,8406.334562398972,4.0,-116.0,120.0,113.31019906364122,418.60943976926796,True,20526.159734197536,121.0,-187.0,308.0,114.58420421317737,6984.691639632616,True,,185.0,,,,,False,32406.661201055405,139.0,-546.0,685.0,119.16728245745549,7666.705852368823,True
2430.2917148030965,686732.3633212548,4356854.261049543,3744.680433646712,114.39740382448213,11.928948402453878,12.176010355262806,8213.353551726925,4.0,-112.0,116.0,116.00716423599397,429.81970911709413,True,19961.98253917826,120.0,-176.0,296.0,117.08358784552024,7005.164069455513,True,,177.0,,,,,False,30528.613495346784,136.0,-505.0,641.0,120.63653861866146,7668.013388348304,True
2440.2748271469004,686742.2614572422,4356852.961266466,3735.3488768290117,117.2416623425172,15.072748783251123,5.000731041345239,7967.964664837009,4.0,-107.0,111.0,118.96323254222443,441.6657927030037,True,19518.939051237474,118.0,-171.0,289.0,120.1449539260982,7162.554417631111,True,,171.0,,,,,False,29138.893291093318,133.0,-483.0,616.0,121.88543022489785,7800.011870643233,True
2450.25793949071,686752.1595932294,4356851.661483389,3722.061195749763,121.29174753547227,18.36024679007459,1.924788731618994,7694.0675760502145,4.0,-103.0,107.0,122.47047766890296,459.04941745217434,True,19148.194795801355,117.0,-165.0,282.0,123.38596054919549,7416.878050194479,True,40486.92194096048,164.0,-719.0,883.0,124.69258990607887,9279.275537260562,True,27888.848842617088,132.0,-469.0,601.0,123.38596054919549,8039.369235834629,True
2460.241051834514,686762.0577292168,4356850.361700313,3709.500020824031,125.12039365283545,22.36832851532983,8.656407458551387,7405.107940058114,4.0,-100.0,104.0,126.3659139136214,475.2385807907176,True,18750.781075009276,117.0,-160.0,277.0,127.41677459074776,7626.142224298155,True,37549.151671695305,158.0,-686.0,844.0,127.41677459074776,9400.70363692788,True,26541.91485879549,129.0,-455.0,584.0,127.41677459074776,8235.172088250203,True
2470.224164178318,686771.9558652041,4356849.061917237,3702.0946482368395,127.37755121741134,23.24996308711034,12.29385224768783,7087.799338967982,4.0,-96.0,100.0,128.43549591550436,482.6520303103696,True,18080.138774025738,116.0,-155.0,271.0,129.1559448508799,7562.853074461721,True,34478.54379370544,153.0,-664.0,817.0,129.31978028656567,9267.122341879662,True,24896.293418666297,127.0,-441.0,568.0,129.1559448508799,8158.8568301427185,True
2480.207276522128,686781.8540011913,4356847.76213416,3702.7693111313574,127.17191396716225,21.723495373753547,17.612943770947023,6581.95155455866,4.0,-88.0,92.0,129.57206815065206,480.77830291519786,True,16908.645936186294,116.0,-142.0,258.0,130.8231064005779,7464.497633259315,True,25827.43007482205,154.0,-429.0,583.0,130.8231064005779,9174.921033982504,True,19348.92366743758,127.0,-296.0,423.0,130.8231064005779,8060.896699612547,True
2488.980164699593,686790.2412581128,4356845.189686239,3703.295351455473,127.01157687637192,18.48564468525583,25.316809490826103,5665.0764939325145,4.0,-79.0,83.0,128.29993207875327,480.3172837977745,True,16323.671435293101,143.0,-132.0,275.0,128.5164190178823,8477.344730609599,True,20850.233210127604,203.0,-172.0,375.0,128.5164190178823,11367.36848260226,True,18081.119113115925,163.0,-148.0,311.0,128.5164190178823,9440.646321788696,True
2498.963277043416,686789.8403037845,4356835.214628961,3726.9441431275886,119.80342517471104,15.260288221166805,7.95060304350846,5937.613913693908,4.0,-91.0,95.0,119.89874304397199,454.3225930495105,True,17694.60990741374,151.0,-140.0,291.0,119.92504531701275,8882.797788890235,True,22449.41380735462,199.0,-172.0,371.0,119.92504531701275,11813.15951494662,True,19659.074094173724,163.0,-158.0,321.0,119.92504531701275,9919.447978340355,True
2508.9463893872435,686789.439349456,4356825.239571683,3747.8820188612376,113.42156065109475,12.506219126767084,6.8974585000940465,5470.3209419069635,4.0,-86.0,90.0,113.42156065109475,429.1971468392619,True,16780.73928743556,144.0,-142.0,286.0,113.44595841356568,8481.754011639598,True,21364.2916783905,199.0,-164.0,363.0,113.44595841356568,11341.229923528927,True,18664.72749016819,162.0,-153.0,315.0,113.44595841356568,9460.529815106369,True
2518.9295017310665,686789.0383951276,4356815.264514405,3762.3533924694507,109.01068597531139,10.558916013314342,5.937331990901388,5058.291372252877,4.0,-83.0,87.0,109.34914702163542,412.4251846446623,True,15764.446946421385,144.0,-138.0,282.0,109.43019596671047,8127.193515585293,True,20279.1414439012,201.0,-162.0,363.0,109.43019596671047,10998.750102570804,True,17585.36026760532,162.0,-150.0,312.0,109.43019596671047,9091.434758567046,True
2528.912614074894,686788.6374407992,4356805.289457127,3775.69709459279,104.9435255681176,8.08146767368626,5.939812985011151,4628.421909098003,4.0,-80.0,84.0,105.83498330223051,397.0032310594231,True,14844.062461916328,143.0,-131.0,274.0,106.28300943485829,7870.629904476931,True,19285.61538765666,200.0,-158.0,358.0,106.28300943485829,10731.541169308359,True,16620.215361360268,162.0,-148.0,310.0,106.28300943485829,8828.932317879186,True
2538.895726418717,686788.2364864708,4356795.31439985,3785.9252803245604,101.825974557074,5.256783405580267,5.795865641107874,4231.761121343138,4.0,-77.0,81.0,103.2776836271812,385.8215415382781,True,13912.870436106434,143.0,-125.0,268.0,103.89976375953665,7561.523370195808,True,18259.670574340023,199.0,-157.0,356.0,103.89976375953665,10420.0953998431,True,15605.600443811769,162.0,-145.0,307.0,103.89976375953665,8517.904373817468,True
2548.8788387625445,686787.8355321423,4356785.339342572,3796.9809240002537,98.45621436472265,2.8661125218175676,6.102897649727659,3865.5572800040536,4.0,-74.0,78.0,99.48412521668797,371.5059508907341,True,13138.59445547868,143.0,-119.0,262.0,100.18017124042512,7364.862098517109,True,17353.253214235483,199.0,-155.0,354.0,100.18017124042512,10227.562538843056,True,14760.375157657909,162.0,-136.0,298.0,100.18017124042512,8324.451743952352,True
2558.8619511063675,686787.434577814,4356775.364285294,3811.582449160624,94.00566949584186,0.27104245823332007,6.111110574594167,3501.7469283968976,4.0,-71.0,75.0,95.51536512085659,354.8128156733885,True,12327.733520254895,143.0,-113.0,256.0,96.33665432729845,7099.561088273901,True,16413.35035583056,199.0,-150.0,349.0,96.33665432729845,9963.540734248705,True,13886.825643907589,162.0,-130.0,292.0,96.33665432729845,8060.095500023984,True
2568.8450634501905,686787.0336234856,4356765.389228016,3823.4251216242974,90.39602292891414,1.2896369948065272,6.225188321140051,3183.697098708152,4.0,-69.0,73.0,91.59401375465245,339.6931951878996,True,11450.44137336596,143.0,-107.0,250.0,92.15856952523495,6694.114024230836,True,15435.316831275577,201.0,-142.0,343.0,92.15856952523495,9563.320108935399,True,12945.348955954429,162.0,-124.0,286.0,92.15856952523495,7652.510776252198,True
2578.828175794018,686786.6326691571,4356755.414170738,3838.2174971655854,85.88730686392955,2.2150590861041066,6.174755841089713,2912.0968362368267,4.0,-64.0,68.0,86.1936339117724,319.76581609445384,True,10612.79543408845,143.0,-102.0,245.0,86.58207581629676,6245.02692659633,True,14489.52043762811,202.0,-137.0,339.0,86.58207581629676,9116.890254364462,True,12051.571421107885,162.0,-117.0,279.0,86.58207581629676,7202.5816874574375,True
2588.811288137841,686786.2317148288,4356745.4391134605,3855.2375442993516,80.69959649755765,3.5805807002658017,5.308222314377459,2665.4238537840065,4.0,-61.0,65.0,81.29103756099835,299.584035905252,True,9734.665965352015,143.0,-99.0,242.0,81.70264442681378,5711.94537369771,True,13560.867134955672,204.0,-135.0,339.0,81.70264442681378,8609.608764551582,True,11136.398170357264,162.0,-112.0,274.0,81.70264442681378,6669.884152186711,True
2598.7944004816686,686785.8307605003,4356735.464056183,3867.4708375541995,76.97088871348001,3.82373553926113,4.509009371083536,2451.4913363283167,4.0,-58.0,62.0,77.10141978217894,283.8494818613756,True,8882.793474870468,142.0,-97.0,239.0,77.10141978217894,5176.028007213398,True,12758.004989192783,216.0,-133.0,349.0,77.10141978217894,8185.508727177914,True,10260.209736885517,163.0,-108.0,271.0,77.10141978217894,6135.23077232732,True
2608.7775128254916,686785.4298061719,4356725.488998905,3882.017516310834,72.53706102845786,7.121426215036531,3.950394552892752,2267.6031721749,4.0,-56.0,60.0,72.99977987187958,266.6680972196805,True,8421.59944852888,141.0,-94.0,235.0,73.39745064140857,4987.816148303185,True,12370.80956111609,223.0,-123.0,346.0,73.39745064140857,8141.101548673403,True,9767.46995472593,165.0,-105.0,270.0,73.39745064140857,5940.293209005125,True
2618.7606251693146,686785.0288518436,4356715.513941627,3892.107799156508,69.46154281709642,9.434887593369078,4.038692932974199,2123.3841909293697,4.0,-53.0,57.0,70.0426459513294,254.62271461371643,True,8127.380807310168,141.0,-91.0,232.0,70.49895853345265,4935.158975818693,True,12263.529783000731,231.0,-114.0,345.0,70.49895853345265,8336.017330172626,True,9492.971411799956,172.0,-101.0,273.0,70.49895853345265,5932.351568777778,True
2628.743737513142,686784.6278975151,4356705.538884349,3897.748839035816,67.74215386188325,11.51732673804795,4.585137280224485,2004.9030503544586,4.0,-51.0,55.0,68.28364935502668,247.70248885935962,True,7940.687012098014,141.0,-88.0,229.0,68.65086346650992,4960.118199650276,True,12270.479089389391,239.0,-110.0,349.0,68.65086346650992,8606.953487160854,True,9364.3302390639,181.0,-98.0,279.0,68.65086346650992,6041.612447169537,True
2638.726849856965,686784.2269431867,4356695.563827071,3901.3657864845063,66.63970827952244,13.805311256664503,5.794600913569295,1946.5721270455867,4.0,-51.0,55.0,67.17011572602678,243.33181837416623,True,7901.013705708796,143.0,-84.0,227.0,67.59496659832257,5057.969356465667,True,12381.450050421805,245.0,-106.0,351.0,67.59496659832257,8905.021983432856,True,9334.93021814308,187.0,-95.0,282.0,67.59496659832257,6174.503219278213,True
2648.7099622007927,686783.8259888582,4356685.5887697935,3904.9262782413393,65.55447039203978,15.929394170519146,6.626032168566292,1888.7360997389765,4.0,-50.0,54.0,66.24630299347291,239.26617162031403,True,7942.071799140826,147.0,-81.0,228.0,66.65920731450251,5205.24552582369,True,12533.581590190155,255.0,-101.0,356.0,66.65920731450251,9212.070949555822,True,9360.120205162377,187.0,-91.0,278.0,66.65920731450251,6330.219922796607,True
2658.6930745446157,686783.4250345299,4356675.613712516,3906.6655325353386,65.02434568322883,16.594859552407467,7.675781430497709,1869.9646446949862,4.0,-49.0,53.0,65.78600376291229,237.23356240841872,True,8008.006992232912,151.0,-79.0,230.0,66.17954698142375,5345.086298872361,True,12811.212869990664,270.0,-99.0,369.0,66.17954698142375,9590.383550821914,True,9461.455028978298,185.0,-89.0,274.0,66.17954698142375,6520.212577496325,True
2668.6761868884387,686783.0240802015,4356665.638655238,3906.4089613472693,65.10254858135227,16.523916338616047,8.921902951626805,1838.152289414062,4.0,-48.0,52.0,65.8973263025473,237.64444713192802,True,8125.462203943895,157.0,-77.0,234.0,66.45514067310614,5538.384817715994,True,12904.265586979716,267.0,-95.0,362.0,66.45514067310614,9799.160826602321,True,9627.641426379225,189.0,-86.0,275.0,66.45514067310614,6780.6973428820675,True
2678.659299232266,686782.623125873,4356655.66359796,3904.7043355425512,65.6221185266304,16.478612163492226,10.252006506097718,1829.7050267350867,4.0,-47.0,51.0,66.5389777962423,239.95531184592937,True,8286.134395673722,160.0,-75.0,235.0,67.11142925330455,5747.123204911623,True,13048.999179972983,256.0,-92.0,348.0,67.11142925330455,10021.686855389908,True,9860.803172944714,196.0,-84.0,280.0,67.11142925330455,7075.814373453449,True
2688.642411576089,686782.2221715447,4356645.688540682,3902.2161150893826,66.38052812075625,16.630570865779855,11.894344005999367,1830.162613263847,4.0,-47.0,51.0,67.27450202523232,242.8925839995586,True,8341.380434741535,157.0,-73.0,230.0,67.88512725560577,5837.954021753812,True,12773.84335298148,246.0,-89.0,335.0,67.88512725560577,9811.081559072041,True,9798.247930886428,188.0,-81.0,269.0,67.88512725560577,7062.254445855372,True
2698.6255239199168,686781.8212172162,4356635.713483404,3899.9050051937193,67.08495441695436,16.619751166636952,13.289084451196018,1826.9278990631874,4.0,-46.0,50.0,68.21456716240777,246.2431237686128,True,8366.66418973125,151.0,-72.0,223.0,68.91929761026518,5898.246084560325,True,12482.673686610848,239.0,-86.0,325.0,68.91929761026518,9577.932538618923,True,9709.366056968032,178.0,-79.0,257.0,68.91929761026518,7019.184627203283,True
2708.6086362637398,686781.4202628878,4356625.738426127,3900.728676007,66.83389955306643,17.661901445140842,14.142317713557905,1799.9098535737323,4.0,-46.0,50.0,67.83632470476778,244.8962892992804,True,8369.524208919316,144.0,-70.0,214.0,68.83591371464695,5953.402235283716,True,12213.09371045639,232.0,-84.0,316.0,68.83591371464695,9379.330359523157,True,9577.303295509333,168.0,-78.0,246.0,68.83591371464695,6948.474398451121,True
2718.5917486075627,686781.0193085595,4356615.763368849,3901.4045400562236,66.62789619086311,16.77397427197755,14.691980632421993,1763.7548565660659,4.0,-45.0,49.0,67.95624710468655,244.7624611270162,True,8166.1365802113705,139.0,-69.0,208.0,68.89114789580822,5814.706553605944,True,11810.135105439673,228.0,-82.0,310.0,68.89114789580822,9060.256608014912,True,9285.328337022147,162.0,-76.0,238.0,68.89114789580822,6730.330905154524,True
2728.57486095046,686780.618354231,4356605.788311572,3899.2185986488985,67.2941711318158,15.029935007012888,15.679685554908719,1765.6381627226801,4.0,-45.0,49.0,68.71540087517997,247.64472872202646,True,7896.643435863763,134.0,-68.0,202.0,69.575966385117,5563.992932294594,True,11436.124194666212,224.0,-81.0,305.0,69.575966385117,8716.386660965014,True,8964.997897847392,160.0,-75.0,235.0,69.575966385117,6434.438348550252,True
2738.557973294283,686780.2173999026,4356595.813254294,3893.962934520228,68.89609755823449,15.691841571453118,17.13495108133668,1824.840278606544,4.0,-44.0,48.0,69.90351896385278,253.21997626731718,True,7690.506947990964,131.0,-68.0,199.0,70.50393789002351,5312.2380372143725,True,11184.728485838688,220.0,-81.0,301.0,70.50393789002351,8420.807859023083,True,8737.226036384229,160.0,-75.0,235.0,70.50393789002351,6161.985082339247,True
2748.5410856381104,686779.8164455742,4356585.838197016,3904.6459369173895,65.63991842757969,17.737274527991485,15.873475472692391,1766.0676055596132,4.0,-45.0,49.0,66.53084592190885,239.9608680430481,True,7434.583051754961,129.0,-69.0,198.0,67.07596691802064,5088.98997021523,True,10875.90020996831,217.0,-81.0,298.0,67.07596691802064,8138.68140971796,True,8473.066403826617,161.0,-75.0,236.0,67.07596691802064,5926.2711593582935,True
2758.5241979819334,686779.4154912458,4356575.863139738,3911.9599428625884,63.41060941548312,18.076551261249765,14.853372528085695,1647.8994724334605,4.0,-43.0,47.0,64.36763021119827,231.1897736627966,True,7121.445478728314,127.0,-67.0,194.0,65.03691892013399,4935.766811962549,True,10429.530500055025,213.0,-80.0,293.0,65.03691892013399,7873.304408908798,True,8121.397591007636,159.0,-73.0,232.0,65.03691892013399,5746.994017992771,True
2768.507310325761,686779.0145369173,4356565.8880824605,3915.086014374525,62.45778281864477,16.9863980806143,15.476016363202161,1588.126425977973,4.0,-42.0,46.0,63.539882857878865,227.62862631640155,True,6925.110369903636,123.0,-64.0,187.0,64.20856058082586,4836.940860848795,True,10037.448544998519,206.0,-77.0,283.0,64.20856058082586,7606.279340367513,True,7857.179541162039,154.0,-71.0,225.0,64.20856058082586,5594.154920530638,True
2778.490422669584,686778.613582589,4356555.913025183,3914.8237966155693,62.537706791574465,14.496970086382087,16.97055029914218,1567.2740705096085,4.0,-41.0,45.0,63.67247993958267,227.98910686400177,True,6824.975069084402,120.0,-63.0,183.0,64.47816945707882,4789.764778502681,True,9747.348999648755,202.0,-74.0,276.0,64.47816945707882,7393.386582297348,True,7690.1091755376765,146.0,-68.0,214.0,64.47816945707882,5491.5313798889665,True
2788.473535013407,686778.2126282606,4356545.937967905,3911.3164003279276,63.60676118004767,10.355728413855445,19.161489107177093,1587.8960783930443,4.0,-41.0,45.0,65.04481162629622,232.98414232069604,True,6764.166184161551,117.0,-61.0,178.0,65.90426683599003,4726.912819649902,True,9511.82546530885,198.0,-72.0,270.0,65.90426683599003,7170.71370154851,True,7581.198018927327,141.0,-67.0,208.0,65.90426683599003,5387.826189709285,True
2798.4566473572345,686777.8116739321,4356535.962910627,3902.597779616011,66.26419677303988,6.2516772909215215,21.540805403260045,1649.5130020985234,4.0,-41.0,45.0,67.97693096802482,244.08596479327775,True,6629.9936183932,113.0,-61.0,174.0,68.87270421846347,4549.318597353542,True,9230.470317474148,194.0,-71.0,265.0,68.87270421846347,6853.503507902511,True,7397.1003759047,137.0,-66.0,203.0,68.87270421846347,5163.841222857119,True
2808.4397597010575,686777.4107196038,4356525.987853349,3900.5029402715872,66.9027038052202,5.338130105069164,21.753280738186977,1637.6554692825855,4.0,-41.0,45.0,68.00622656354926,245.64296109677957,True,6247.69015025042,110.0,-61.0,171.0,68.49010345432066,4178.200421766667,True,8711.035128707616,190.0,-70.0,260.0,68.49010345432066,6346.543985995174,True,6982.078290043488,134.0,-66.0,200.0,68.49010345432066,4760.350424179793,True
2818.4227017591493,686777.1531683303,4356516.008234144,3909.5773885577064,64.13681196761104,6.396368411997546,21.571184693792105,1597.302474104307,4.0,-41.0,45.0,64.45830166104656,230.90697774175987,True,5778.33446755241,107.0,-61.0,168.0,64.45830166104656,3736.786113161662,True,8129.9230522173,187.0,-70.0,257.0,64.45830166104656,5794.224055672798,True,6491.8537593713445,132.0,-66.0,198.0,64.45830166104656,4298.509361111123,True
2828.405814103016,686776.9193020124,4356506.027861475,3926.412159105764,59.00557390456311,7.718958227164724,21.5605648251773,1586.1548260675397,4.0,-42.0,46.0,59.11391576570395,211.31851974979645,True,5411.21525784165,105.0,-61.0,166.0,59.17681152706973,3355.6728179207757,True,7676.47118467957,185.0,-70.0,255.0,59.17681152706973,5328.8141158507415,True,6108.2448513656345,130.0,-65.0,195.0,59.17681152706973,3901.602202714499,True
2838.3883589678235,686776.5288188927,4356496.052956718,3943.158670716452,53.90123716562539,8.989908363686453,19.444774906161967,1482.1194847242452,4.0,-42.0,46.0,54.03351247183241,191.4298368936561,True,5025.883513377314,105.0,-61.0,166.0,54.25139624196527,3041.943979146128,True,7235.252694059692,185.0,-71.0,256.0,54.25139624196527,4957.679670022558,True,5713.4343412519875,128.0,-65.0,193.0,54.25139624196527,3578.0871499261802,True
2848.3714713116215,686776.0660810897,4356486.080574566,3949.798867328328,51.87730523832556,9.945949827138742,17.550206845992896,1377.3423741887084,4.0,-42.0,46.0,52.07262577348388,183.48487516068212,True,4724.018580172466,104.0,-61.0,165.0,52.270041152834665,2824.2744783185935,True,6905.481764515425,186.0,-70.0,256.0,52.270041152834665,4704.731131559094,True,5405.781018463979,127.0,-67.0,194.0,52.270041152834665,3350.924320696756,True
2858.3545836554194,686775.6033432867,4356476.108192413,3953.7187812987945,50.68251546012743,11.302257948415736,15.755007468715702,1299.1741459539423,4.0,-40.0,44.0,50.90669678800123,178.76544400885086,True,4510.001950504684,105.0,-62.0,167.0,51.12034999872185,2712.9028776145237,True,6759.813883569117,191.0,-71.0,262.0,51.12034999872185,4656.083503356387,True,5209.684105089207,128.0,-67.0,195.0,51.12034999872185,3253.7245374030294,True
2868.337695999212,686775.1406054838,4356466.135810261,3958.2606462724066,49.29815501617054,13.028500055435636,14.374309120991725,1210.9611048263796,4.0,-39.0,43.0,49.662125834847075,173.51131767698962,True,4352.80487841608,108.0,-59.0,167.0,49.830886008722246,2696.268400184087,True,6709.307533132326,204.0,-68.0,272.0,49.830886008722246,4775.270070173513,True,5067.812635633772,131.0,-64.0,195.0,49.830886008722246,3268.858062334346,True
2878.32080834301,686774.6778676808,4356456.163428108,3962.9215054277443,47.87752514562362,14.629457570543945,15.215233017187307,1129.850955330032,4.0,-37.0,41.0,48.47398349964192,168.32592649421622,True,4324.431438253068,112.0,-56.0,168.0,48.9155105686084,2788.8222495153723,True,6869.728298271941,225.0,-66.0,291.0,48.9155105686084,5080.212036285977,True,5072.761453622481,136.0,-61.0,197.0,48.9155105686084,3407.0064771395714,True
2888.303920686808,686774.2151298778,4356446.191045956,3965.289987810827,47.155611715259965,16.067848462482786,15.984763269743837,1071.8669568131754,4.0,-36.0,40.0,47.96612671344815,165.85474764273886,True,4452.73431787947,117.0,-55.0,172.0,48.48473581079975,3007.3265236953084,True,7280.300496059099,233.0,-63.0,296.0,48.48473581079975,5599.0126332075615,True,5243.077121020703,142.0,-59.0,201.0,48.48473581079975,3676.5781026354844,True
2898.2870330306005,686773.7523920749,4356436.218663803,3965.381657809415,47.12767069969027,18.253755945255964,16.893682526799793,1038.0830790173118,4.0,-35.0,39.0,47.8414709939193,165.5527456329819,True,4670.076493417704,124.0,-53.0,177.0,48.45203249396832,3282.0769034892146,True,7679.1784998201065,224.0,-61.0,285.0,48.45203249396832,6068.514889640778,True,5519.994402852335,147.0,-57.0,204.0,48.45203249396832,4017.5364163236086,True
2908.2701453743985,686773.2896542719,4356426.246281651,3964.439156660455,47.41494504989328,20.573108395774213,17.8043706413105,1028.6999624798225,4.0,-35.0,39.0,48.2119713805489,166.85143695652278,True,4907.410233575289,129.0,-53.0,182.0,48.78883244444296,3543.7894365798993,True,8041.31008637917,216.0,-61.0,277.0,48.78883244444296,6459.537708927154,True,5826.827253458123,155.0,-57.0,212.0,48.78883244444296,4350.860800576992,True
2918.2532577181964,686772.8269164689,4356416.273899498,3962.4051012628515,48.03492513508286,22.29534660459425,18.3613926742487,1033.3393140404762,4.0,-35.0,39.0,49.07734147991869,169.955107066241,True,5045.123373091308,131.0,-52.0,183.0,49.65877890042816,3685.8140731909098,True,8222.31593592903,207.0,-60.0,267.0,49.65877890042816,6648.760310704786,True,6040.039601399447,163.0,-56.0,219.0,49.65877890042816,4570.811253736425,True
2928.236370061989,686772.364178666,4356406.301517346,3960.339151498344,48.664626623304684,19.68862583721707,18.624590558757255,1057.1852209193405,4.0,-35.0,39.0,49.90063905893794,172.745526038065,True,4999.365805824269,123.0,-52.0,175.0,50.666639708412504,3617.5267025345183,True,7802.687891030137,198.0,-61.0,259.0,50.666639708412504,6204.65513724058,True,5884.59836786117,152.0,-57.0,209.0,50.666639708412504,4392.488884120878,True
2938.219482405787,686771.901440863,4356396.3291351935,3954.615176964566,50.40929406120017,14.608993059325416,18.703944761089833,1120.4012208881418,4.0,-36.0,40.0,51.538079213747324,179.52027599348662,True,4939.258653622082,115.0,-54.0,169.0,52.192943377182246,3467.0719211371456,True,7414.630414310805,188.0,-62.0,250.0,52.192943377182246,5712.316049842866,True,5737.470085623644,142.0,-58.0,200.0,52.192943377182246,4146.8901840015205,True
2948.2025947495795,686771.4387030602,4356386.356753041,3947.028983773748,52.72156574576161,9.270538744011064,19.506589062545938,1226.3539667003338,4.0,-38.0,42.0,53.762101724387776,188.71917148024045,True,4946.018888205601,108.0,-57.0,165.0,54.417157689817714,3322.5722528682227,True,7148.645759758626,177.0,-65.0,242.0,54.417157689817714,5271.347446114239,True,5674.804685549621,135.0,-61.0,196.0,54.417157689817714,3920.247746619222,True
2958.1857070933775,686770.9759652572,4356376.384370889,3937.7185509902074,55.55938565818474,5.2778845652010995,23.10546673260715,1326.0960791921436,4.0,-38.0,42.0,56.46133628680923,199.60485542088145,True,4724.8879565436255,102.0,-55.0,157.0,57.08365321471865,3021.9120979340373,True,6683.01923983854,163.0,-63.0,226.0,57.08365321471865,4741.966558216306,True,5372.739846602117,127.0,-59.0,186.0,57.08365321471865,3546.33144631699,True
2968.1688194371754,686770.5132274542,4356366.411988736,3948.4580252187843,52.28599391331454,6.272252366079008,23.17930844225455,1284.1683942930745,4.0,-37.0,41.0,52.75437804754233,185.56911984355224,True,4241.240121437973,97.0,-54.0,151.0,53.199506938957256,2590.131960049715,True,5990.894302140564,155.0,-61.0,216.0,53.199506938957256,4113.390718912931,True,4823.355745286872,120.0,-58.0,178.0,53.199506938957256,3054.896604589039,True
2978.151931780968,686770.0504896513,4356356.439606584,3963.8199998609025,47.603664042396986,8.246394351915402,21.15765289373376,1178.737815842404,4.0,-37.0,41.0,47.917658838296575,166.6540771663192,True,3719.4957503694022,91.0,-53.0,144.0,48.20358008099561,2168.882102943877,True,5307.98834010841,148.0,-61.0,209.0,48.20358008099561,3534.308822058092,True,4244.841844535333,113.0,-58.0,171.0,48.20358008099561,2579.184174527899,True
2988.135044124766,686769.5877518483,4356346.467224431,3979.08648420457,42.95043961444708,10.336110993907187,18.37508261409755,1042.7983577969633,4.0,-39.0,43.0,43.126082071565406,147.76523141219718,True,3284.3195841624797,86.0,-55.0,141.0,43.39286516122911,1820.256579303234,True,4739.262540354863,141.0,-62.0,203.0,43.39286516122911,3040.6991050852776,True,3768.9368829984273,107.0,-59.0,166.0,43.39286516122911,2183.159483872064,True
2998.118156468564,686769.1250140453,4356336.494842279,3993.867076260389,38.44531515583344,12.157611349547196,14.671356335582416,837.1592542828944,4.0,-36.0,40.0,38.78718966526117,130.11389810677247,True,2830.3173175683833,82.0,-55.0,137.0,39.03449711441658,1546.0745893350827,True,4158.111116976035,134.0,-63.0,197.0,39.03449711441658,2636.2780030585827,True,3275.3417549739643,100.0,-59.0,159.0,39.03449711441658,1868.5284957851718,True
3008.1012688123565,686768.6622762424,4356326.522460126,4006.7979390178325,34.50398818736471,13.547916043572254,11.18810999009331,675.8379211317517,4.0,-30.0,34.0,34.88963122026348,114.44933204878885,True,2384.609706450204,79.0,-55.0,134.0,35.21516680789978,1346.418768953223,True,3597.5298743467933,128.0,-62.0,190.0,35.21516680789978,2323.979747765179,True,2797.384440253887,95.0,-59.0,154.0,35.21516680789978,1636.4777094725516,True
3018.0843811561544,686768.1995384394,4356316.550077974,4019.1384801505365,30.742591250116448,14.532038714957745,8.24203401907889,548.5867609036732,4.0,-27.0,31.0,31.188063429546446,99.43508620559146,True,1979.0416540842948,75.0,-47.0,122.0,31.731568875653693,1190.626697915816,True,3064.1638159470804,124.0,-62.0,186.0,31.731568875653693,2083.3829484402004,True,2334.230174450505,91.0,-53.0,144.0,31.731568875653693,1454.781779850372,True
3028.067493499947,686767.7368006365,4356306.577695821,4029.0277402382403,27.728344775384357,15.315187610993618,8.078803729870973,457.8250941759495,4.0,-24.0,28.0,28.5876703937181,88.1714907699868,True,1697.999920035312,72.0,-41.0,113.0,29.252430641663977,1044.9462135227961,True,2654.2505970843436,120.0,-50.0,170.0,29.252430641663977,1865.1837589562695,True,2005.6850491157877,88.0,-45.0,133.0,29.252430641663977,1285.364513803057,True
3038.050605843745,686767.2740628335,4356296.605313669,4038.8662211099595,24.729575805684362,16.258810395757227,8.495741043539018,365.9343778597929,4.0,-21.0,25.0,25.42238907089154,75.90680846326768,True,1404.3737054980907,69.0,-35.0,104.0,25.911014620379547,902.8304881306829,True,2266.7058691809907,117.0,-43.0,160.0,25.911014620379547,1666.8934290523569,True,1670.2726192225061,84.0,-39.0,123.0,25.911014620379547,1121.919124604914,True
3048.033718188473,686766.8113250305,4356286.632931516,4048.0849198879196,21.919716418162125,17.300238749766375,9.185033105005722,297.7207428584654,4.0,-18.0,22.0,22.64724261204651,64.76043446657332,True,1156.8593520364996,65.0,-30.0,95.0,23.19092919912896,758.3380634034779,True,1948.9727012836956,116.0,-36.0,152.0,23.19092919912896,1479.856642177132,True,1386.6494700941134,80.0,-33.0,113.0,23.19092919912896,954.0193364188583,True
3058.0168305322654,686766.3485872276,4356276.660549363,4056.8392594741676,19.25139371227374,18.628188751021526,10.181558958133948,239.41037948103144,4.0,-16.0,20.0,20.124499498594105,54.4013296526482,True,933.3254215102202,61.0,-25.0,86.0,20.7266611877767,618.2457373097266,True,1688.6925610615717,120.0,-30.0,150.0,20.7266611877767,1324.8604991677512,True,1131.330449840111,78.0,-27.0,105.0,20.7266611877767,793.5825600369583,True
3067.9999428760634,686765.8858494246,4356266.688167211,4063.5930062323237,17.19285170038779,20.062624466757665,11.395443997795356,197.6676060233665,4.0,-14.0,18.0,17.97130102289566,45.85956636583046,True,768.7720114164995,56.0,-22.0,78.0,18.62760131593177,509.43656579351773,True,1502.5607229083585,124.0,-26.0,150.0,18.62760131593177,1205.6341022711076,True,941.6962671935696,75.0,-24.0,99.0,18.62760131593177,665.0571837588436,True
3077.9830552198614,686765.4231116216,4356256.715785058,4069.0501898731973,15.529502126649504,21.13084712963273,12.881851243948475,172.235296553544,4.0,-13.0,17.0,16.462530071139327,39.57084821866488,True,674.1967813620486,55.0,-20.0,75.0,17.127355371070507,445.5031267489908,True,1440.6077168312222,133.0,-23.0,156.0,17.127355371070507,1179.9523496221743,True,834.0118719527454,74.0,-22.0,96.0,17.127355371070507,590.8370920279017,True
3087.966167563654,686764.9603738188,4356246.743402906,4070.7785756507647,15.002690141647008,22.158593363983154,14.956634949984434,163.62055446602585,4.0,-13.0,17.0,15.874850039396051,37.305576752540446,True,642.9919634845055,56.0,-19.0,75.0,16.572371571960275,426.38437597985785,True,1485.1101639763988,174.0,-22.0,196.0,16.572371571960275,1239.083111245602,True,801.0333712215256,75.0,-21.0,96.0,16.572371571960275,571.2741139043351,True
3097.949279907452,686764.4976360158,4356236.771020753,4069.89447682497,15.272163463749166,22.03440775047262,16.54016820776272,167.1782094807263,4.0,-13.0,17.0,16.325104468191512,38.807267414759735,True,667.105065266644,57.0,-19.0,76.0,16.98861788876502,447.9462642403241,True,1512.0694046564633,153.0,-22.0,175.0,16.98861788876502,1263.4833207832696,True,833.4780724606519,79.0,-21.0,100.0,16.98861788876502,601.0989172869522,True
3107.9323922512444,686764.0348982129,4356226.798638601,4067.2240755665107,16.08610176732759,21.76828732984099,17.790445621608338,178.34003029043834,4.0,-13.0,17.0,17.287544647014784,42.350274290439756,True,737.5219117008453,59.0,-20.0,79.0,18.064911207958858,509.15883258285066,True,1582.3881905333405,124.0,-22.0,146.0,18.064911207958858,1324.3771557938953,True,916.8786049724081,78.0,-21.0,99.0,18.064911207958858,675.1314106816947,True
3117.9155045950424,686763.5721604099,4356216.826256448,4062.875897795474,17.411426351939554,20.492809905683835,18.774544948651815,194.83131255319495,4.0,-14.0,18.0,18.513944481729823,47.50157473910667,True,833.3850239805533,61.0,-20.0,81.0,19.200573567750553,589.142340309598,True,1663.0955969608149,124.0,-23.0,147.0,19.200573567750553,1388.0239336333905,True,1029.906485929675,81.0,-21.0,102.0,19.200573567750553,771.7888046498942,True
3127.8986169388404,686763.1094226069,4356206.853874296,4058.0040752964783,18.896357849633432,19.369665413772665,19.72715117433461,220.46221611056512,4.0,-14.0,18.0,19.913066002324058,53.198794248761715,True,951.6799047213954,65.0,-21.0,86.0,20.65182210157309,679.8905053308138,True,2443.9276802123586,236.0,-24.0,260.0,20.65182210157309,2138.274472422514,True,1169.2961485831138,83.0,-23.0,106.0,20.65182210157309,882.0264203625009,True
3137.881729282633,686762.646684804,4356196.8814921435,4053.0097212212586,20.418636971760407,18.886989764699514,20.550751121165167,249.24943909690273,4.0,-15.0,19.0,21.48015762464479,59.4195938249527,True,1091.9457696720374,69.0,-23.0,92.0,22.23905184925411,785.7266777276025,True,2648.5640712911336,221.0,-25.0,246.0,22.23905184925411,2304.1322816212587,True,1332.6652092795714,85.0,-24.0,109.0,22.23905184925411,1008.4526468312965,True
3147.864841626431,686762.183947001,4356186.909109991,4046.5952395447875,22.373770986748696,18.47608128045985,21.143337294280357,286.71239438821976,4.0,-17.0,21.0,23.48057662040651,67.36317649431294,True,1249.1735689952052,71.0,-24.0,95.0,24.176227592283112,900.5966603828808,True,2972.2764074326005,214.0,-27.0,241.0,24.176227592283112,2580.1898957435887,True,1517.0122822688581,90.0,-26.0,116.0,24.176227592283112,1147.7370375996513,True
3157.847953970229,686761.721209198,4356176.936727839,4039.508993030616,24.533658924268366,18.125158095561705,21.77680071644632,327.61752435850167,4.0,-18.0,22.0,25.604593456019757,75.89926762274035,True,1434.8137745318343,75.0,-26.0,101.0,26.36108661669391,1039.6647565082503,True,3426.1263822540996,205.0,-29.0,234.0,26.36108661669391,2981.3875739335153,True,1732.5726262571402,102.0,-28.0,130.0,26.36108661669391,1313.614362986987,True
3167.8310663140214,686761.2584713951,4356166.964345686,4032.967443084113,26.527523347962415,18.187710028005164,22.109615819187507,370.848463494553,4.0,-19.0,23.0,27.666862788614935,83.96285769549877,True,1641.6334526561666,78.0,-28.0,106.0,28.458457283989674,1192.3311289603178,True,3902.535728902725,198.0,-31.0,229.0,28.458457283989674,3396.5971893773894,True,2012.4761441713215,124.0,-30.0,154.0,28.458457283989674,1535.5380673299044,True
3177.8141786578194,686760.7957335921,4356156.991963534,4025.0179282372246,28.95053547329394,19.34940852530655,22.29579904932419,426.944014685158,4.0,-20.0,24.0,29.99420470106702,93.47833779116922,True,1866.1738782530567,89.0,-30.0,119.0,30.624956541591473,1351.954232887238,True,4328.206699206846,195.0,-33.0,228.0,30.624956541591473,3749.913149958017,True,2382.988926247573,148.0,-31.0,179.0,30.624956541591473,1837.2098445135996,True
3187.797291001612,686760.3329957892,4356147.019581381,4017.6715272458914,31.189718495452325,20.483599451200824,21.987855378788453,475.10019009965526,4.0,-21.0,25.0,32.267272790579,102.52585141343911,True,2102.913178139843,103.0,-31.0,134.0,32.95798865824963,1532.5533481341035,True,4637.85350416509,187.0,-35.0,222.0,32.95798865824963,3995.542245063322,True,2826.620670349544,162.0,-33.0,195.0,32.95798865824963,2220.6111864139075,True
3197.78040334541,686759.8702579862,4356137.047199229,4013.9986506925866,32.30921126889962,20.2871344101299,21.250885990549435,518.9088004956484,4.0,-23.0,27.0,33.544272419547724,107.24529946433131,True,2379.4935652534114,116.0,-33.0,149.0,34.402101403503366,1748.337649869608,True,4877.193042746791,181.0,-38.0,219.0,34.402101403503366,4163.3643524459985,True,3221.06096044748,152.0,-36.0,188.0,34.402101403503366,2548.6363960849617,True
3207.763515689208,686759.4075201832,4356127.074817076,4008.3179604280167,34.040685661540465,19.43274221308492,20.50371510290793,566.3457536613055,4.0,-24.0,28.0,35.12619926575053,113.99845608068927,True,2672.5922113673128,131.0,-36.0,167.0,35.909338377140784,1972.8586086401563,True,4981.499588386947,171.0,-41.0,212.0,35.909338377140784,4184.6400893684,True,3499.4705911411193,145.0,-39.0,184.0,35.909338377140784,2751.1767936985607,True
3217.7466280330004,686758.9447823804,4356117.102434924,4001.70675925553,36.055779778914484,19.788390749970684,20.149697811972505,628.9480063373285,4.0,-26.0,30.0,37.076656697965745,121.83660243970849,True,3026.5855667089522,125.0,-39.0,164.0,37.77044989812589,2233.918573155188,True,5112.322251043415,162.0,-45.0,207.0,37.77044989812589,4206.1640922937295,True,3780.725437354352,137.0,-42.0,179.0,37.77044989812589,2930.9477233048783,True
3227.7297403767984,686758.4820445774,4356107.130052771,3993.520282191574,38.5510179880082,20.270926869524075,19.745627964661313,704.8150748120904,4.0,-28.0,32.0,39.5335748388718,131.814494133238,True,3449.7261777469657,120.0,-42.0,162.0,40.12185872776604,2543.5249465728725,True,5359.7346501907905,154.0,-49.0,203.0,40.12185872776604,4317.722536020634,True,4150.314469457056,130.0,-45.0,175.0,40.12185872776604,3175.349094559589,True
3237.7128527205964,686758.0193067744,4356097.157670619,3983.2211458567144,41.69019474287347,21.177651836296974,18.830628340242537,807.656623740472,4.0,-30.0,34.0,42.70984705529099,144.40004599215672,True,3959.749422184087,115.0,-47.0,162.0,43.56251051604136,2905.7052656595674,True,5721.206785849894,145.0,-53.0,198.0,44.101159985149934,4500.167891145613,True,4623.089144258199,124.0,-50.0,174.0,43.56251051604136,3483.1730884657118,True
3247.695965064389,686757.5565689715,4356087.1852884665,3968.768947469268,46.09522481136719,15.58757398646897,18.58696112813119,980.5821323544806,4.0,-34.0,38.0,47.35561414243284,162.6533162219407,True,4177.343793214811,112.0,-49.0,161.0,48.099358142169876,2886.709635272127,True,5837.182940824924,138.0,-58.0,196.0,48.099358142169876,4353.89209625824,True,4813.773365992786,120.0,-54.0,174.0,48.099358142169876,3426.1664414672637,True
3257.679077408187,686757.0938311685,4356077.212906314,3971.1666718442893,45.36439842186064,15.567696000444407,18.826685607548917,913.8599595092996,4.0,-32.0,36.0,46.68304884763461,159.7306883393485,True,3657.386427741108,109.0,-49.0,158.0,47.47472765092971,2481.1363957932354,True,5215.845290801733,131.0,-56.0,187.0,47.47472765092971,3853.8228652454013,True,4261.988059118982,117.0,-53.0,170.0,47.47472765092971,2990.1933088667533,True
3267.662189751985,686756.6310933655,4356067.240524162,3982.865377178534,41.7986330359829,17.013748380475164,19.51893052071293,822.9627066727294,4.0,-30.0,34.0,42.6518875743036,144.44162589704092,True,3213.22539659329,105.0,-45.0,150.0,43.19617377864165,2151.825768021654,True,4649.436081335339,127.0,-52.0,179.0,43.19617377864165,3431.6182869364925,True,3767.1377207254504,113.0,-49.0,162.0,43.19617377864165,2626.015541458918,True
3277.6453020957774,686756.1683555626,4356057.268142009,3991.296638208162,39.228784674152166,18.334372261473984,19.29984233880507,748.8719004979603,4.0,-29.0,33.0,39.72658603661125,133.53050967189347,True,2907.8804083276973,101.0,-43.0,144.0,40.11365201633248,1946.3130589159464,True,4224.425173310959,122.0,-49.0,171.0,40.11365201633248,3122.3156357188573,True,3411.8855500463987,108.0,-46.0,154.0,40.11365201633248,2378.985735739196,True
3287.6284144395754,686755.7056177596,4356047.295759857,3999.216332606073,36.814861821668956,17.51539247603009,19.672611754727797,671.7214500130385,4.0,-27.0,31.0,37.18141374189827,123.64533003124484,True,2648.2831694817864,94.0,-40.0,134.0,37.445342234061854,1797.5893161044116,True,3816.2791903891975,117.0,-46.0,163.0,37.445342234061854,2844.5592011894983,True,3090.9367413966293,103.0,-43.0,146.0,37.445342234061854,2179.1049656379914,True
3297.611526783368,686755.2428799567,4356037.323377704,4007.4300032413776,34.31133501202817,15.979419105535706,19.442321460126916,578.9794926584129,4.0,-25.0,29.0,34.927555924260105,114.18099846327732,True,2360.018427443985,87.0,-37.0,124.0,35.351473300795305,1636.5796608550738,True,3378.133357012518,111.0,-42.0,153.0,35.351473300795305,2552.751549519252,True,2735.359154533925,95.0,-40.0,135.0,35.351473300795305,1960.8388920488687,True
3307.594639127166,686754.7801421537,4356027.350995552,4014.000535365597,32.30863682056611,13.769830844488046,20.05015150367342,511.18198761108033,4.0,-23.0,27.0,32.9698258344049,106.2402704672595,True,2192.1857757556895,81.0,-34.0,115.0,33.565167504388455,1562.8825687692088,True,3061.1603677304092,104.0,-38.0,142.0,33.565167504388455,2347.0022753553785,True,2512.2198101264107,90.0,-36.0,126.0,33.565167504388455,1840.515315431966,True
3317.577751470964,686754.3174043507,4356017.378613399,4018.7164899447057,30.871213864853644,10.12392751569576,21.204043655247858,471.8696207575233,4.0,-22.0,26.0,32.20558652810337,101.39386617479272,True,2144.144957530867,78.0,-31.0,109.0,33.33096803539047,1574.7677227279937,True,2915.3226480691546,97.0,-35.0,132.0,33.33096803539047,2273.702892666129,True,2435.0484612283267,85.0,-33.0,118.0,33.33096803539047,1829.9198028165195,True
3327.5608638147564,686753.8546665478,4356007.406231247,4015.790893591783,31.762935633224515,5.554675252143823,23.011274173752128,468.7313239414416,4.0,-21.0,25.0,33.34659391014634,105.91024955913622,True,2128.4523839093154,75.0,-30.0,105.0,34.08069615753334,1578.1901038728156,True,2822.2640976217776,92.0,-34.0,126.0,34.08069615753334,2206.637157391157,True,2391.5167751132403,81.0,-32.0,113.0,34.08069615753334,1809.1412672038205,True
3337.5439761585544,686753.3919287449,4355997.433849094,4014.1733994358256,32.2559478519604,2.186152500284305,24.725298647422644,475.24149214093495,4.0,-21.0,25.0,33.72556317176418,107.50196254220577,True,2020.8085638641458,70.0,-29.0,99.0,34.79146416360663,1473.7541935335641,True,2650.8326942322883,89.0,-33.0,122.0,34.79146416360663,2042.0923689603399,True,2257.6302467383175,77.0,-31.0,108.0,34.79146416360663,1680.3318251258024,True
3347.5270885023524,686752.9291909419,4355987.461466942,4015.7205071977155,31.78438940613637,0.2921174347730431,25.451806209908323,465.7033368950499,4.0,-21.0,25.0,33.48000282576254,106.15007906056212,True,1835.339913718304,64.0,-29.0,93.0,34.65492831423262,1296.2254590303971,True,2407.6867036743524,85.0,-33.0,118.0,34.90960093452941,1807.2014647854996,True,2043.0193080855151,74.0,-31.0,105.0,34.65492831423262,1473.645165609029,True
3357.510200846145,686752.466453139,4355977.4890847895,4017.487948103359,31.245673418096203,1.63895168742778,25.5766112545086,457.51336482034117,4.0,-21.0,25.0,32.84069192817856,103.67804372174828,True,1721.5313557400416,60.0,-29.0,89.0,33.82898884878182,1188.4209940832009,True,2202.3199789886094,80.0,-32.0,112.0,33.82898884878182,1608.0706534511073,True,1893.9153543701498,66.0,-31.0,97.0,33.82898884878182,1330.6142289111328,True
3367.493313189943,686752.003715336,4355967.516702637,4019.5438235835145,30.619042571744785,3.240327688137075,25.444504588378972,448.04649992079817,4.0,-20.0,24.0,32.05510621319604,101.01202798443705,True,1640.1353613890685,57.0,-29.0,86.0,33.03731072574169,1113.8928464741925,True,2089.486906684083,77.0,-33.0,110.0,33.19327814211147,1500.6664259092831,True,1803.573575559071,64.0,-31.0,95.0,33.03731072574169,1246.2888772027995,True
3377.4764255337354,686751.5409775331,4355957.544320485,4021.543345304039,30.00958835132883,5.017255428902108,24.933784224709072,437.1223179460185,4.0,-20.0,24.0,31.68339916649643,98.90006116042582,True,1515.1715937321512,54.0,-29.0,83.0,32.93328433158922,998.5033501370556,True,1888.7044844220852,68.0,-33.0,101.0,33.82779559412961,1310.1926015982779,True,1656.6078890472374,59.0,-31.0,90.0,33.20279559412961,1109.4735840837318,True
3387.4595378775334,686751.0782397301,4355947.571938332,4020.113772183394,30.445322238501603,6.119571825910267,24.70443933341528,435.4589187973902,4.0,-20.0,24.0,32.10770294095278,100.6874772797421,True,1333.0380319231137,48.0,-29.0,77.0,33.60585302300274,821.1960870869937,True,1644.275167751137,62.0,-33.0,95.0,33.82013873728852,1070.1764802813884,True,1451.0516133750498,53.0,-31.0,84.0,33.69513873728852,908.4892030760807,True
3397.4426502213314,686750.6155019271,4355937.59955618,4024.128558396328,29.221615400799237,5.822863811353347,25.115397676719574,438.10189179496297,4.0,-21.0,25.0,30.619354847900695,95.63341060907896,True,1124.085765611693,41.0,-30.0,71.0,30.619354847900695,595.172835167002,True,1360.8133976001072,53.0,-34.0,87.0,30.619354847900695,766.492552878746,True,1215.5459527018725,45.0,-32.0,77.0,30.619354847900695,654.3145155203465,True
3407.425762565124,686750.1527641242,4355927.627174027,4030.1341931492166,27.391097928118825,5.411581996950201,23.68739113580575,373.2714482857366,4.0,-19.0,23.0,27.61096331397698,81.25441517051104,True,865.0708404720485,34.0,-29.0,63.0,27.61096331397698,405.12004105792903,True,1031.1094869213346,44.0,-33.0,77.0,27.61096331397698,510.11993784590845,True,931.2797853834456,37.0,-31.0,68.0,27.61096331397698,441.50052592119437,True
3417.408874908922,686749.6900263212,4355917.654791875,4050.1658493902023,21.28544910586629,4.999932854428799,22.708154640876568,320.34414417152993,4.0,-18.0,22.0,22.684912859297356,58.208989513353345,True,659.0315573488763,27.0,-26.0,53.0,23.515041264193542,251.29477082798599,True,767.1848270444805,35.0,-30.0,65.0,23.515041264193542,308.295015312199,True,703.5438538744261,30.0,-28.0,58.0,23.515041264193542,271.28767053679144,True
3427.39198725272,686749.2272885182,4355907.682409722,4070.934627302884,14.95512559808094,4.743505606420464,21.524001319707967,227.22247995025577,4.0,-18.0,22.0,16.399083410262165,34.23446837902611,True,462.03131419464967,22.0,-25.0,47.0,16.921697678015107,131.4489294968232,True,532.8597994654942,27.0,-28.0,55.0,16.921697678015107,157.02309018335495,True,492.6970793906273,23.0,-26.0,49.0,16.921697678015107,140.55965326545447,True
3437.3750995965124,686748.7645507153,4355897.71002757,4081.5575503135115,11.717258664441715,5.37226942831048,20.726044702969382,135.23898925381604,4.0,-14.0,18.0,11.903614171025993,20.234220116699817,True,291.80002341925524,16.0,-24.0,40.0,11.903614171025993,52.527801284112456,True,338.81117695592866,20.0,-26.0,46.0,11.903614171025993,57.74047024723063,True,313.82750236298443,17.0,-25.0,42.0,11.903614171025993,54.49873981485575,True
3447.3582119403104,686748.3018129123,4355887.737645417,4094.01458229548,7.920355316337691,5.909736221542513,20.08718943122377,78.34453724673676,4.0,-10.0,14.0,8.11614827096355,5.938059131706723,True,145.05603964486522,12.0,-18.0,30.0,8.132112247370742,6.923051909474452,True,167.9732685988763,13.0,-23.0,36.0,8.132112247370742,6.923051909474452,True,155.4962902709617,12.0,-21.0,33.0,8.132112247370742,6.923051909474452,True
3457.341324284103,686747.8390751095,4355877.765263265,4109.865026202508,3.0891400134757987,7.039558656127665,18.260153809730017,23.518902402556705,4.0,-6.0,10.0,3.0891400134757987,0.0,True,40.541390455201054,8.0,-11.0,19.0,3.3355389592150004,0.0,True,44.21584007822344,9.0,-12.0,21.0,3.3355389592150004,0.0,True,42.14853331234394,8.0,-11.0,19.0,3.3355389592150004,0.0,True
3467.324436627901,686747.3763373065,4355867.792881113,4125.715763076708,-1.7421645857805288,4.418427571288959,15.468864263035677,0.0,,,,0.0,0.0,True,0.0,,,,0.0,0.0,True,0.0,,,,0.0,0.0,True,0.0,,,,0.0,0.0,True
3475.632881904347,686745.0729845755,4355859.810097819,4139.212818794712,-5.856067168628215,16.856468966416887,21.702458190314896,0.0,,,,0.0,0.0,True,0.0,,,,0.0,0.0,True,0.0,,,,0.0,0.0,True,0.0,,,,0.0,0.0,True
3485.6159942481386,686735.0947889732,4355860.12337819,4143.025263810257,-7.018100409366298,24.356703242481508,27.028831480825453,0.0,,,,0.0,0.0,True,0.0,,,,0.0,0.0,True,0.0,,,,0.0,0.0,True,0.0,,,,0.0,0.0,True
3495.5991065920175,686725.1165933708,4355860.43665856,4150.484477806264,-9.291668835349356,24.919769857481484,26.971104047373522,0.0,,,,0.0,0.0,True,0.0,,,,0.0,0.0,True,0.0,,,,0.0,0.0,True,0.0,,,,0.0,0.0,True
3505.58221893578,686715.1383977685,4355860.74993893,4158.055099515571,-11.599194332346087,26.167222192767763,26.279839325187673,0.0,,,,0.0,0.0,True,0.0,,,,0.0,0.0,True,0.0,,,,0.0,0.0,True,0.0,,,,0.0,0.0,True
3515.5653312795425,686705.1602021662,4355861.0632193005,4164.406432883114,-13.535080742773062,27.306109775121147,25.65326224997432,0.0,,,,0.0,0.0,True,0.0,,,,0.0,0.0,True,0.0,,,,0.0,0.0,True,0.0,,,,0.0,0.0,True
3525.5484436234215,686695.1820065638,4355861.376499671,4172.223404752586,-15.917693768588151,27.635279848076802,25.30630943199011,0.0,,,,0.0,0.0,True,0.0,,,,0.0,0.0,True,0.0,,,,0.0,0.0,True,0.0,,,,0.0,0.0,True
3535.531555967213,686685.2038109615,4355861.689780042,4177.562157941155,-17.544945740464073,27.071515059916255,25.186642286818678,0.0,,,,0.0,0.0,True,0.0,,,,0.0,0.0,True,0.0,,,,0.0,0.0,True,0.0,,,,0.0,0.0,True
3545.5146683109756,686675.2256153591,4355862.003060412,4182.129120889021,-18.93695604697359,26.598754253050934,25.328079826723563,0.0,,,,0.0,0.0,True,0.0,,,,0.0,0.0,True,0.0,,,,0.0,0.0,True,0.0,,,,0.0,0.0,True
3555.497780654738,686665.2474197568,4355862.316340782,4184.280659074586,-19.592744885933826,26.56194295802049,25.82225746095416,0.0,,,,0.0,0.0,True,0.0,,,,0.0,0.0,True,0.0,,,,0.0,0.0,True,0.0,,,,0.0,0.0,True
3565.480892998617,686655.2692241544,4355862.629621152,4186.519976220385,-20.27528875197322,25.54790022143341,26.20651745949935,0.0,,,,0.0,0.0,True,0.0,,,,0.0,0.0,True,0.0,,,,0.0,0.0,True,0.0,,,,0.0,0.0,True
3575.4640053424087,686645.2910285521,4355862.942901523,4188.613314632447,-20.913338299969837,23.361419369005716,26.580257659456954,0.0,,,,0.0,0.0,True,0.0,,,,0.0,0.0,True,0.0,,,,0.0,0.0,True,0.0,,,,0.0,0.0,True
3585.447117686171,686635.3128329498,4355863.256181893,4192.151362587215,-21.991735316583117,22.50435171329281,26.564361619069704,0.0,,,,0.0,0.0,True,0.0,,,,0.0,0.0,True,0.0,,,,0.0,0.0,True,0.0,,,,0.0,0.0,True
3595.43023003005,686625.3346373474,4355863.569462263,4196.4566720053135,-23.303993627219597,21.977009989849908,26.393008736395156,0.0,,,,0.0,0.0,True,0.0,,,,0.0,0.0,True,0.0,,,,0.0,0.0,True,0.0,,,,0.0,0.0,True
3605.4133423738126,686615.3564417451,4355863.882742633,4204.828082070838,-25.855599415191364,21.951601431338606,26.02419771777483,0.0,,,,0.0,0.0,True,0.0,,,,0.0,0.0,True,0.0,,,,0.0,0.0,True,0.0,,,,0.0,0.0,True
3615.396454717575,686605.3782461428,4355864.196023003,4211.5794319966035,-27.913410872564782,21.81791444627588,25.16258149005444,0.0,,,,0.0,0.0,True,0.0,,,,0.0,0.0,True,0.0,,,,0.0,0.0,True,0.0,,,,0.0,0.0,True
3625.3795670613667,686595.4000505405,4355864.509303374,4220.382680711313,-30.59664108080824,21.900896900853475,24.07983116165635,0.0,,,,0.0,0.0,True,0.0,,,,0.0,0.0,True,0.0,,,,0.0,0.0,True,0.0,,,,0.0,0.0,True
3635.3626794052457,686585.421854938,4355864.822583744,4226.809692004111,-32.55559412285288,22.092504564182757,23.24725822553141,0.0,,,,0.0,0.0,True,0.0,,,,0.0,0.0,True,0.0,,,,0.0,0.0,True,0.0,,,,0.0,0.0,True
3645.345791749008,686575.4436593357,4355865.135864114,4231.738390055862,-34.05786128902673,21.910598528853455,22.058717670083347,0.0,,,,0.0,0.0,True,0.0,,,,0.0,0.0,True,0.0,,,,0.0,0.0,True,0.0,,,,0.0,0.0,True
3655.3289040927707,686565.4654637334,4355865.4491444845,4234.315571552622,-34.84338620923904,21.456788368783492,20.950386434755853,0.0,,,,0.0,0.0,True,0.0,,,,0.0,0.0,True,0.0,,,,0.0,0.0,True,0.0,,,,0.0,0.0,True
3665.3120164366787,686555.487268131,4355865.7624248555,4233.294142640317,-34.53205467676844,20.55834777403638,20.34674201444,0.0,,,,0.0,0.0,True,0.0,,,,0.0,0.0,True,0.0,,,,0.0,0.0,True,0.0,,,,0.0,0.0,True
3675.2951287804412,686545.5090725287,4355866.075705226,4229.808476895222,-33.46962375766384,19.048109600496215,19.62907918326017,0.0,,,,0.0,0.0,True,0.0,,,,0.0,0.0,True,0.0,,,,0.0,0.0,True,0.0,,,,0.0,0.0,True
3685.2782411242038,686535.5308769264,4355866.388985596,4225.20429303229,-32.066268516241735,17.02089020674923,19.665680335984593,0.0,,,,0.0,0.0,True,0.0,,,,0.0,0.0,True,0.0,,,,0.0,0.0,True,0.0,,,,0.0,0.0,True
3695.2613534680827,686525.552681324,4355866.702265966,4212.442848992359,-28.176580372871058,14.476890819685588,20.298537273906927,0.0,,,,0.0,0.0,True,0.0,,,,0.0,0.0,True,0.0,,,,0.0,0.0,True,0.0,,,,0.0,0.0,True
3705.244465811845,686515.5744857216,4355867.015546336,4198.131292848327,-23.814418060170055,12.30270033359811,20.636429203777986,0.0,,,,0.0,0.0,True,0.0,,,,0.0,0.0,True,0.0,,,,0.0,0.0,True,0.0,,,,0.0,0.0,True
3715.227578155637,686505.5962901193,4355867.328826707,4186.871913463575,-20.382559223697626,10.86097061759415,20.554118932887373,0.0,,,,0.0,0.0,True,0.0,,,,0.0,0.0,True,0.0,,,,0.0,0.0,True,0.0,,,,0.0,0.0,True
3725.2106904993993,686495.618094517,4355867.642107077,4176.544916342361,-17.23489050115154,10.332144835123751,20.036313854590198,0.0,,,,0.0,0.0,True,0.0,,,,0.0,0.0,True,0.0,,,,0.0,0.0,True,0.0,,,,0.0,0.0,True
3735.1938028432783,686485.6398989146,4355867.955387447,4166.084263723107,-14.046483582803148,10.005683858074054,19.281601064642576,0.0,,,,0.0,0.0,True,0.0,,,,0.0,0.0,True,0.0,,,,0.0,0.0,True,0.0,,,,0.0,0.0,True
3745.176915187041,686475.6617033123,4355868.268667817,4156.942138742924,-11.259963888843231,9.886605968735061,17.418220427001796,0.0,,,,0.0,0.0,True,0.0,,,,0.0,0.0,True,0.0,,,,0.0,0.0,True,0.0,,,,0.0,0.0,True
3755.1600275308033,686465.68350771,4355868.581948187,4152.610506959938,-9.939682521389159,10.86328693583225,15.460657297174206,0.0,,,,0.0,0.0,True,0.0,,,,0.0,0.0,True,0.0,,,,0.0,0.0,True,0.0,,,,0.0,0.0,True
3765.1431398747113,686455.7053121076,4355868.895228558,4146.551629198771,-8.092936579785146,13.233568067799183,13.94459537295253,0.0,,,,0.0,0.0,True,0.0,,,,0.0,0.0,True,0.0,,,,0.0,0.0,True,0.0,,,,0.0,0.0,True
3775.126252218474,686445.7271165053,4355869.208508928,4140.24178978373,-6.169697526080881,16.48064256484758,11.996765898585037,0.0,,,,0.0,0.0,True,0.0,,,,0.0,0.0,True,0.0,,,,0.0,0.0,True,0.0,,,,0.0,0.0,True
3785.1093645622364,686435.748920903,4355869.521789298,4129.111331617988,-2.777133877162669,19.690931239082275,10.7888986979223,0.0,,,,0.0,0.0,True,0.0,,,,0.0,0.0,True,0.0,,,,0.0,0.0,True,0.0,,,,0.0,0.0,True
3795.0924769061153,686425.7707253005,4355869.8350696685,4126.667152285972,-2.0321480167642676,23.19983071898753,8.642327960483813,0.0,,,,0.0,0.0,True,0.0,,,,0.0,0.0,True,0.0,,,,0.0,0.0,True,0.0,,,,0.0,0.0,True
3805.075589249907,686415.7925296982,4355870.1483500395,4122.530605476037,-0.771328549096097,25.19727297424524,6.988479131432605,0.0,,,,0.0,0.0,True,0.0,,,,0.0,0.0,True,0.0,,,,0.0,0.0,True,0.0,,,,0.0,0.0,True
3815.0587015936694,686405.8143340959,4355870.46163041,4108.4692280963845,3.5145792762220935,26.38326404999319,8.879338826248716,25.280295498323994,4.0,-5.0,9.0,3.859674703568089,0.0,True,48.55519389170081,14.0,-7.0,21.0,3.9713283678161133,0.0,True,210.75029634016323,95.0,-8.0,103.0,4.960121996109592,150.83601119774698,True,54.662645107115395,19.0,-7.0,26.0,3.9713283678161133,2.332879786843023,True
3825.041813937432,686395.8361384936,4355870.77491078,4100.661821664931,5.894276756528825,26.016594249981328,10.48111398164519,46.64475445940525,4.0,-7.0,11.0,6.717857762963149,1.1195932027658273,True,131.4205173428927,23.0,-10.0,33.0,7.203797982019523,39.07484120768913,True,422.94057432396676,108.0,-11.0,119.0,7.203797982019523,317.3409795369871,True,152.08188769688695,30.0,-11.0,41.0,7.203797982019523,54.93695957657383,True
3835.024926281311,686385.8579428912,4355871.08819115,4087.013591299087,10.054257372038364,23.42903570810616,13.22576284244249,99.83227793850074,4.0,-10.0,14.0,10.742573789276094,17.19151786426346,True,287.98241938475326,32.0,-16.0,48.0,11.20841021721958,135.7373177828315,True,772.0310986351058,154.0,-18.0,172.0,11.20841021721958,598.5742466066897,True,333.0067634583877,40.0,-17.0,57.0,11.20841021721958,171.85187765171236,True
3845.0080386250734,686375.8797472889,4355871.40147152,4072.699179021629,14.417290234207485,20.500610063073598,15.276647081074794,163.68771160846177,4.0,-14.0,18.0,15.170313058663169,34.71028098316219,True,517.0829802719741,40.0,-22.0,62.0,15.796518375261257,285.5284709901616,True,1466.376938970458,202.0,-25.0,227.0,15.796518375261257,1197.7527505142955,True,601.9475892622634,50.0,-24.0,74.0,15.796518375261257,353.3503138603146,True
3854.991150968865,686365.9015516866,4355871.714751891,4056.061753869378,19.48837742061346,18.87964831948701,19.372115253275357,258.81561790563774,4.0,-17.0,21.0,20.227066680390408,54.94918857213975,True,866.3363038979126,52.0,-29.0,81.0,20.586045495755343,509.3187056798547,True,1615.932787025659,154.0,-34.0,188.0,20.586045495755343,1195.287707340746,True,1017.840961176245,68.0,-32.0,100.0,20.586045495755343,630.3234362221685,True
3864.974263312744,686355.9233560842,4355872.028032261,4039.947589765611,24.39997463944178,12.392225704724188,22.839472018638848,367.4363632033949,4.0,-20.0,24.0,25.056634674430825,74.5252503049478,True,1301.0339404968881,63.0,-29.0,92.0,25.520365874884874,833.418838329643,True,1894.3829307456813,97.0,-32.0,129.0,25.520365874884874,1367.1895525618902,True,1495.3829781810828,72.0,-30.0,102.0,25.520365874884874,998.4832662953563,True
3874.9573756565064,686345.9451604818,4355872.341312631,4039.7767897741587,24.45203447683639,9.356073465047611,22.583935198177585,343.1445497927955,4.0,-18.0,22.0,24.937245723121805,74.44653153165018,True,1082.2170667342627,52.0,-27.0,79.0,25.07830844101568,659.0172748377172,True,1494.9824801593988,80.0,-31.0,111.0,25.07830844101568,1017.8320793109874,True,1219.7743166398113,61.0,-29.0,90.0,25.07830844101568,770.3618732505204,True
3884.940488000269,686335.9669648795,4355872.654593001,4057.661985327084,19.000626872304792,9.231532797660705,19.837269536395354,242.7225003189551,4.0,-16.0,20.0,19.615492130078337,52.88518747373814,True,727.0864346266994,42.0,-24.0,66.0,19.76984254787817,413.3087187145611,True,993.591154838887,65.0,-27.0,92.0,19.76984254787817,636.8954772638438,True,815.5530288730108,49.0,-26.0,75.0,19.76984254787817,481.6066253443437,True
3894.9236003440606,686325.9887692772,4355872.967873372,4070.474473743906,15.095380402857472,8.560966010345677,17.11296662152359,173.66755364754272,4.0,-13.0,17.0,15.399509874187743,36.62762666915296,True,480.84100669599366,34.0,-20.0,54.0,15.684975012396308,246.2383568927637,True,635.3991759775788,50.0,-23.0,73.0,15.684975012396308,369.5833533646885,True,532.7537549185181,39.0,-22.0,61.0,15.684975012396308,284.06023047533085,True
3904.9067126879395,686316.0105736748,4355873.281153742,4084.932262909518,10.688646265178932,8.342389613741808,14.901736796818527,111.26304241457478,4.0,-11.0,15.0,11.115196869456895,19.23206088764573,True,284.1001173229174,26.0,-17.0,43.0,11.36376221612386,116.07606365192805,True,364.1378239200999,37.0,-19.0,56.0,11.36376221612386,172.75941194057418,True,311.9082332000701,29.0,-18.0,47.0,11.36376221612386,133.82756163093677,True
3914.889825031702,686306.0323780725,4355873.594434112,4097.545840835119,6.844027713455944,8.398150631332948,13.530045672387644,58.68526495320589,4.0,-8.0,12.0,6.844027713455944,2.736707106285621,True,134.49855662819527,18.0,-13.0,31.0,6.995806064458975,23.79936285259555,True,167.43993770714792,26.0,-14.0,40.0,6.995806064458975,40.52661742661803,True,145.76928008172285,21.0,-14.0,35.0,6.995806064458975,28.768959801192977,True
3924.8729373754645,686296.0541824702,4355873.907714482,4112.543956317466,2.2726021144362676,9.309169218003587,12.407950195275351,16.807062093303102,4.0,-5.0,9.0,2.855463023819084,0.0,True,33.926298637543596,11.0,-8.0,19.0,3.2898368480844056,0.0,True,39.72611224968432,14.0,-8.0,22.0,3.2898368480844056,0.0,True,35.81323736585159,12.0,-8.0,20.0,3.2898368480844056,0.0,True
3934.8560497193434,686286.0759868678,4355874.2209948525,4125.334776548078,-1.6260398918541341,10.814761703402285,11.321413575938486,0.0,,,,0.0,0.0,True,0.0,,,,0.0,0.0,True,0.0,,,,0.0,0.0,True,0.0,,,,0.0,0.0,True
3944.839162063135,686276.0977912655,4355874.5342752235,4134.953301690614,-4.557766355299236,12.83004475263911,10.1347131812155,0.0,,,,0.0,0.0,True,0.0,,,,0.0,0.0,True,0.0,,,,0.0,0.0,True,0.0,,,,0.0,0.0,True
3954.8222744068976,686266.1195956632,4355874.847555594,4148.662428973544,-8.736308351136131,14.931690533884407,8.442938312899017,0.0,,,,0.0,0.0,True,0.0,,,,0.0,0.0,True,0.0,,,,0.0,0.0,True,0.0,,,,0.0,0.0,True
3964.8053867507765,686256.1414000607,4355875.160835964,4157.8477281939895,-11.535987553528003,17.0153077518472,6.927622082955646,0.0,,,,0.0,0.0,True,0.0,,,,0.0,0.0,True,0.0,,,,0.0,0.0,True,0.0,,,,0.0,0.0,True
3974.788499094539,686246.1632044584,4355875.474116334,4164.123439142942,-13.448824250768666,18.000217654739533,5.255182416898361,0.0,,,,0.0,0.0,True,0.0,,,,0.0,0.0,True,0.0,,,,0.0,0.0,True,0.0,,,,0.0,0.0,True
3984.7716114383015,686236.1850088561,4355875.787396704,4164.58095433227,-13.588274880475865,17.05125841669683,4.365786262483226,0.0,,,,0.0,0.0,True,0.0,,,,0.0,0.0,True,0.0,,,,0.0,0.0,True,0.0,,,,0.0,0.0,True
3994.754723782093,686226.2068132538,4355876.100677075,4160.545649984709,-12.358314115339226,15.037415831094275,4.122291931382336,0.0,,,,0.0,0.0,True,0.0,,,,0.0,0.0,True,0.0,,,,0.0,0.0,True,0.0,,,,0.0,0.0,True
4004.737836125972,686216.2286176514,4355876.413957445,4154.682515154803,-10.57123061918378,12.144212863001094,3.5328309839473397,0.0,,,,0.0,0.0,True,0.0,,,,0.0,0.0,True,0.0,,,,0.0,0.0,True,0.0,,,,0.0,0.0,True
4014.7209484697346,686206.2504220491,4355876.727237815,4145.12150327041,-7.657034196821087,8.95720531118661,3.8086092076427605,0.0,,,,0.0,0.0,True,0.0,,,,0.0,0.0,True,0.0,,,,0.0,0.0,True,0.0,,,,0.0,0.0,True
4024.704060813497,686196.2722264468,4355877.040518185,4133.639285115226,-4.157254103120977,6.792285077048042,3.5690278029855884,0.0,,,,0.0,0.0,True,0.0,,,,0.0,0.0,True,0.0,,,,0.0,0.0,True,0.0,,,,0.0,0.0,True
4034.687173157405,686186.2940308444,4355877.353798556,4120.053947860468,-0.0164433078705315,5.416242252131027,3.4999577576984544,0.0,,,,0.0,0.0,True,0.0,,,,0.0,0.0,True,0.0,,,,0.0,0.0,True,0.0,,,,0.0,0.0,True
4044.6702855011677,686176.315835242,4355877.667078926,4107.065614838503,3.9424005972241503,5.100639697050419,3.4387314599658834,30.738435781522185,4.0,-6.0,10.0,4.0967214032443735,0.0,True,60.168606283463305,12.0,-10.0,22.0,4.22387173307493,0.0,True,68.48290778422984,15.0,-11.0,26.0,4.22387173307493,0.0,True,63.20626894854422,13.0,-10.0,23.0,4.22387173307493,0.0,True
4054.65339784493,686166.3376396397,4355877.980359296,4094.9011081322633,7.650142241286176,5.638661409643442,2.9606074807810803,69.30179982989239,4.0,-9.0,13.0,7.938089571113778,6.825266199017733,True,155.11440773499544,18.0,-14.0,32.0,8.06805212834115,34.07598457922245,True,185.99181363384128,24.0,-15.0,39.0,8.06805212834115,47.4775319467019,True,166.33534499269285,20.0,-15.0,35.0,8.06805212834115,38.35906330555349,True
4064.6365101886927,686156.3594440374,4355878.293639666,4084.7046721836273,10.758015918430374,6.242427286807524,2.3657628689143144,108.763082735936,4.0,-11.0,15.0,11.194738740381126,19.499112116212018,True,268.88049983273663,24.0,-17.0,41.0,11.35276689588909,105.31732529039868,True,334.34256925437217,33.0,-19.0,52.0,11.35276689588909,147.25674804807136,True,292.4207564219853,27.0,-18.0,45.0,11.35276689588909,118.77854480396059,True
4074.6196225325716,686146.381248435,4355878.6069200365,4075.70973428139,13.499672991032412,6.537798537461346,1.7141031161703897,147.90247219891103,4.0,-13.0,17.0,13.994297224796583,30.56379115094319,True,395.9178403905073,29.0,-20.0,49.0,14.285965980475567,188.38737665137728,True,507.4629005378381,42.0,-23.0,65.0,14.285965980475567,269.4414647021972,True,435.2259705076158,33.0,-21.0,54.0,14.285965980475567,214.0774223679357,True
4084.6027348763632,686136.4030528327,4355878.9202004075,4068.3347511939037,15.747567836098142,6.809375478581939,0.6458090525848963,184.43570085565602,4.0,-14.0,18.0,16.331612891193572,39.7869885342152,True,525.8860969290968,35.0,-22.0,57.0,16.60068037408314,274.0126006396101,True,696.2299315526127,52.0,-26.0,78.0,16.60068037408314,406.5183725185277,True,584.2794201919144,40.0,-24.0,64.0,16.60068037408314,314.9744880919784,True
4094.5858472201257,686126.4248572304,4355879.233480778,4061.9394169740526,17.6968657063087,6.928076876017384,0.7332164230575625,217.41826201274853,4.0,-15.0,19.0,18.20529389775743,47.398220064641464,True,657.786093632518,40.0,-24.0,64.0,18.59370276719119,365.1732362921937,True,896.0279503649967,60.0,-29.0,89.0,18.59370276719119,557.8618013913258,True,739.127663949495,47.0,-27.0,74.0,18.59370276719119,425.1990235197727,True
4104.568959564004,686116.446661628,4355879.546761148,4056.513680407888,19.350630211675707,7.288552796255124,2.7500020401052074,247.13385447176734,4.0,-17.0,21.0,19.87535172359253,54.10936520319433,True,791.544803980609,46.0,-26.0,72.0,20.235007150317642,461.1642914570816,True,1104.442331723005,67.0,-31.0,98.0,20.235007150317642,720.7122802709637,True,899.237202501248,53.0,-29.0,82.0,20.235007150317642,543.6195518851491,True
4114.552071907767,686106.4684660257,4355879.860041518,4051.5053553594194,20.877167686448956,8.120762825179765,5.096176192323248,277.26958835231903,4.0,-17.0,21.0,21.48320984365023,60.34490602853498,True,942.5195469640555,52.0,-28.0,80.0,21.90121469753285,575.7345510188768,True,1335.8647514065067,74.0,-33.0,107.0,21.90121469753285,908.8728342615434,True,1079.4411803310259,59.0,-31.0,90.0,21.90121469753285,684.1729334178981,True
4124.535184251558,686096.4902704234,4355880.173321889,4045.104270092998,22.82821847565424,9.25498781971603,6.796041571411966,317.68501122364705,4.0,-19.0,23.0,23.48861270209727,68.19982465014118,True,1144.849632980046,58.0,-30.0,88.0,23.93710713224641,725.5412612774303,True,1640.1812525032308,82.0,-37.0,119.0,23.93710713224641,1148.2749838280504,True,1319.1653284010372,66.0,-34.0,100.0,23.93710713224641,865.3534371307856,True
4134.518296595437,686086.5120748209,4355880.486602259,4036.5355437657595,25.43996626019657,10.354808255248193,7.206376693126441,383.9321774402731,4.0,-21.0,25.0,26.218375395077828,78.87022648759603,True,1438.261071444762,65.0,-35.0,100.0,26.71620215203575,922.1656056983436,True,2063.098800985623,89.0,-44.0,133.0,26.71620215203575,1448.1603037625555,True,1663.927116372843,73.0,-39.0,112.0,26.71620215203575,1100.5127724319707,True
4144.5014089392,686076.5338792186,4355880.799882629,4023.2581652603,29.486911228660574,11.2775802530967,6.9848543949846,489.42194792551936,4.0,-24.0,28.0,29.99115095679599,94.58962186286817,True,1854.179316260834,73.0,-40.0,113.0,30.33184426775165,1189.8686147514354,True,2635.5094165363817,97.0,-52.0,149.0,30.33184426775165,1835.6774409249626,True,2141.6009847037676,81.0,-45.0,126.0,30.33184426775165,1413.0946371020436,True
4154.484521282962,686066.5556836163,4355881.113162999,4006.839425079738,34.49134323569592,12.044237851931447,6.25690363635425,646.597985235258,4.0,-28.0,32.0,34.928665962631385,114.43100274840253,True,2418.157167165472,80.0,-48.0,128.0,35.13944879806559,1519.1619523153606,True,3402.067131503814,104.0,-66.0,170.0,35.13944879806559,2292.885993813139,True,2786.665575695691,88.0,-56.0,144.0,35.13944879806559,1791.0056604524623,True
4164.467633626725,686056.577488014,4355881.426443369,3985.4344671266895,41.015574419785025,12.432854542030809,4.6110583369443985,876.1112981640576,4.0,-33.0,37.0,41.190326037551586,140.07835231201557,True,3182.5906965449767,87.0,-58.0,145.0,41.38684925190819,1929.6112515127281,True,4432.708732288402,113.0,-86.0,199.0,41.38684925190819,2846.9249530963025,True,3657.0563465638606,96.0,-69.0,165.0,41.38684925190819,2252.5093056425594,True
4174.450745970633,686046.5992924116,4355881.73972374,3962.9100125247332,47.88102818246125,11.813713168151846,3.479728097113116,1154.642615630212,4.0,-39.0,43.0,48.16463157396993,167.72754138420532,True,4127.1084566069385,93.0,-71.0,164.0,48.26772508439058,2423.0311771756,True,5732.382480918932,121.0,-117.0,238.0,48.26772508439058,3483.9139796705504,True,4731.356550142363,102.0,-87.0,189.0,48.26772508439058,2796.613998486907,True
4184.433858314395,686036.6210968093,4355882.05300411,3939.046513188409,55.154622780172986,10.810868329324451,2.3296870821803384,1479.930247279358,4.0,-44.0,48.0,55.30449321690867,196.49738422607948,True,5225.634240473043,99.0,-81.0,180.0,55.44213869500186,2985.2812011037167,True,7354.306706300682,131.0,-143.0,274.0,55.44213869500186,4222.236856255246,True,6008.584172721357,109.0,-107.0,216.0,55.44213869500186,3415.7770777841215,True
4194.416970658158,686026.642901207,4355882.36628448,3915.625356927221,62.29339120858299,9.395889041483207,1.7017443637302838,1852.5309000989828,4.0,-50.0,54.0,62.53868469295321,225.2510085816748,True,6468.064290265567,105.0,-98.0,203.0,62.739326098665515,3584.916676669119,True,9171.761233820604,148.0,-153.0,301.0,62.739326098665515,5015.507275148722,True,7535.706100757958,117.0,-139.0,256.0,62.739326098665515,4075.269808468338,True
4204.400083002037,686016.6647056045,4355882.67956485,3893.311358227421,69.09469801228215,8.20503255138652,0.9674773503035478,2270.5756518365642,4.0,-56.0,60.0,69.54234462994987,252.85512701162202,True,7923.729281666229,112.0,-118.0,230.0,69.83117539929276,4294.989867614405,True,11156.45529543608,171.0,-160.0,331.0,69.83117539929276,5999.997586895265,True,9251.642561250552,125.0,-147.0,272.0,69.83117539929276,4857.981537027241,True
4214.383195345799,686006.6865100022,4355882.9928452205,3867.9223775136766,76.83325933383139,7.1088028866038755,0.34795213203299435,2752.596398045547,4.0,-62.0,66.0,76.95864174087296,283.03791410465533,True,9520.19499426879,119.0,-136.0,255.0,77.17631897903493,5032.703303621323,True,13314.323590446287,193.0,-169.0,362.0,77.17631897903493,7113.996008524274,True,11037.279248347138,134.0,-152.0,286.0,77.17631897903493,5675.566614551746,True
4224.366307689591,685996.7083143999,4355883.3061255915,3843.1365299371523,84.38798567515596,6.1531792929981055,1.0824196209994268,3251.382009267235,4.0,-68.0,72.0,84.38798567515596,312.94723901700013,True,11230.242213587078,126.0,-145.0,271.0,84.38798567515596,5832.409762115943,True,15642.227052042283,205.0,-178.0,383.0,84.38798567515596,8357.632036838857,True,12931.044055616432,144.0,-160.0,304.0,84.38798567515596,6573.123708777939,True
4234.34942003347,685986.7301187975,4355883.619405962,3817.845813210621,92.09659613340273,5.492928015019298,2.220435419567362,3811.625219536426,4.0,-74.0,78.0,92.30244717604273,344.4070671481072,True,13042.502529213154,134.0,-151.0,285.0,92.3174502853808,6681.6807012834515,True,18105.985801154868,215.0,-186.0,401.0,92.3174502853808,9665.334186783617,True,14952.140955666477,156.0,-168.0,324.0,92.3174502853808,7533.936648468221,True
4244.332532377232,685976.7519231952,4355883.932686332,3792.5115938285116,99.81846620106967,5.083310621003703,2.9378973015130194,4393.091776083011,4.0,-79.0,83.0,99.84204869593555,374.9420583103745,True,14943.484415225646,142.0,-156.0,298.0,99.84204869593555,7605.924567258461,True,20623.593110001962,225.0,-191.0,416.0,99.84204869593555,11063.114945730355,True,17088.11111421755,174.0,-173.0,347.0,99.84204869593555,8613.970446745465,True
4254.315644720995,685966.7737275929,4355884.245966702,3769.3581561234564,106.87563401357056,4.921667764709222,3.5767352196107383,4997.092355980641,4.0,-85.0,89.0,106.90438433653776,403.07430603441435,True,16921.945331077615,152.0,-161.0,313.0,106.90438433653776,8584.701267754046,True,23228.869502499103,235.0,-197.0,432.0,106.90438433653776,12524.627229344289,True,19351.762697217422,194.0,-179.0,373.0,106.90438433653776,9809.209400382877,True
4264.2987570647865,685956.7955319906,4355884.559247073,3746.334366007792,113.89328524082498,4.675399175105319,4.323195357204927,5631.112696877097,4.0,-90.0,94.0,113.92648611326354,431.1375623799797,True,19017.826536081855,166.0,-168.0,334.0,113.92648611326354,9634.083309307896,True,25984.351790165543,247.0,-203.0,450.0,113.92648611326354,14050.80020664885,True,21787.99882695391,204.0,-186.0,390.0,113.92648611326354,11099.508808191451,True
4274.281869408665,685946.8173363882,4355884.872527443,3723.1603907400395,120.95671290243604,4.766516380704921,4.836064838781245,6298.976647305482,4.0,-95.0,99.0,120.99945921988933,459.5250013984587,True,21285.759493751306,182.0,-172.0,354.0,120.99945921988933,10794.06822046834,True,28872.118624354363,265.0,-213.0,478.0,120.99945921988933,15659.672192203205,True,24322.28704424043,211.0,-191.0,402.0,120.99945921988933,12455.586821266825,True
4284.264981752428,685936.8391407859,4355885.185807813,3700.000417085263,128.01587287241182,4.52153008299697,5.60884737849852,6983.484181665986,4.0,-100.0,104.0,128.03753985533808,487.63341453016824,True,23644.781352528255,194.0,-177.0,371.0,128.06418308687034,12035.138109031239,True,32029.76145558992,308.0,-225.0,533.0,128.06418308687034,17417.339764700762,True,26936.582527640654,218.0,-202.0,420.0,128.06418308687034,13839.732789547565,True
